ANIO_REGISTRO,MES_REGISTRO,TIPO_ACTA,DE_GENERO,DEPART_CIUDAD_ESTADO_DOM_SOL,PROVINCIA_DOM_SOL,CANT_COPIAS_EMITIDAS
2022,ABRIL,DEFUNCION,FEMENINO,ALEMANIA,COLONIA,1
2022,ABRIL,DEFUNCION,FEMENINO,ALEMANIA,DORTMUND,2
2022,ABRIL,DEFUNCION,FEMENINO,AMAZONAS,BAGUA,11
2022,ABRIL,DEFUNCION,FEMENINO,AMAZONAS,CONDORCANQUI,1
2022,ABRIL,DEFUNCION,FEMENINO,AMAZONAS,RODRIGUEZ DE MENDOZA,4
2022,ABRIL,DEFUNCION,FEMENINO,AMAZONAS,UTCUBAMBA,3
2022,ABRIL,DEFUNCION,FEMENINO,ANCASH,ASUNCION,2
2022,ABRIL,DEFUNCION,FEMENINO,ANCASH,BOLOGNESI,4
2022,ABRIL,DEFUNCION,FEMENINO,ANCASH,CARHUAZ,7
2022,ABRIL,DEFUNCION,FEMENINO,ANCASH,CARLOS FERMIN FITZCARRALD,2
2022,ABRIL,DEFUNCION,FEMENINO,ANCASH,CASMA,4
2022,ABRIL,DEFUNCION,FEMENINO,ANCASH,HUARAZ,26
2022,ABRIL,DEFUNCION,FEMENINO,ANCASH,HUARI,5
2022,ABRIL,DEFUNCION,FEMENINO,ANCASH,HUARMEY,3
2022,ABRIL,DEFUNCION,FEMENINO,ANCASH,HUAYLAS,8
2022,ABRIL,DEFUNCION,FEMENINO,ANCASH,PALLASCA,1
2022,ABRIL,DEFUNCION,FEMENINO,ANCASH,RECUAY,1
2022,ABRIL,DEFUNCION,FEMENINO,ANCASH,SANTA,77
2022,ABRIL,DEFUNCION,FEMENINO,ANCASH,YUNGAY,5
2022,ABRIL,DEFUNCION,FEMENINO,APURIMAC,ABANCAY,13
2022,ABRIL,DEFUNCION,FEMENINO,APURIMAC,ANDAHUAYLAS,5
2022,ABRIL,DEFUNCION,FEMENINO,APURIMAC,AYMARAES,2
2022,ABRIL,DEFUNCION,FEMENINO,APURIMAC,CHINCHEROS,5
2022,ABRIL,DEFUNCION,FEMENINO,APURIMAC,COTABAMBAS,1
2022,ABRIL,DEFUNCION,FEMENINO,APURIMAC,GRAU,3
2022,ABRIL,DEFUNCION,FEMENINO,AREQUIPA,AREQUIPA,320
2022,ABRIL,DEFUNCION,FEMENINO,AREQUIPA,CAMANA,11
2022,ABRIL,DEFUNCION,FEMENINO,AREQUIPA,CARAVELI,6
2022,ABRIL,DEFUNCION,FEMENINO,AREQUIPA,CASTILLA,9
2022,ABRIL,DEFUNCION,FEMENINO,AREQUIPA,CAYLLOMA,23
2022,ABRIL,DEFUNCION,FEMENINO,AREQUIPA,CONDESUYOS,1
2022,ABRIL,DEFUNCION,FEMENINO,AREQUIPA,ISLAY,10
2022,ABRIL,DEFUNCION,FEMENINO,ARGENTINA,BUENOS AIRES,5
2022,ABRIL,DEFUNCION,FEMENINO,ARGENTINA,CORDOBA,1
2022,ABRIL,DEFUNCION,FEMENINO,AYACUCHO,CANGALLO,24
2022,ABRIL,DEFUNCION,FEMENINO,AYACUCHO,HUAMANGA,54
2022,ABRIL,DEFUNCION,FEMENINO,AYACUCHO,HUANCA SANCOS,2
2022,ABRIL,DEFUNCION,FEMENINO,AYACUCHO,HUANTA,5
2022,ABRIL,DEFUNCION,FEMENINO,AYACUCHO,LUCANAS,8
2022,ABRIL,DEFUNCION,FEMENINO,AYACUCHO,PARINACOCHAS,7
2022,ABRIL,DEFUNCION,FEMENINO,AYACUCHO,PAUCAR DEL SARA SARA,3
2022,ABRIL,DEFUNCION,FEMENINO,AYACUCHO,VICTOR FAJARDO,2
2022,ABRIL,DEFUNCION,FEMENINO,CAJAMARCA,CAJABAMBA,3
2022,ABRIL,DEFUNCION,FEMENINO,CAJAMARCA,CAJAMARCA,53
2022,ABRIL,DEFUNCION,FEMENINO,CAJAMARCA,CELENDIN,3
2022,ABRIL,DEFUNCION,FEMENINO,CAJAMARCA,CHOTA,4
2022,ABRIL,DEFUNCION,FEMENINO,CAJAMARCA,CONTUMAZA,2
2022,ABRIL,DEFUNCION,FEMENINO,CAJAMARCA,CUTERVO,10
2022,ABRIL,DEFUNCION,FEMENINO,CAJAMARCA,HUALGAYOC,3
2022,ABRIL,DEFUNCION,FEMENINO,CAJAMARCA,JAEN,16
2022,ABRIL,DEFUNCION,FEMENINO,CAJAMARCA,SAN IGNACIO,12
2022,ABRIL,DEFUNCION,FEMENINO,CAJAMARCA,SAN MARCOS,1
2022,ABRIL,DEFUNCION,FEMENINO,CAJAMARCA,SAN MIGUEL,6
2022,ABRIL,DEFUNCION,FEMENINO,CAJAMARCA,SANTA CRUZ,1
2022,ABRIL,DEFUNCION,FEMENINO,CALLAO,CALLAO,354
2022,ABRIL,DEFUNCION,FEMENINO,CANADA,ONTARIO,1
2022,ABRIL,DEFUNCION,FEMENINO,CHILE,ATACAMA,1
2022,ABRIL,DEFUNCION,FEMENINO,CHILE,SANTIAGO,4
2022,ABRIL,DEFUNCION,FEMENINO,CHILE,VALPARAISO,1
2022,ABRIL,DEFUNCION,FEMENINO,CUSCO,ACOMAYO,1
2022,ABRIL,DEFUNCION,FEMENINO,CUSCO,ANTA,7
2022,ABRIL,DEFUNCION,FEMENINO,CUSCO,CALCA,10
2022,ABRIL,DEFUNCION,FEMENINO,CUSCO,CANAS,5
2022,ABRIL,DEFUNCION,FEMENINO,CUSCO,CANCHIS,8
2022,ABRIL,DEFUNCION,FEMENINO,CUSCO,CHUMBIVILCAS,2
2022,ABRIL,DEFUNCION,FEMENINO,CUSCO,CUSCO,136
2022,ABRIL,DEFUNCION,FEMENINO,CUSCO,ESPINAR,3
2022,ABRIL,DEFUNCION,FEMENINO,CUSCO,LA CONVENCION,13
2022,ABRIL,DEFUNCION,FEMENINO,CUSCO,PARURO,4
2022,ABRIL,DEFUNCION,FEMENINO,CUSCO,PAUCARTAMBO,2
2022,ABRIL,DEFUNCION,FEMENINO,CUSCO,QUISPICANCHI,18
2022,ABRIL,DEFUNCION,FEMENINO,CUSCO,URUBAMBA,10
2022,ABRIL,DEFUNCION,FEMENINO,ESPAŃA,BARCELONA,9
2022,ABRIL,DEFUNCION,FEMENINO,ESPAŃA,MADRID,8
2022,ABRIL,DEFUNCION,FEMENINO,ESPAŃA,NAVARRA,1
2022,ABRIL,DEFUNCION,FEMENINO,ESPAŃA,SEVILLA,1
2022,ABRIL,DEFUNCION,FEMENINO,ESTADOS UNIDOS DE AMERICA,CONNECTICUT,1
2022,ABRIL,DEFUNCION,FEMENINO,ESTADOS UNIDOS DE AMERICA,GEORGIA,1
2022,ABRIL,DEFUNCION,FEMENINO,ESTADOS UNIDOS DE AMERICA,HOUSTON,1
2022,ABRIL,DEFUNCION,FEMENINO,ESTADOS UNIDOS DE AMERICA,MARYLAND,2
2022,ABRIL,DEFUNCION,FEMENINO,ESTADOS UNIDOS DE AMERICA,NUEVA JERSEY,1
2022,ABRIL,DEFUNCION,FEMENINO,ESTADOS UNIDOS DE AMERICA,NUEVA YORK,4
2022,ABRIL,DEFUNCION,FEMENINO,ESTADOS UNIDOS DE AMERICA,SAN FRANCISCO,3
2022,ABRIL,DEFUNCION,FEMENINO,ESTADOS UNIDOS DE AMERICA,TEXAS,1
2022,ABRIL,DEFUNCION,FEMENINO,ESTADOS UNIDOS DE AMERICA,VIRGINIA,4
2022,ABRIL,DEFUNCION,FEMENINO,FRANCIA,ILE DE FRANCE,2
2022,ABRIL,DEFUNCION,FEMENINO,FRANCIA,PARIS,3
2022,ABRIL,DEFUNCION,FEMENINO,HUANCAVELICA,ACOBAMBA,3
2022,ABRIL,DEFUNCION,FEMENINO,HUANCAVELICA,ANGARAES,4
2022,ABRIL,DEFUNCION,FEMENINO,HUANCAVELICA,CASTROVIRREYNA,3
2022,ABRIL,DEFUNCION,FEMENINO,HUANCAVELICA,CHURCAMPA,4
2022,ABRIL,DEFUNCION,FEMENINO,HUANCAVELICA,HUANCAVELICA,7
2022,ABRIL,DEFUNCION,FEMENINO,HUANCAVELICA,HUAYTARA,6
2022,ABRIL,DEFUNCION,FEMENINO,HUANCAVELICA,TAYACAJA,9
2022,ABRIL,DEFUNCION,FEMENINO,HUANUCO,AMBO,28
2022,ABRIL,DEFUNCION,FEMENINO,HUANUCO,DOS DE MAYO,2
2022,ABRIL,DEFUNCION,FEMENINO,HUANUCO,HUAMALIES,3
2022,ABRIL,DEFUNCION,FEMENINO,HUANUCO,HUANUCO,42
2022,ABRIL,DEFUNCION,FEMENINO,HUANUCO,LAURICOCHA,1
2022,ABRIL,DEFUNCION,FEMENINO,HUANUCO,LEONCIO PRADO,24
2022,ABRIL,DEFUNCION,FEMENINO,HUANUCO,MARAŃON,3
2022,ABRIL,DEFUNCION,FEMENINO,HUANUCO,PACHITEA,2
2022,ABRIL,DEFUNCION,FEMENINO,HUANUCO,PUERTO INCA,3
2022,ABRIL,DEFUNCION,FEMENINO,HUANUCO,YAROWILCA,3
2022,ABRIL,DEFUNCION,FEMENINO,ICA,CHINCHA,84
2022,ABRIL,DEFUNCION,FEMENINO,ICA,ICA,191
2022,ABRIL,DEFUNCION,FEMENINO,ICA,NASCA,25
2022,ABRIL,DEFUNCION,FEMENINO,ICA,PISCO,72
2022,ABRIL,DEFUNCION,FEMENINO,ITALIA,BIELLA,1
2022,ABRIL,DEFUNCION,FEMENINO,ITALIA,BOLONIA,1
2022,ABRIL,DEFUNCION,FEMENINO,ITALIA,FLORENCIA,1
2022,ABRIL,DEFUNCION,FEMENINO,ITALIA,LOMBARDIA,1
2022,ABRIL,DEFUNCION,FEMENINO,ITALIA,MILAN,5
2022,ABRIL,DEFUNCION,FEMENINO,ITALIA,ROMA,1
2022,ABRIL,DEFUNCION,FEMENINO,JAPON,GUNMA,1
2022,ABRIL,DEFUNCION,FEMENINO,JUNIN,CHANCHAMAYO,12
2022,ABRIL,DEFUNCION,FEMENINO,JUNIN,CHUPACA,35
2022,ABRIL,DEFUNCION,FEMENINO,JUNIN,CONCEPCION,12
2022,ABRIL,DEFUNCION,FEMENINO,JUNIN,HUANCAYO,163
2022,ABRIL,DEFUNCION,FEMENINO,JUNIN,JAUJA,17
2022,ABRIL,DEFUNCION,FEMENINO,JUNIN,JUNIN,6
2022,ABRIL,DEFUNCION,FEMENINO,JUNIN,SATIPO,8
2022,ABRIL,DEFUNCION,FEMENINO,JUNIN,TARMA,16
2022,ABRIL,DEFUNCION,FEMENINO,JUNIN,YAULI,13
2022,ABRIL,DEFUNCION,FEMENINO,LA LIBERTAD,ASCOPE,58
2022,ABRIL,DEFUNCION,FEMENINO,LA LIBERTAD,CHEPEN,23
2022,ABRIL,DEFUNCION,FEMENINO,LA LIBERTAD,GRAN CHIMU,45
2022,ABRIL,DEFUNCION,MASCULINO,CAJAMARCA,CELENDIN,6
2022,ABRIL,DEFUNCION,MASCULINO,CAJAMARCA,CHOTA,1
2022,ABRIL,DEFUNCION,MASCULINO,CAJAMARCA,CONTUMAZA,3
2022,ABRIL,DEFUNCION,MASCULINO,CAJAMARCA,CUTERVO,10
2022,ABRIL,DEFUNCION,MASCULINO,CAJAMARCA,HUALGAYOC,11
2022,ABRIL,DEFUNCION,MASCULINO,CAJAMARCA,JAEN,34
2022,ABRIL,DEFUNCION,MASCULINO,CAJAMARCA,SAN IGNACIO,11
2022,ABRIL,DEFUNCION,MASCULINO,CAJAMARCA,SAN MARCOS,3
2022,ABRIL,DEFUNCION,MASCULINO,CAJAMARCA,SAN MIGUEL,6
2022,ABRIL,DEFUNCION,MASCULINO,CAJAMARCA,SANTA CRUZ,3
2022,ABRIL,DEFUNCION,MASCULINO,CALLAO,CALLAO,384
2022,ABRIL,DEFUNCION,MASCULINO,CANADA,QUEBEC,1
2022,ABRIL,DEFUNCION,MASCULINO,CHILE,ANTOFAGASTA,1
2022,ABRIL,DEFUNCION,MASCULINO,CHILE,IQUIQUE,1
2022,ABRIL,DEFUNCION,MASCULINO,CHILE,SANTIAGO,4
2022,ABRIL,DEFUNCION,MASCULINO,CUSCO,ACOMAYO,1
2022,ABRIL,DEFUNCION,MASCULINO,CUSCO,ANTA,9
2022,ABRIL,DEFUNCION,MASCULINO,CUSCO,CALCA,8
2022,ABRIL,DEFUNCION,MASCULINO,CUSCO,CANAS,4
2022,ABRIL,DEFUNCION,MASCULINO,CUSCO,CANCHIS,16
2022,ABRIL,DEFUNCION,MASCULINO,CUSCO,CHUMBIVILCAS,8
2022,ABRIL,DEFUNCION,MASCULINO,CUSCO,CUSCO,111
2022,ABRIL,DEFUNCION,MASCULINO,CUSCO,ESPINAR,2
2022,ABRIL,DEFUNCION,MASCULINO,CUSCO,LA CONVENCION,21
2022,ABRIL,DEFUNCION,MASCULINO,CUSCO,PARURO,1
2022,ABRIL,DEFUNCION,MASCULINO,CUSCO,PAUCARTAMBO,2
2022,ABRIL,DEFUNCION,MASCULINO,CUSCO,QUISPICANCHI,10
2022,ABRIL,DEFUNCION,MASCULINO,CUSCO,URUBAMBA,13
2022,ABRIL,DEFUNCION,MASCULINO,ESPAŃA,BARCELONA,1
2022,ABRIL,DEFUNCION,MASCULINO,ESTADOS UNIDOS DE AMERICA,CONNECTICUT,2
2022,ABRIL,DEFUNCION,MASCULINO,ESTADOS UNIDOS DE AMERICA,GEORGIA,1
2022,ABRIL,DEFUNCION,MASCULINO,ESTADOS UNIDOS DE AMERICA,LOS ANGELES,2
2022,ABRIL,DEFUNCION,MASCULINO,ESTADOS UNIDOS DE AMERICA,MIAMI,5
2022,ABRIL,DEFUNCION,MASCULINO,ESTADOS UNIDOS DE AMERICA,NUEVA JERSEY,3
2022,ABRIL,DEFUNCION,MASCULINO,ESTADOS UNIDOS DE AMERICA,OREGON,2
2022,ABRIL,DEFUNCION,MASCULINO,ESTADOS UNIDOS DE AMERICA,SAN FRANCISCO,1
2022,ABRIL,DEFUNCION,MASCULINO,FRANCIA,PARIS,4
2022,ABRIL,DEFUNCION,MASCULINO,GRAN BRETAŃA,LONDRES,1
2022,ABRIL,DEFUNCION,MASCULINO,HUANCAVELICA,ACOBAMBA,6
2022,ABRIL,DEFUNCION,MASCULINO,HUANCAVELICA,CASTROVIRREYNA,4
2022,ABRIL,DEFUNCION,MASCULINO,HUANCAVELICA,CHURCAMPA,8
2022,ABRIL,DEFUNCION,MASCULINO,HUANCAVELICA,HUANCAVELICA,6
2022,ABRIL,DEFUNCION,MASCULINO,HUANCAVELICA,HUAYTARA,5
2022,ABRIL,DEFUNCION,MASCULINO,HUANCAVELICA,TAYACAJA,13
2022,ABRIL,DEFUNCION,MASCULINO,HUANUCO,AMBO,3
2022,ABRIL,DEFUNCION,MASCULINO,HUANUCO,DOS DE MAYO,4
2022,ABRIL,DEFUNCION,MASCULINO,HUANUCO,HUACAYBAMBA,1
2022,ABRIL,DEFUNCION,MASCULINO,HUANUCO,HUAMALIES,7
2022,ABRIL,DEFUNCION,MASCULINO,HUANUCO,HUANUCO,48
2022,ABRIL,DEFUNCION,MASCULINO,HUANUCO,LAURICOCHA,7
2022,ABRIL,DEFUNCION,MASCULINO,HUANUCO,LEONCIO PRADO,19
2022,ABRIL,DEFUNCION,MASCULINO,HUANUCO,MARAŃON,4
2022,ABRIL,DEFUNCION,MASCULINO,HUANUCO,PACHITEA,3
2022,ABRIL,DEFUNCION,MASCULINO,HUANUCO,YAROWILCA,2
2022,ABRIL,DEFUNCION,MASCULINO,ICA,CHINCHA,103
2022,ABRIL,DEFUNCION,MASCULINO,ICA,ICA,140
2022,ABRIL,DEFUNCION,MASCULINO,ICA,NASCA,21
2022,ABRIL,DEFUNCION,MASCULINO,ICA,PALPA,7
2022,ABRIL,DEFUNCION,MASCULINO,ICA,PISCO,37
2022,ABRIL,DEFUNCION,MASCULINO,ITALIA,IMPERIA,2
2022,ABRIL,DEFUNCION,MASCULINO,ITALIA,LOMBARDIA,1
2022,ABRIL,DEFUNCION,MASCULINO,ITALIA,MILAN,2
2022,ABRIL,DEFUNCION,MASCULINO,ITALIA,TOSCANA,2
2022,ABRIL,DEFUNCION,MASCULINO,JUNIN,CHANCHAMAYO,11
2022,ABRIL,DEFUNCION,MASCULINO,JUNIN,CHUPACA,20
2022,ABRIL,DEFUNCION,MASCULINO,JUNIN,CONCEPCION,13
2022,ABRIL,DEFUNCION,MASCULINO,JUNIN,HUANCAYO,207
2022,ABRIL,DEFUNCION,MASCULINO,JUNIN,JAUJA,14
2022,ABRIL,DEFUNCION,MASCULINO,JUNIN,JUNIN,2
2022,ABRIL,DEFUNCION,MASCULINO,JUNIN,SATIPO,3
2022,ABRIL,DEFUNCION,MASCULINO,JUNIN,TARMA,18
2022,ABRIL,DEFUNCION,MASCULINO,JUNIN,YAULI,5
2022,ABRIL,DEFUNCION,MASCULINO,LA LIBERTAD,ASCOPE,26
2022,ABRIL,DEFUNCION,MASCULINO,LA LIBERTAD,CHEPEN,30
2022,ABRIL,DEFUNCION,MASCULINO,LA LIBERTAD,GRAN CHIMU,1
2022,ABRIL,DEFUNCION,MASCULINO,LA LIBERTAD,JULCAN,4
2022,ABRIL,DEFUNCION,MASCULINO,LA LIBERTAD,OTUZCO,19
2022,ABRIL,DEFUNCION,MASCULINO,LA LIBERTAD,PACASMAYO,32
2022,ABRIL,DEFUNCION,MASCULINO,LA LIBERTAD,PATAZ,3
2022,ABRIL,DEFUNCION,MASCULINO,LA LIBERTAD,SANCHEZ CARRION,14
2022,ABRIL,DEFUNCION,MASCULINO,LA LIBERTAD,SANTIAGO DE CHUCO,8
2022,ABRIL,DEFUNCION,MASCULINO,LA LIBERTAD,TRUJILLO,517
2022,ABRIL,DEFUNCION,MASCULINO,LA LIBERTAD,VIRU,10
2022,ABRIL,DEFUNCION,MASCULINO,LAMBAYEQUE,CHICLAYO,140
2022,ABRIL,DEFUNCION,MASCULINO,LAMBAYEQUE,FERREŃAFE,8
2022,ABRIL,DEFUNCION,MASCULINO,LAMBAYEQUE,LAMBAYEQUE,18
2022,ABRIL,DEFUNCION,MASCULINO,LIMA,BARRANCA,23
2022,ABRIL,DEFUNCION,MASCULINO,LIMA,CAJATAMBO,2
2022,ABRIL,DEFUNCION,MASCULINO,LIMA,CANTA,3
2022,ABRIL,DEFUNCION,MASCULINO,LIMA,CAŃETE,41
2022,ABRIL,DEFUNCION,MASCULINO,LIMA,HUARAL,52
2022,ABRIL,DEFUNCION,MASCULINO,LIMA,HUAROCHIRI,18
2022,ABRIL,DEFUNCION,MASCULINO,LIMA,HUAURA,104
2022,ABRIL,DEFUNCION,MASCULINO,LIMA,LIMA,4942
2022,ABRIL,DEFUNCION,MASCULINO,LIMA,OYON,2
2022,ABRIL,DEFUNCION,MASCULINO,LORETO,ALTO AMAZONAS,15
2022,ABRIL,DEFUNCION,MASCULINO,LORETO,DATEM DEL MARAŃON,1
2022,ABRIL,DEFUNCION,MASCULINO,LORETO,LORETO,5
2022,ABRIL,DEFUNCION,MASCULINO,LORETO,MAYNAS,77
2022,ABRIL,DEFUNCION,MASCULINO,LORETO,REQUENA,1
2022,ABRIL,DEFUNCION,MASCULINO,LORETO,UCAYALI,2
2022,ABRIL,DEFUNCION,MASCULINO,MADRE DE DIOS,MANU,3
2022,ABRIL,DEFUNCION,MASCULINO,MADRE DE DIOS,TAHUAMANU,3
2022,ABRIL,DEFUNCION,MASCULINO,MADRE DE DIOS,TAMBOPATA,28
2022,ABRIL,DEFUNCION,MASCULINO,MOQUEGUA,GENERAL SANCHEZ CERRO,1
2022,ABRIL,DEFUNCION,MASCULINO,MOQUEGUA,ILO,26
2022,ABRIL,DEFUNCION,MASCULINO,MOQUEGUA,MARISCAL NIETO,39
2022,ABRIL,DEFUNCION,MASCULINO,PASCO,DANIEL ALCIDES CARRION,1
2022,ABRIL,DEFUNCION,MASCULINO,PASCO,OXAPAMPA,9
2022,ABRIL,DEFUNCION,MASCULINO,PASCO,PASCO,13
2022,ABRIL,DEFUNCION,MASCULINO,PIURA,AYABACA,6
2022,ABRIL,DEFUNCION,MASCULINO,PIURA,HUANCABAMBA,17
2022,ABRIL,DEFUNCION,MASCULINO,PIURA,MORROPON,34
2022,ABRIL,DEFUNCION,MASCULINO,PIURA,PAITA,15
2022,ABRIL,DEFUNCION,MASCULINO,PIURA,PIURA,175
2022,ABRIL,DEFUNCION,MASCULINO,PIURA,SECHURA,14
2022,ABRIL,DEFUNCION,MASCULINO,PIURA,SULLANA,101
2022,ABRIL,DEFUNCION,MASCULINO,PIURA,TALARA,19
2022,ABRIL,DEFUNCION,MASCULINO,PUNO,AZANGARO,7
2022,ABRIL,DEFUNCION,MASCULINO,PUNO,CARABAYA,3
2022,ABRIL,DEFUNCION,MASCULINO,PUNO,CHUCUITO,11
2022,ABRIL,DEFUNCION,MASCULINO,PUNO,EL COLLAO,10
2022,ABRIL,DEFUNCION,MASCULINO,PUNO,HUANCANE,16
2022,ABRIL,DEFUNCION,MASCULINO,PUNO,LAMPA,4
2022,ABRIL,DEFUNCION,MASCULINO,PUNO,MELGAR,3
2022,ABRIL,DEFUNCION,MASCULINO,PUNO,MOHO,8
2022,ABRIL,DEFUNCION,MASCULINO,PUNO,PUNO,30
2022,ABRIL,NACIMIENTO,FEMENINO,APURIMAC,ANTABAMBA,3
2022,ABRIL,NACIMIENTO,FEMENINO,APURIMAC,AYMARAES,8
2022,ABRIL,NACIMIENTO,FEMENINO,APURIMAC,CHINCHEROS,8
2022,ABRIL,NACIMIENTO,FEMENINO,APURIMAC,COTABAMBAS,10
2022,ABRIL,NACIMIENTO,FEMENINO,APURIMAC,GRAU,2
2022,ABRIL,NACIMIENTO,FEMENINO,AREQUIPA,AREQUIPA,383
2022,ABRIL,NACIMIENTO,FEMENINO,AREQUIPA,CAMANA,11
2022,ABRIL,NACIMIENTO,FEMENINO,AREQUIPA,CARAVELI,10
2022,ABRIL,NACIMIENTO,FEMENINO,AREQUIPA,CASTILLA,4
2022,ABRIL,NACIMIENTO,FEMENINO,AREQUIPA,CAYLLOMA,17
2022,ABRIL,NACIMIENTO,FEMENINO,AREQUIPA,CONDESUYOS,2
2022,ABRIL,NACIMIENTO,FEMENINO,AREQUIPA,ISLAY,5
2022,ABRIL,NACIMIENTO,FEMENINO,AREQUIPA,LA UNION,1
2022,ABRIL,NACIMIENTO,FEMENINO,ARGENTINA,BUENOS AIRES,32
2022,ABRIL,NACIMIENTO,FEMENINO,ARGENTINA,CORDOBA,2
2022,ABRIL,NACIMIENTO,FEMENINO,ARGENTINA,LA PLATA,3
2022,ABRIL,NACIMIENTO,FEMENINO,ARGENTINA,MENDOZA,1
2022,ABRIL,NACIMIENTO,FEMENINO,ARGENTINA,SANTA CRUZ,1
2022,ABRIL,NACIMIENTO,FEMENINO,AUSTRALIA,ADELAIDA,1
2022,ABRIL,MATRIMONIO,MASCULINO,ESTADOS UNIDOS DE AMERICA,NUEVA JERSEY,6
2022,ABRIL,MATRIMONIO,MASCULINO,ESTADOS UNIDOS DE AMERICA,NUEVA YORK,2
2022,ABRIL,MATRIMONIO,MASCULINO,ESTADOS UNIDOS DE AMERICA,OREGON,1
2022,ABRIL,MATRIMONIO,MASCULINO,ESTADOS UNIDOS DE AMERICA,PATERSON,3
2022,ABRIL,MATRIMONIO,MASCULINO,ESTADOS UNIDOS DE AMERICA,SAN FRANCISCO,2
2022,ABRIL,MATRIMONIO,MASCULINO,ESTADOS UNIDOS DE AMERICA,VIRGINIA,6
2022,ABRIL,MATRIMONIO,MASCULINO,FRANCIA,ILE DE FRANCE,1
2022,ABRIL,MATRIMONIO,MASCULINO,FRANCIA,PARIS,1
2022,ABRIL,MATRIMONIO,MASCULINO,GRAN BRETAŃA,LONDRES,1
2022,ABRIL,MATRIMONIO,MASCULINO,HUANCAVELICA,ACOBAMBA,3
2022,ABRIL,MATRIMONIO,MASCULINO,HUANCAVELICA,ANGARAES,4
2022,ABRIL,MATRIMONIO,MASCULINO,HUANCAVELICA,CHURCAMPA,1
2022,ABRIL,MATRIMONIO,MASCULINO,HUANCAVELICA,HUANCAVELICA,3
2022,ABRIL,MATRIMONIO,MASCULINO,HUANCAVELICA,TAYACAJA,2
2022,ABRIL,MATRIMONIO,MASCULINO,HUANUCO,AMBO,1
2022,ABRIL,MATRIMONIO,MASCULINO,HUANUCO,HUANUCO,5
2022,ABRIL,MATRIMONIO,MASCULINO,HUANUCO,LAURICOCHA,1
2022,ABRIL,MATRIMONIO,MASCULINO,HUANUCO,LEONCIO PRADO,7
2022,ABRIL,MATRIMONIO,MASCULINO,HUANUCO,MARAŃON,1
2022,ABRIL,MATRIMONIO,MASCULINO,ICA,CHINCHA,11
2022,ABRIL,MATRIMONIO,MASCULINO,ICA,ICA,34
2022,ABRIL,MATRIMONIO,MASCULINO,ICA,NASCA,6
2022,ABRIL,MATRIMONIO,MASCULINO,ICA,PISCO,6
2022,ABRIL,MATRIMONIO,MASCULINO,ITALIA,BOLONIA,1
2022,ABRIL,MATRIMONIO,MASCULINO,ITALIA,COMO,1
2022,ABRIL,MATRIMONIO,MASCULINO,ITALIA,FLORENCIA,1
2022,ABRIL,MATRIMONIO,MASCULINO,ITALIA,LOMBARDIA,1
2022,ABRIL,MATRIMONIO,MASCULINO,ITALIA,MILAN,4
2022,ABRIL,MATRIMONIO,MASCULINO,JAPON,GIFU,2
2022,ABRIL,MATRIMONIO,MASCULINO,JAPON,GUNMA,1
2022,ABRIL,MATRIMONIO,MASCULINO,JAPON,SHIGA,1
2022,ABRIL,MATRIMONIO,MASCULINO,JUNIN,CHANCHAMAYO,2
2022,ABRIL,MATRIMONIO,MASCULINO,JUNIN,CHUPACA,1
2022,ABRIL,MATRIMONIO,MASCULINO,JUNIN,CONCEPCION,3
2022,ABRIL,MATRIMONIO,MASCULINO,JUNIN,HUANCAYO,53
2022,ABRIL,MATRIMONIO,MASCULINO,JUNIN,JAUJA,1
2022,ABRIL,MATRIMONIO,MASCULINO,JUNIN,SATIPO,1
2022,ABRIL,MATRIMONIO,MASCULINO,JUNIN,TARMA,1
2022,ABRIL,MATRIMONIO,MASCULINO,JUNIN,YAULI,2
2022,ABRIL,MATRIMONIO,MASCULINO,LA LIBERTAD,ASCOPE,6
2022,ABRIL,MATRIMONIO,MASCULINO,LA LIBERTAD,CHEPEN,2
2022,ABRIL,MATRIMONIO,MASCULINO,LA LIBERTAD,OTUZCO,1
2022,ABRIL,MATRIMONIO,MASCULINO,LA LIBERTAD,PACASMAYO,2
2022,ABRIL,MATRIMONIO,MASCULINO,LA LIBERTAD,SANCHEZ CARRION,2
2022,ABRIL,MATRIMONIO,MASCULINO,LA LIBERTAD,SANTIAGO DE CHUCO,1
2022,ABRIL,MATRIMONIO,MASCULINO,LA LIBERTAD,TRUJILLO,156
2022,ABRIL,MATRIMONIO,MASCULINO,LA LIBERTAD,VIRU,1
2022,ABRIL,MATRIMONIO,MASCULINO,LAMBAYEQUE,CHICLAYO,71
2022,ABRIL,MATRIMONIO,MASCULINO,LAMBAYEQUE,LAMBAYEQUE,6
2022,ABRIL,MATRIMONIO,MASCULINO,LIMA,BARRANCA,13
2022,ABRIL,MATRIMONIO,MASCULINO,LIMA,CANTA,1
2022,ABRIL,MATRIMONIO,MASCULINO,LIMA,CAŃETE,12
2022,ABRIL,MATRIMONIO,MASCULINO,LIMA,HUARAL,6
2022,ABRIL,MATRIMONIO,MASCULINO,LIMA,HUAROCHIRI,13
2022,ABRIL,MATRIMONIO,MASCULINO,LIMA,HUAURA,8
2022,ABRIL,MATRIMONIO,MASCULINO,LIMA,LIMA,3975
2022,ABRIL,MATRIMONIO,MASCULINO,LIMA,OYON,1
2022,ABRIL,MATRIMONIO,MASCULINO,LORETO,ALTO AMAZONAS,1
2022,ABRIL,MATRIMONIO,MASCULINO,LORETO,LORETO,2
2022,ABRIL,MATRIMONIO,MASCULINO,LORETO,MARISCAL RAMON CASTILLA,1
2022,ABRIL,MATRIMONIO,MASCULINO,LORETO,MAYNAS,38
2022,ABRIL,MATRIMONIO,MASCULINO,LORETO,UCAYALI,1
2022,ABRIL,MATRIMONIO,MASCULINO,MADRE DE DIOS,MANU,2
2022,ABRIL,MATRIMONIO,MASCULINO,MADRE DE DIOS,TAMBOPATA,11
2022,ABRIL,MATRIMONIO,MASCULINO,MEXICO,PUEBLA,1
2022,ABRIL,MATRIMONIO,MASCULINO,MOQUEGUA,ILO,3
2022,ABRIL,MATRIMONIO,MASCULINO,MOQUEGUA,MARISCAL NIETO,3
2022,ABRIL,MATRIMONIO,MASCULINO,PASCO,DANIEL ALCIDES CARRION,1
2022,ABRIL,MATRIMONIO,MASCULINO,PASCO,OXAPAMPA,3
2022,ABRIL,MATRIMONIO,MASCULINO,PASCO,PASCO,4
2022,ABRIL,MATRIMONIO,MASCULINO,PIURA,MORROPON,5
2022,ABRIL,MATRIMONIO,MASCULINO,PIURA,PAITA,3
2022,ABRIL,MATRIMONIO,MASCULINO,PIURA,PIURA,64
2022,ABRIL,MATRIMONIO,MASCULINO,PIURA,SECHURA,2
2022,ABRIL,MATRIMONIO,MASCULINO,PIURA,SULLANA,18
2022,ABRIL,MATRIMONIO,MASCULINO,PIURA,TALARA,8
2022,ABRIL,MATRIMONIO,MASCULINO,PUNO,CARABAYA,2
2022,ABRIL,MATRIMONIO,MASCULINO,PUNO,HUANCANE,1
2022,ABRIL,MATRIMONIO,MASCULINO,PUNO,PUNO,8
2022,ABRIL,MATRIMONIO,MASCULINO,PUNO,SAN ROMAN,5
2022,ABRIL,MATRIMONIO,MASCULINO,SAN MARTIN,LAMAS,1
2022,ABRIL,MATRIMONIO,MASCULINO,SAN MARTIN,MOYOBAMBA,2
2022,ABRIL,MATRIMONIO,MASCULINO,SAN MARTIN,RIOJA,1
2022,ABRIL,MATRIMONIO,MASCULINO,SAN MARTIN,SAN MARTIN,11
2022,ABRIL,MATRIMONIO,MASCULINO,SUIZA,ZURICH,1
2022,ABRIL,MATRIMONIO,MASCULINO,TACNA,TACNA,11
2022,ABRIL,MATRIMONIO,MASCULINO,TAILANDIA,BANGKOK,1
2022,ABRIL,MATRIMONIO,MASCULINO,TUMBES,TUMBES,19
2022,ABRIL,MATRIMONIO,MASCULINO,TUMBES,ZARUMILLA,2
2022,ABRIL,MATRIMONIO,MASCULINO,UCAYALI,CORONEL PORTILLO,24
2022,ABRIL,MATRIMONIO,MASCULINO,UCAYALI,PADRE ABAD,2
2022,ABRIL,MATRIMONIO,MASCULINO,VENEZUELA,CARABOBO,1
2022,ABRIL,NACIMIENTO,FEMENINO,ALEMANIA,BADEN-WÜRTTEMBERG,3
2022,ABRIL,NACIMIENTO,FEMENINO,ALEMANIA,BAJA SAJONIA,2
2022,ABRIL,NACIMIENTO,FEMENINO,ALEMANIA,BAVIERA,1
2022,ABRIL,NACIMIENTO,FEMENINO,ALEMANIA,COLONIA,1
2022,ABRIL,NACIMIENTO,FEMENINO,ALEMANIA,DUSSELDORF,1
2022,ABRIL,NACIMIENTO,FEMENINO,ALEMANIA,MUNICH,1
2022,ABRIL,NACIMIENTO,FEMENINO,ALEMANIA,RENANIA DEL NORTE-WESTFA,3
2022,ABRIL,NACIMIENTO,FEMENINO,AMAZONAS,BAGUA,9
2022,ABRIL,NACIMIENTO,FEMENINO,AMAZONAS,BONGARA,4
2022,ABRIL,NACIMIENTO,FEMENINO,AMAZONAS,CHACHAPOYAS,9
2022,ABRIL,NACIMIENTO,FEMENINO,AMAZONAS,CONDORCANQUI,8
2022,ABRIL,NACIMIENTO,FEMENINO,AMAZONAS,LUYA,7
2022,ABRIL,NACIMIENTO,FEMENINO,AMAZONAS,RODRIGUEZ DE MENDOZA,13
2022,ABRIL,NACIMIENTO,FEMENINO,AMAZONAS,UTCUBAMBA,7
2022,ABRIL,NACIMIENTO,FEMENINO,ANCASH,ANTONIO RAIMONDI,2
2022,ABRIL,NACIMIENTO,FEMENINO,ANCASH,BOLOGNESI,4
2022,ABRIL,NACIMIENTO,FEMENINO,ANCASH,CARHUAZ,3
2022,ABRIL,NACIMIENTO,FEMENINO,ANCASH,CASMA,8
2022,ABRIL,NACIMIENTO,FEMENINO,ANCASH,CORONGO,1
2022,ABRIL,NACIMIENTO,FEMENINO,ANCASH,HUARAZ,13
2022,ABRIL,NACIMIENTO,FEMENINO,ANCASH,HUARI,24
2022,ABRIL,NACIMIENTO,FEMENINO,ANCASH,HUARMEY,4
2022,ABRIL,NACIMIENTO,FEMENINO,ANCASH,HUAYLAS,7
2022,ABRIL,NACIMIENTO,FEMENINO,ANCASH,MARISCAL LUZURIAGA,4
2022,ABRIL,NACIMIENTO,FEMENINO,ANCASH,OCROS,2
2022,ABRIL,NACIMIENTO,FEMENINO,ANCASH,PALLASCA,4
2022,ABRIL,NACIMIENTO,FEMENINO,ANCASH,POMABAMBA,1
2022,ABRIL,NACIMIENTO,FEMENINO,ANCASH,RECUAY,4
2022,ABRIL,NACIMIENTO,FEMENINO,ANCASH,SANTA,176
2022,ABRIL,NACIMIENTO,FEMENINO,ANCASH,SIHUAS,1
2022,ABRIL,NACIMIENTO,FEMENINO,ANCASH,YUNGAY,8
2022,ABRIL,NACIMIENTO,FEMENINO,APURIMAC,ABANCAY,11
2022,ABRIL,NACIMIENTO,FEMENINO,APURIMAC,ANDAHUAYLAS,6
2022,ABRIL,NACIMIENTO,MASCULINO,MOQUEGUA,GENERAL SANCHEZ CERRO,6
2022,ABRIL,NACIMIENTO,MASCULINO,MOQUEGUA,ILO,6
2022,ABRIL,NACIMIENTO,MASCULINO,MOQUEGUA,MARISCAL NIETO,14
2022,ABRIL,NACIMIENTO,MASCULINO,PARAGUAY,ASUNCION,2
2022,ABRIL,NACIMIENTO,MASCULINO,PASCO,DANIEL ALCIDES CARRION,5
2022,ABRIL,NACIMIENTO,MASCULINO,PASCO,OXAPAMPA,4
2022,ABRIL,NACIMIENTO,MASCULINO,PASCO,PASCO,18
2022,ABRIL,NACIMIENTO,MASCULINO,PIURA,AYABACA,12
2022,ABRIL,NACIMIENTO,MASCULINO,PIURA,HUANCABAMBA,9
2022,ABRIL,NACIMIENTO,MASCULINO,PIURA,MORROPON,15
2022,ABRIL,NACIMIENTO,MASCULINO,PIURA,PAITA,34
2022,ABRIL,NACIMIENTO,MASCULINO,PIURA,PIURA,203
2022,ABRIL,NACIMIENTO,MASCULINO,PIURA,SECHURA,7
2022,ABRIL,NACIMIENTO,MASCULINO,PIURA,SULLANA,59
2022,ABRIL,NACIMIENTO,MASCULINO,PIURA,TALARA,31
2022,ABRIL,NACIMIENTO,MASCULINO,POLONIA,POZNAN,1
2022,ABRIL,NACIMIENTO,MASCULINO,PUNO,AZANGARO,11
2022,ABRIL,NACIMIENTO,MASCULINO,PUNO,CARABAYA,1
2022,ABRIL,NACIMIENTO,MASCULINO,PUNO,CHUCUITO,4
2022,ABRIL,NACIMIENTO,MASCULINO,PUNO,HUANCANE,2
2022,ABRIL,NACIMIENTO,MASCULINO,PUNO,LAMPA,2
2022,ABRIL,NACIMIENTO,MASCULINO,PUNO,MELGAR,3
2022,ABRIL,NACIMIENTO,MASCULINO,PUNO,MOHO,3
2022,ABRIL,NACIMIENTO,MASCULINO,PUNO,PUNO,17
2022,ABRIL,NACIMIENTO,MASCULINO,PUNO,SAN ANTONIO DE PUTINA,3
2022,ABRIL,NACIMIENTO,MASCULINO,PUNO,SAN ROMAN,44
2022,ABRIL,NACIMIENTO,MASCULINO,PUNO,SANDIA,4
2022,ABRIL,NACIMIENTO,MASCULINO,PUNO,YUNGUYO,2
2022,ABRIL,NACIMIENTO,MASCULINO,SAN MARTIN,BELLAVISTA,3
2022,ABRIL,NACIMIENTO,MASCULINO,SAN MARTIN,EL DORADO,3
2022,ABRIL,NACIMIENTO,MASCULINO,SAN MARTIN,HUALLAGA,3
2022,ABRIL,NACIMIENTO,MASCULINO,SAN MARTIN,LAMAS,7
2022,ABRIL,NACIMIENTO,MASCULINO,SAN MARTIN,MARISCAL CACERES,5
2022,ABRIL,NACIMIENTO,MASCULINO,SAN MARTIN,MOYOBAMBA,12
2022,ABRIL,NACIMIENTO,MASCULINO,SAN MARTIN,PICOTA,5
2022,ABRIL,NACIMIENTO,MASCULINO,SAN MARTIN,RIOJA,16
2022,ABRIL,NACIMIENTO,MASCULINO,SAN MARTIN,SAN MARTIN,14
2022,ABRIL,NACIMIENTO,MASCULINO,SAN MARTIN,TOCACHE,4
2022,ABRIL,NACIMIENTO,MASCULINO,SUECIA,ESTOCOLMO,1
2022,ABRIL,NACIMIENTO,MASCULINO,SUIZA,GINEBRA,5
2022,ABRIL,NACIMIENTO,MASCULINO,TACNA,CANDARAVE,1
2022,ABRIL,NACIMIENTO,MASCULINO,TACNA,TACNA,47
2022,ABRIL,NACIMIENTO,MASCULINO,TACNA,TARATA,2
2022,ABRIL,NACIMIENTO,MASCULINO,TUMBES,CONTRALMIRANTE VILLAR,4
2022,ABRIL,NACIMIENTO,MASCULINO,TUMBES,TUMBES,68
2022,ABRIL,NACIMIENTO,MASCULINO,TUMBES,ZARUMILLA,18
2022,ABRIL,NACIMIENTO,MASCULINO,UCAYALI,ATALAYA,4
2022,ABRIL,NACIMIENTO,MASCULINO,UCAYALI,CORONEL PORTILLO,50
2022,ABRIL,NACIMIENTO,MASCULINO,UCAYALI,PADRE ABAD,6
2022,ABRIL,NACIMIENTO,MASCULINO,URUGUAY,MONTEVIDEO,2
2022,ABRIL,NACIMIENTO,MASCULINO,VENEZUELA,ARAGUA,1
2022,ABRIL,NACIMIENTO,MASCULINO,VENEZUELA,CARABOBO,1
2022,ABRIL,NACIMIENTO,MASCULINO,VENEZUELA,CARACAS,4
2022,ABRIL,NACIMIENTO,MASCULINO,VENEZUELA,SUCRE,1
2022,ABRIL,NACIMIENTO,MASCULINO,VENEZUELA,TACHIRA,1
2022,ABRIL,NACIMIENTO,MASCULINO,ESPAŃA,TOLEDO,2
2022,ABRIL,NACIMIENTO,MASCULINO,ESPAŃA,VALENCIA,2
2022,ABRIL,NACIMIENTO,MASCULINO,ESPAŃA,VIGO,1
2022,ABRIL,NACIMIENTO,MASCULINO,ESPAŃA,VIZCAYA,1
2022,ABRIL,NACIMIENTO,MASCULINO,ESPAŃA,ZARAGOZA,1
2022,ABRIL,NACIMIENTO,MASCULINO,ESTADOS UNIDOS DE AMERICA,CALIFORNIA,1
2022,ABRIL,NACIMIENTO,MASCULINO,ESTADOS UNIDOS DE AMERICA,CAROLINA DEL NORTE,3
2022,ABRIL,NACIMIENTO,MASCULINO,ESTADOS UNIDOS DE AMERICA,COLORADO,4
2022,ABRIL,NACIMIENTO,MASCULINO,ESTADOS UNIDOS DE AMERICA,CONNECTICUT,8
2022,ABRIL,NACIMIENTO,MASCULINO,ESTADOS UNIDOS DE AMERICA,DALLAS,1
2022,ABRIL,NACIMIENTO,MASCULINO,ESTADOS UNIDOS DE AMERICA,FLORIDA,4
2022,ABRIL,NACIMIENTO,MASCULINO,ESTADOS UNIDOS DE AMERICA,FORT LAUDERDALE,3
2022,ABRIL,NACIMIENTO,MASCULINO,ESTADOS UNIDOS DE AMERICA,GEORGIA,2
2022,ABRIL,NACIMIENTO,MASCULINO,ESTADOS UNIDOS DE AMERICA,HOUSTON,2
2022,ABRIL,NACIMIENTO,MASCULINO,ESTADOS UNIDOS DE AMERICA,ILLINOIS,1
2022,ABRIL,NACIMIENTO,MASCULINO,ESTADOS UNIDOS DE AMERICA,LAS VEGAS,1
2022,ABRIL,NACIMIENTO,MASCULINO,ESTADOS UNIDOS DE AMERICA,LOS ANGELES,11
2022,ABRIL,NACIMIENTO,MASCULINO,ESTADOS UNIDOS DE AMERICA,MARYLAND,7
2022,ABRIL,NACIMIENTO,MASCULINO,ESTADOS UNIDOS DE AMERICA,MIAMI,18
2022,ABRIL,NACIMIENTO,MASCULINO,ESTADOS UNIDOS DE AMERICA,MICHIGAN,1
2022,ABRIL,NACIMIENTO,MASCULINO,ESTADOS UNIDOS DE AMERICA,NUEVA JERSEY,15
2022,ABRIL,NACIMIENTO,MASCULINO,ESTADOS UNIDOS DE AMERICA,NUEVA YORK,16
2022,ABRIL,NACIMIENTO,MASCULINO,ESTADOS UNIDOS DE AMERICA,OHIO,2
2022,ABRIL,NACIMIENTO,MASCULINO,ESTADOS UNIDOS DE AMERICA,OREGON,1
2022,ABRIL,NACIMIENTO,MASCULINO,ESTADOS UNIDOS DE AMERICA,ORLANDO,1
2022,ABRIL,NACIMIENTO,MASCULINO,ESTADOS UNIDOS DE AMERICA,PATERSON,4
2022,ABRIL,NACIMIENTO,MASCULINO,ESTADOS UNIDOS DE AMERICA,PENNSYLVANIA,1
2022,ABRIL,NACIMIENTO,MASCULINO,ESTADOS UNIDOS DE AMERICA,SAN FRANCISCO,20
2022,ABRIL,NACIMIENTO,MASCULINO,ESTADOS UNIDOS DE AMERICA,SEATLE,2
2022,ABRIL,NACIMIENTO,MASCULINO,ESTADOS UNIDOS DE AMERICA,TAMPA,2
2022,ABRIL,NACIMIENTO,MASCULINO,ESTADOS UNIDOS DE AMERICA,UTAH,1
2022,ABRIL,NACIMIENTO,MASCULINO,ESTADOS UNIDOS DE AMERICA,VIRGINIA,7
2022,ABRIL,NACIMIENTO,MASCULINO,FRANCIA,ILE DE FRANCE,1
2022,ABRIL,NACIMIENTO,MASCULINO,FRANCIA,LYON,1
2022,ABRIL,NACIMIENTO,MASCULINO,FRANCIA,PARIS,3
2022,ABRIL,NACIMIENTO,MASCULINO,HOLANDA,LA HAYA,1
2022,ABRIL,NACIMIENTO,MASCULINO,HUANCAVELICA,ACOBAMBA,11
2022,ABRIL,NACIMIENTO,MASCULINO,HUANCAVELICA,ANGARAES,16
2022,ABRIL,NACIMIENTO,MASCULINO,HUANCAVELICA,CASTROVIRREYNA,1
2022,ABRIL,NACIMIENTO,MASCULINO,HUANCAVELICA,CHURCAMPA,5
2022,ABRIL,NACIMIENTO,MASCULINO,HUANCAVELICA,HUANCAVELICA,40
2022,ABRIL,NACIMIENTO,MASCULINO,HUANCAVELICA,HUAYTARA,2
2022,ABRIL,NACIMIENTO,MASCULINO,HUANCAVELICA,TAYACAJA,23
2022,ABRIL,NACIMIENTO,MASCULINO,HUANUCO,AMBO,1
2022,ABRIL,NACIMIENTO,MASCULINO,HUANUCO,DOS DE MAYO,7
2022,ABRIL,NACIMIENTO,MASCULINO,HUANUCO,HUAMALIES,3
2022,ABRIL,NACIMIENTO,MASCULINO,HUANUCO,HUANUCO,20
2022,ABRIL,NACIMIENTO,MASCULINO,HUANUCO,LAURICOCHA,1
2022,ABRIL,NACIMIENTO,MASCULINO,HUANUCO,LEONCIO PRADO,28
2022,ABRIL,NACIMIENTO,MASCULINO,HUANUCO,PACHITEA,4
2022,ABRIL,NACIMIENTO,MASCULINO,HUANUCO,PUERTO INCA,3
2022,ABRIL,NACIMIENTO,MASCULINO,HUANUCO,YAROWILCA,3
2022,ABRIL,NACIMIENTO,MASCULINO,ICA,CHINCHA,54
2022,ABRIL,NACIMIENTO,MASCULINO,ICA,ICA,137
2022,ABRIL,NACIMIENTO,MASCULINO,ICA,NASCA,18
2022,ABRIL,NACIMIENTO,MASCULINO,ICA,PALPA,6
2022,ABRIL,NACIMIENTO,MASCULINO,ICA,PISCO,21
2022,ABRIL,NACIMIENTO,MASCULINO,INDONESIA,JAKARTA,1
2022,ABRIL,NACIMIENTO,MASCULINO,ITALIA,BOLONIA,2
2022,ABRIL,NACIMIENTO,MASCULINO,ITALIA,FLORENCIA,2
2022,ABRIL,NACIMIENTO,MASCULINO,ITALIA,GENOVA,1
2022,ABRIL,NACIMIENTO,MASCULINO,ITALIA,LIVORNO,1
2022,ABRIL,NACIMIENTO,MASCULINO,ITALIA,LOMBARDIA,2
2022,ABRIL,NACIMIENTO,MASCULINO,ITALIA,MARCAS,1
2022,ABRIL,NACIMIENTO,MASCULINO,ITALIA,MILAN,12
2022,ABRIL,NACIMIENTO,MASCULINO,ITALIA,ROMA,2
2022,ABRIL,NACIMIENTO,MASCULINO,ITALIA,TOSCANA,4
2022,ABRIL,NACIMIENTO,MASCULINO,ITALIA,TURIN,1
2022,ABRIL,NACIMIENTO,MASCULINO,ITALIA,VENETO,1
2022,ABRIL,NACIMIENTO,MASCULINO,JAPON,AICHI,2
2022,ABRIL,NACIMIENTO,MASCULINO,JAPON,CHIBA,2
2022,ABRIL,NACIMIENTO,MASCULINO,JAPON,SAITAMA,1
2022,ABRIL,NACIMIENTO,MASCULINO,JAPON,TOKIO,1
2022,ABRIL,NACIMIENTO,MASCULINO,JUNIN,CHANCHAMAYO,5
2022,ABRIL,NACIMIENTO,MASCULINO,JUNIN,CHUPACA,11
2022,ABRIL,NACIMIENTO,MASCULINO,JUNIN,CONCEPCION,15
2022,ABRIL,NACIMIENTO,MASCULINO,JUNIN,HUANCAYO,197
2022,ABRIL,NACIMIENTO,MASCULINO,JUNIN,JAUJA,6
2022,ABRIL,NACIMIENTO,MASCULINO,JUNIN,JUNIN,1
2022,ABRIL,NACIMIENTO,MASCULINO,JUNIN,SATIPO,12
2022,ABRIL,NACIMIENTO,MASCULINO,JUNIN,TARMA,4
2022,ABRIL,NACIMIENTO,MASCULINO,JUNIN,YAULI,9
2022,ABRIL,NACIMIENTO,MASCULINO,LA LIBERTAD,ASCOPE,19
2022,ABRIL,NACIMIENTO,MASCULINO,LA LIBERTAD,BOLIVAR,2
2022,ABRIL,NACIMIENTO,MASCULINO,LA LIBERTAD,CHEPEN,8
2022,ABRIL,NACIMIENTO,MASCULINO,LA LIBERTAD,GRAN CHIMU,3
2022,ABRIL,NACIMIENTO,MASCULINO,LA LIBERTAD,OTUZCO,17
2022,ABRIL,NACIMIENTO,MASCULINO,LA LIBERTAD,PACASMAYO,9
2022,ABRIL,NACIMIENTO,MASCULINO,LA LIBERTAD,PATAZ,11
2022,ABRIL,NACIMIENTO,MASCULINO,LA LIBERTAD,SANCHEZ CARRION,11
2022,ABRIL,NACIMIENTO,MASCULINO,LA LIBERTAD,SANTIAGO DE CHUCO,1
2022,ABRIL,NACIMIENTO,MASCULINO,LA LIBERTAD,TRUJILLO,654
2022,ABRIL,NACIMIENTO,MASCULINO,LA LIBERTAD,VIRU,23
2022,ABRIL,NACIMIENTO,MASCULINO,LAMBAYEQUE,CHICLAYO,202
2022,ABRIL,NACIMIENTO,MASCULINO,LAMBAYEQUE,FERREŃAFE,6
2022,ABRIL,NACIMIENTO,MASCULINO,LAMBAYEQUE,LAMBAYEQUE,37
2022,ABRIL,NACIMIENTO,MASCULINO,LIMA,BARRANCA,23
2022,ABRIL,NACIMIENTO,MASCULINO,LIMA,CAJATAMBO,1
2022,ABRIL,NACIMIENTO,MASCULINO,LIMA,CANTA,10
2022,ABRIL,NACIMIENTO,MASCULINO,LIMA,CAŃETE,51
2022,ABRIL,NACIMIENTO,MASCULINO,LIMA,HUARAL,34
2022,ABRIL,NACIMIENTO,MASCULINO,LIMA,HUAROCHIRI,39
2022,ABRIL,NACIMIENTO,MASCULINO,LIMA,HUAURA,38
2022,ABRIL,NACIMIENTO,MASCULINO,LIMA,LIMA,10643
2022,ABRIL,NACIMIENTO,MASCULINO,LIMA,YAUYOS,3
2022,ABRIL,NACIMIENTO,MASCULINO,LORETO,ALTO AMAZONAS,12
2022,ABRIL,NACIMIENTO,MASCULINO,LORETO,DATEM DEL MARAŃON,4
2022,ABRIL,NACIMIENTO,MASCULINO,LORETO,LORETO,5
2022,ABRIL,NACIMIENTO,MASCULINO,LORETO,MARISCAL RAMON CASTILLA,4
2022,ABRIL,NACIMIENTO,MASCULINO,LORETO,MAYNAS,276
2022,ABRIL,NACIMIENTO,MASCULINO,LORETO,PUTUMAYO,2
2022,ABRIL,NACIMIENTO,MASCULINO,LORETO,REQUENA,4
2022,ABRIL,NACIMIENTO,MASCULINO,MADRE DE DIOS,MANU,2
2022,ABRIL,NACIMIENTO,MASCULINO,MADRE DE DIOS,TAHUAMANU,1
2022,ABRIL,NACIMIENTO,MASCULINO,MADRE DE DIOS,TAMBOPATA,46
2022,ABRIL,NACIMIENTO,MASCULINO,MEXICO,CHIHUAHUA,1
2022,ABRIL,NACIMIENTO,MASCULINO,MEXICO,MONTERREY,1
2022,ABRIL,MATRIMONIO,FEMENINO,JAPON,OSAKA,1
2022,ABRIL,MATRIMONIO,FEMENINO,JAPON,SAITAMA,1
2022,ABRIL,MATRIMONIO,FEMENINO,JAPON,TOKIO,2
2022,ABRIL,MATRIMONIO,FEMENINO,JUNIN,CHANCHAMAYO,2
2022,ABRIL,MATRIMONIO,FEMENINO,JUNIN,CHUPACA,1
2022,ABRIL,MATRIMONIO,FEMENINO,JUNIN,HUANCAYO,7
2022,ABRIL,MATRIMONIO,FEMENINO,JUNIN,JAUJA,1
2022,ABRIL,MATRIMONIO,FEMENINO,JUNIN,SATIPO,1
2022,ABRIL,MATRIMONIO,FEMENINO,JUNIN,YAULI,1
2022,ABRIL,MATRIMONIO,FEMENINO,LA LIBERTAD,ASCOPE,5
2022,ABRIL,MATRIMONIO,FEMENINO,LA LIBERTAD,CHEPEN,2
2022,ABRIL,MATRIMONIO,FEMENINO,LA LIBERTAD,PACASMAYO,2
2022,ABRIL,MATRIMONIO,FEMENINO,LA LIBERTAD,SANCHEZ CARRION,1
2022,ABRIL,MATRIMONIO,FEMENINO,LA LIBERTAD,TRUJILLO,164
2022,ABRIL,MATRIMONIO,FEMENINO,LA LIBERTAD,VIRU,2
2022,ABRIL,MATRIMONIO,FEMENINO,LAMBAYEQUE,CHICLAYO,74
2022,ABRIL,MATRIMONIO,FEMENINO,LAMBAYEQUE,FERREŃAFE,2
2022,ABRIL,MATRIMONIO,FEMENINO,LAMBAYEQUE,LAMBAYEQUE,2
2022,ABRIL,MATRIMONIO,FEMENINO,LIMA,BARRANCA,8
2022,ABRIL,MATRIMONIO,FEMENINO,LIMA,CANTA,1
2022,ABRIL,MATRIMONIO,FEMENINO,LIMA,CAŃETE,9
2022,ABRIL,MATRIMONIO,FEMENINO,LIMA,HUARAL,7
2022,ABRIL,MATRIMONIO,FEMENINO,LIMA,HUAROCHIRI,11
2022,ABRIL,MATRIMONIO,FEMENINO,LIMA,HUAURA,16
2022,ABRIL,MATRIMONIO,FEMENINO,LIMA,LIMA,3584
2022,ABRIL,MATRIMONIO,FEMENINO,LIMA,OYON,1
2022,ABRIL,MATRIMONIO,FEMENINO,LORETO,MAYNAS,61
2022,ABRIL,MATRIMONIO,FEMENINO,MADRE DE DIOS,TAMBOPATA,5
2022,ABRIL,MATRIMONIO,FEMENINO,MOQUEGUA,ILO,3
2022,ABRIL,MATRIMONIO,FEMENINO,MOQUEGUA,MARISCAL NIETO,1
2022,ABRIL,MATRIMONIO,FEMENINO,PASCO,DANIEL ALCIDES CARRION,1
2022,ABRIL,MATRIMONIO,FEMENINO,PASCO,OXAPAMPA,8
2022,ABRIL,MATRIMONIO,FEMENINO,PASCO,PASCO,3
2022,ABRIL,MATRIMONIO,FEMENINO,PIURA,AYABACA,1
2022,ABRIL,MATRIMONIO,FEMENINO,PIURA,HUANCABAMBA,1
2022,ABRIL,MATRIMONIO,FEMENINO,PIURA,MORROPON,12
2022,ABRIL,MATRIMONIO,FEMENINO,PIURA,PAITA,3
2022,ABRIL,MATRIMONIO,FEMENINO,PIURA,PIURA,54
2022,ABRIL,MATRIMONIO,FEMENINO,PIURA,SULLANA,19
2022,ABRIL,MATRIMONIO,FEMENINO,PIURA,TALARA,7
2022,ABRIL,MATRIMONIO,FEMENINO,PUNO,AZANGARO,1
2022,ABRIL,MATRIMONIO,FEMENINO,PUNO,CARABAYA,1
2022,ABRIL,MATRIMONIO,FEMENINO,PUNO,EL COLLAO,1
2022,ABRIL,MATRIMONIO,FEMENINO,PUNO,PUNO,2
2022,ABRIL,MATRIMONIO,FEMENINO,PUNO,SAN ROMAN,7
2022,ABRIL,MATRIMONIO,FEMENINO,PUNO,SANDIA,2
2022,ABRIL,MATRIMONIO,FEMENINO,SAN MARTIN,EL DORADO,1
2022,ABRIL,MATRIMONIO,FEMENINO,SAN MARTIN,LAMAS,1
2022,ABRIL,MATRIMONIO,FEMENINO,SAN MARTIN,MARISCAL CACERES,2
2022,ABRIL,MATRIMONIO,FEMENINO,SAN MARTIN,MOYOBAMBA,2
2022,ABRIL,MATRIMONIO,FEMENINO,SAN MARTIN,RIOJA,1
2022,ABRIL,MATRIMONIO,FEMENINO,SAN MARTIN,SAN MARTIN,5
2022,ABRIL,MATRIMONIO,FEMENINO,SAN MARTIN,TOCACHE,2
2022,ABRIL,MATRIMONIO,FEMENINO,SUIZA,VAUD,1
2022,ABRIL,MATRIMONIO,FEMENINO,TACNA,JORGE BASADRE,1
2022,ABRIL,MATRIMONIO,FEMENINO,TACNA,TACNA,10
2022,ABRIL,MATRIMONIO,FEMENINO,TUMBES,CONTRALMIRANTE VILLAR,3
2022,ABRIL,MATRIMONIO,FEMENINO,TUMBES,TUMBES,21
2022,ABRIL,MATRIMONIO,FEMENINO,TUMBES,ZARUMILLA,1
2022,ABRIL,MATRIMONIO,FEMENINO,UCAYALI,CORONEL PORTILLO,20
2022,ABRIL,MATRIMONIO,MASCULINO,AMAZONAS,CHACHAPOYAS,2
2022,ABRIL,MATRIMONIO,MASCULINO,AMAZONAS,UTCUBAMBA,1
2022,ABRIL,MATRIMONIO,MASCULINO,ANCASH,HUARAZ,3
2022,ABRIL,MATRIMONIO,MASCULINO,ANCASH,HUARI,7
2022,ABRIL,MATRIMONIO,MASCULINO,ANCASH,MARISCAL LUZURIAGA,1
2022,ABRIL,MATRIMONIO,MASCULINO,ANCASH,PALLASCA,1
2022,ABRIL,MATRIMONIO,MASCULINO,ANCASH,RECUAY,1
2022,ABRIL,MATRIMONIO,MASCULINO,ANCASH,SANTA,19
2022,ABRIL,MATRIMONIO,MASCULINO,ANCASH,YUNGAY,3
2022,ABRIL,MATRIMONIO,MASCULINO,ANTILLAS HOLANDESAS,ARUBA,1
2022,ABRIL,MATRIMONIO,MASCULINO,APURIMAC,ABANCAY,3
2022,ABRIL,MATRIMONIO,MASCULINO,APURIMAC,AYMARAES,1
2022,ABRIL,MATRIMONIO,MASCULINO,AREQUIPA,AREQUIPA,75
2022,ABRIL,MATRIMONIO,MASCULINO,AREQUIPA,CAYLLOMA,3
2022,ABRIL,MATRIMONIO,MASCULINO,AREQUIPA,ISLAY,6
2022,ABRIL,MATRIMONIO,MASCULINO,ARGENTINA,BUENOS AIRES,1
2022,ABRIL,MATRIMONIO,MASCULINO,AUSTRALIA,CAMBERRA,1
2022,ABRIL,MATRIMONIO,MASCULINO,AYACUCHO,CANGALLO,18
2022,ABRIL,MATRIMONIO,MASCULINO,AYACUCHO,HUAMANGA,4
2022,ABRIL,MATRIMONIO,MASCULINO,AYACUCHO,LA MAR,1
2022,ABRIL,MATRIMONIO,MASCULINO,AYACUCHO,PARINACOCHAS,1
2022,ABRIL,MATRIMONIO,MASCULINO,AYACUCHO,SUCRE,1
2022,ABRIL,MATRIMONIO,MASCULINO,BELGICA,AMBERES,1
2022,ABRIL,MATRIMONIO,MASCULINO,BRASIL,RIO DE JANEIRO,1
2022,ABRIL,MATRIMONIO,MASCULINO,CAJAMARCA,CAJABAMBA,1
2022,ABRIL,MATRIMONIO,MASCULINO,CAJAMARCA,CAJAMARCA,42
2022,ABRIL,MATRIMONIO,MASCULINO,CAJAMARCA,CELENDIN,1
2022,ABRIL,MATRIMONIO,MASCULINO,CAJAMARCA,CHOTA,1
2022,ABRIL,MATRIMONIO,MASCULINO,CAJAMARCA,CUTERVO,1
2022,ABRIL,MATRIMONIO,MASCULINO,CAJAMARCA,JAEN,2
2022,ABRIL,MATRIMONIO,MASCULINO,CAJAMARCA,SAN IGNACIO,1
2022,ABRIL,MATRIMONIO,MASCULINO,CAJAMARCA,SAN MARCOS,1
2022,ABRIL,MATRIMONIO,MASCULINO,CAJAMARCA,SANTA CRUZ,1
2022,ABRIL,MATRIMONIO,MASCULINO,CALLAO,CALLAO,335
2022,ABRIL,MATRIMONIO,MASCULINO,CANADA,MONTREAL,1
2022,ABRIL,MATRIMONIO,MASCULINO,CANADA,ONTARIO,2
2022,ABRIL,MATRIMONIO,MASCULINO,CHILE,IQUIQUE,1
2022,ABRIL,MATRIMONIO,MASCULINO,CHILE,SANTIAGO,2
2022,ABRIL,MATRIMONIO,MASCULINO,COSTA RICA,SAN JOSE,1
2022,ABRIL,MATRIMONIO,MASCULINO,CUSCO,ANTA,4
2022,ABRIL,MATRIMONIO,MASCULINO,CUSCO,CALCA,1
2022,ABRIL,MATRIMONIO,MASCULINO,CUSCO,CHUMBIVILCAS,1
2022,ABRIL,MATRIMONIO,MASCULINO,CUSCO,CUSCO,35
2022,ABRIL,MATRIMONIO,MASCULINO,CUSCO,LA CONVENCION,1
2022,ABRIL,MATRIMONIO,MASCULINO,CUSCO,URUBAMBA,7
2022,ABRIL,MATRIMONIO,MASCULINO,ECUADOR,GUAYAQUIL,1
2022,ABRIL,MATRIMONIO,MASCULINO,ESPAŃA,BARCELONA,10
2022,ABRIL,MATRIMONIO,MASCULINO,ESPAŃA,GUADALAJARA,1
2022,ABRIL,MATRIMONIO,MASCULINO,ESPAŃA,MADRID,7
2022,ABRIL,MATRIMONIO,MASCULINO,ESPAŃA,NAVARRA,1
2022,ABRIL,MATRIMONIO,MASCULINO,ESPAŃA,SANTANDER,1
2022,ABRIL,MATRIMONIO,MASCULINO,ESTADOS UNIDOS DE AMERICA,ARIZONA,1
2022,ABRIL,MATRIMONIO,MASCULINO,ESTADOS UNIDOS DE AMERICA,CALIFORNIA,1
2022,ABRIL,MATRIMONIO,MASCULINO,ESTADOS UNIDOS DE AMERICA,CAROLINA DEL NORTE,1
2022,ABRIL,MATRIMONIO,MASCULINO,ESTADOS UNIDOS DE AMERICA,COLORADO,1
2022,ABRIL,MATRIMONIO,MASCULINO,ESTADOS UNIDOS DE AMERICA,CONNECTICUT,2
2022,ABRIL,MATRIMONIO,MASCULINO,ESTADOS UNIDOS DE AMERICA,FLORIDA,1
2022,ABRIL,MATRIMONIO,MASCULINO,ESTADOS UNIDOS DE AMERICA,FORT LAUDERDALE,1
2022,ABRIL,MATRIMONIO,MASCULINO,ESTADOS UNIDOS DE AMERICA,HARTFORD,1
2022,ABRIL,MATRIMONIO,MASCULINO,ESTADOS UNIDOS DE AMERICA,LOS ANGELES,3
2022,ABRIL,MATRIMONIO,MASCULINO,ESTADOS UNIDOS DE AMERICA,LOUISIANA,1
2022,ABRIL,MATRIMONIO,MASCULINO,ESTADOS UNIDOS DE AMERICA,MARYLAND,1
2022,ABRIL,MATRIMONIO,MASCULINO,ESTADOS UNIDOS DE AMERICA,MIAMI,3
2022,ABRIL,NACIMIENTO,FEMENINO,ESTADOS UNIDOS DE AMERICA,SAN FRANCISCO,7
2022,ABRIL,NACIMIENTO,FEMENINO,ESTADOS UNIDOS DE AMERICA,SEATLE,1
2022,ABRIL,NACIMIENTO,FEMENINO,ESTADOS UNIDOS DE AMERICA,TENNESSEE,1
2022,ABRIL,NACIMIENTO,FEMENINO,ESTADOS UNIDOS DE AMERICA,TEXAS,1
2022,ABRIL,NACIMIENTO,FEMENINO,ESTADOS UNIDOS DE AMERICA,UTAH,4
2022,ABRIL,NACIMIENTO,FEMENINO,ESTADOS UNIDOS DE AMERICA,VIRGINIA,7
2022,ABRIL,NACIMIENTO,FEMENINO,ESTADOS UNIDOS DE AMERICA,WASHINGTON,1
2022,ABRIL,NACIMIENTO,FEMENINO,ESTADOS UNIDOS DE AMERICA,WISCONSIN,1
2022,ABRIL,NACIMIENTO,FEMENINO,FRANCIA,ILE DE FRANCE,2
2022,ABRIL,NACIMIENTO,FEMENINO,FRANCIA,PAIS DEL LOIRA,1
2022,ABRIL,NACIMIENTO,FEMENINO,FRANCIA,PARIS,7
2022,ABRIL,NACIMIENTO,FEMENINO,GRAN BRETAŃA,LONDRES,2
2022,ABRIL,NACIMIENTO,FEMENINO,HOLANDA,AMSTERDAM,3
2022,ABRIL,NACIMIENTO,FEMENINO,HUANCAVELICA,ACOBAMBA,13
2022,ABRIL,NACIMIENTO,FEMENINO,HUANCAVELICA,ANGARAES,44
2022,ABRIL,NACIMIENTO,FEMENINO,HUANCAVELICA,CASTROVIRREYNA,6
2022,ABRIL,NACIMIENTO,FEMENINO,HUANCAVELICA,CHURCAMPA,17
2022,ABRIL,NACIMIENTO,FEMENINO,HUANCAVELICA,HUANCAVELICA,51
2022,ABRIL,NACIMIENTO,FEMENINO,HUANCAVELICA,HUAYTARA,9
2022,ABRIL,NACIMIENTO,FEMENINO,HUANCAVELICA,TAYACAJA,48
2022,ABRIL,NACIMIENTO,FEMENINO,HUANUCO,AMBO,4
2022,ABRIL,NACIMIENTO,FEMENINO,HUANUCO,DOS DE MAYO,7
2022,ABRIL,NACIMIENTO,FEMENINO,HUANUCO,HUACAYBAMBA,2
2022,ABRIL,NACIMIENTO,FEMENINO,HUANUCO,HUAMALIES,18
2022,ABRIL,NACIMIENTO,FEMENINO,HUANUCO,HUANUCO,43
2022,ABRIL,NACIMIENTO,FEMENINO,HUANUCO,LAURICOCHA,5
2022,ABRIL,NACIMIENTO,FEMENINO,HUANUCO,LEONCIO PRADO,58
2022,ABRIL,NACIMIENTO,FEMENINO,HUANUCO,PACHITEA,15
2022,ABRIL,NACIMIENTO,FEMENINO,HUANUCO,PUERTO INCA,8
2022,ABRIL,NACIMIENTO,FEMENINO,HUANUCO,YAROWILCA,11
2022,ABRIL,NACIMIENTO,FEMENINO,ICA,CHINCHA,132
2022,ABRIL,NACIMIENTO,FEMENINO,ICA,ICA,200
2022,ABRIL,NACIMIENTO,FEMENINO,ICA,NASCA,26
2022,ABRIL,NACIMIENTO,FEMENINO,ICA,PALPA,2
2022,ABRIL,NACIMIENTO,FEMENINO,ICA,PISCO,49
2022,ABRIL,NACIMIENTO,FEMENINO,ITALIA,BOLONIA,3
2022,ABRIL,NACIMIENTO,FEMENINO,ITALIA,EMILIA ROMAGNA,1
2022,ABRIL,NACIMIENTO,FEMENINO,ITALIA,GENOVA,4
2022,ABRIL,NACIMIENTO,FEMENINO,ITALIA,LACIO,2
2022,ABRIL,NACIMIENTO,FEMENINO,ITALIA,LOMBARDIA,6
2022,ABRIL,NACIMIENTO,FEMENINO,ITALIA,MARCAS,3
2022,ABRIL,NACIMIENTO,FEMENINO,ITALIA,MILAN,25
2022,ABRIL,NACIMIENTO,FEMENINO,ITALIA,NAPOLES,1
2022,ABRIL,NACIMIENTO,FEMENINO,ITALIA,ROMA,14
2022,ABRIL,NACIMIENTO,FEMENINO,ITALIA,TOSCANA,1
2022,ABRIL,NACIMIENTO,FEMENINO,ITALIA,TURIN,6
2022,ABRIL,NACIMIENTO,FEMENINO,ITALIA,VENETO,1
2022,ABRIL,NACIMIENTO,FEMENINO,JAPON,AICHI,3
2022,ABRIL,NACIMIENTO,FEMENINO,JAPON,GIFU,1
2022,ABRIL,NACIMIENTO,FEMENINO,JAPON,GUNMA,2
2022,ABRIL,NACIMIENTO,FEMENINO,JAPON,KANAGAWA,2
2022,ABRIL,NACIMIENTO,FEMENINO,JAPON,MIE,2
2022,ABRIL,NACIMIENTO,FEMENINO,JAPON,TOCHIGI,1
2022,ABRIL,NACIMIENTO,FEMENINO,JUNIN,CHANCHAMAYO,18
2022,ABRIL,NACIMIENTO,FEMENINO,JUNIN,CHUPACA,28
2022,ABRIL,NACIMIENTO,FEMENINO,JUNIN,CONCEPCION,9
2022,ABRIL,NACIMIENTO,FEMENINO,JUNIN,HUANCAYO,238
2022,ABRIL,NACIMIENTO,FEMENINO,JUNIN,JAUJA,12
2022,ABRIL,NACIMIENTO,FEMENINO,JUNIN,JUNIN,5
2022,ABRIL,NACIMIENTO,FEMENINO,JUNIN,SATIPO,27
2022,ABRIL,NACIMIENTO,FEMENINO,JUNIN,TARMA,9
2022,ABRIL,NACIMIENTO,FEMENINO,JUNIN,YAULI,6
2022,ABRIL,NACIMIENTO,FEMENINO,LA LIBERTAD,ASCOPE,42
2022,ABRIL,NACIMIENTO,FEMENINO,LA LIBERTAD,CHEPEN,17
2022,ABRIL,NACIMIENTO,FEMENINO,LA LIBERTAD,GRAN CHIMU,7
2022,ABRIL,NACIMIENTO,FEMENINO,LA LIBERTAD,JULCAN,5
2022,ABRIL,NACIMIENTO,FEMENINO,LA LIBERTAD,OTUZCO,11
2022,ABRIL,NACIMIENTO,FEMENINO,LA LIBERTAD,PACASMAYO,27
2022,ABRIL,NACIMIENTO,FEMENINO,LA LIBERTAD,PATAZ,10
2022,ABRIL,NACIMIENTO,FEMENINO,LA LIBERTAD,SANCHEZ CARRION,19
2022,ABRIL,NACIMIENTO,FEMENINO,LA LIBERTAD,SANTIAGO DE CHUCO,4
2022,ABRIL,NACIMIENTO,FEMENINO,LA LIBERTAD,TRUJILLO,946
2022,ABRIL,NACIMIENTO,FEMENINO,LA LIBERTAD,VIRU,30
2022,ABRIL,NACIMIENTO,FEMENINO,LAMBAYEQUE,CHICLAYO,355
2022,ABRIL,NACIMIENTO,FEMENINO,LAMBAYEQUE,FERREŃAFE,17
2022,ABRIL,NACIMIENTO,FEMENINO,LAMBAYEQUE,LAMBAYEQUE,44
2022,ABRIL,NACIMIENTO,FEMENINO,LIMA,BARRANCA,37
2022,ABRIL,NACIMIENTO,FEMENINO,LIMA,CANTA,15
2022,ABRIL,NACIMIENTO,FEMENINO,LIMA,CAŃETE,79
2022,ABRIL,NACIMIENTO,FEMENINO,LIMA,HUARAL,50
2022,ABRIL,NACIMIENTO,FEMENINO,LIMA,HUAROCHIRI,85
2022,ABRIL,NACIMIENTO,FEMENINO,LIMA,HUAURA,59
2022,ABRIL,NACIMIENTO,FEMENINO,LIMA,LIMA,13775
2022,ABRIL,NACIMIENTO,FEMENINO,LIMA,OYON,9
2022,ABRIL,NACIMIENTO,FEMENINO,LIMA,YAUYOS,8
2022,ABRIL,NACIMIENTO,FEMENINO,LORETO,ALTO AMAZONAS,13
2022,ABRIL,NACIMIENTO,FEMENINO,LORETO,DATEM DEL MARAŃON,2
2022,ABRIL,NACIMIENTO,FEMENINO,LORETO,LORETO,4
2022,ABRIL,NACIMIENTO,FEMENINO,LORETO,MARISCAL RAMON CASTILLA,4
2022,ABRIL,NACIMIENTO,FEMENINO,LORETO,MAYNAS,301
2022,ABRIL,NACIMIENTO,FEMENINO,LORETO,PUTUMAYO,3
2022,ABRIL,NACIMIENTO,FEMENINO,LORETO,REQUENA,4
2022,ABRIL,NACIMIENTO,FEMENINO,LORETO,UCAYALI,7
2022,ABRIL,NACIMIENTO,FEMENINO,MADRE DE DIOS,MANU,8
2022,ABRIL,NACIMIENTO,FEMENINO,MADRE DE DIOS,TAHUAMANU,2
2022,ABRIL,NACIMIENTO,FEMENINO,MADRE DE DIOS,TAMBOPATA,70
2022,ABRIL,NACIMIENTO,FEMENINO,MEXICO,CIUDAD DE MEXICO,1
2022,ABRIL,NACIMIENTO,FEMENINO,MEXICO,ESTADO DE MEXICO,2
2022,ABRIL,NACIMIENTO,FEMENINO,MOQUEGUA,GENERAL SANCHEZ CERRO,3
2022,ABRIL,NACIMIENTO,FEMENINO,MOQUEGUA,ILO,9
2022,ABRIL,NACIMIENTO,FEMENINO,MOQUEGUA,MARISCAL NIETO,15
2022,ABRIL,NACIMIENTO,FEMENINO,PASCO,DANIEL ALCIDES CARRION,6
2022,ABRIL,NACIMIENTO,FEMENINO,PASCO,OXAPAMPA,9
2022,ABRIL,NACIMIENTO,FEMENINO,PASCO,PASCO,21
2022,ABRIL,NACIMIENTO,FEMENINO,PIURA,AYABACA,26
2022,ABRIL,NACIMIENTO,FEMENINO,PIURA,HUANCABAMBA,2
2022,ABRIL,NACIMIENTO,FEMENINO,PIURA,MORROPON,46
2022,ABRIL,NACIMIENTO,FEMENINO,PIURA,PAITA,56
2022,ABRIL,NACIMIENTO,FEMENINO,PIURA,PIURA,265
2022,ABRIL,NACIMIENTO,FEMENINO,PIURA,SECHURA,17
2022,ABRIL,NACIMIENTO,FEMENINO,PIURA,SULLANA,134
2022,ABRIL,NACIMIENTO,FEMENINO,PIURA,TALARA,51
2022,ABRIL,NACIMIENTO,FEMENINO,PORTUGAL,LISBOA,2
2022,ABRIL,NACIMIENTO,FEMENINO,PUERTO RICO,SAN JUAN,1
2022,ABRIL,NACIMIENTO,FEMENINO,PUNO,AZANGARO,6
2022,ABRIL,NACIMIENTO,FEMENINO,PUNO,CARABAYA,7
2022,ABRIL,NACIMIENTO,FEMENINO,PUNO,CHUCUITO,5
2022,ABRIL,NACIMIENTO,FEMENINO,PUNO,EL COLLAO,6
2022,ABRIL,NACIMIENTO,FEMENINO,PUNO,HUANCANE,6
2022,ABRIL,NACIMIENTO,FEMENINO,PUNO,LAMPA,6
2022,ABRIL,NACIMIENTO,FEMENINO,PUNO,MELGAR,4
2022,ABRIL,NACIMIENTO,FEMENINO,PUNO,MOHO,2
2022,ABRIL,NACIMIENTO,FEMENINO,PUNO,PUNO,15
2022,ABRIL,NACIMIENTO,FEMENINO,PUNO,SAN ANTONIO DE PUTINA,8
2022,ABRIL,NACIMIENTO,FEMENINO,PUNO,SAN ROMAN,77
2022,ABRIL,NACIMIENTO,FEMENINO,PUNO,SANDIA,7
2022,ABRIL,NACIMIENTO,FEMENINO,PUNO,YUNGUYO,6
2022,ABRIL,NACIMIENTO,FEMENINO,SAN MARTIN,BELLAVISTA,1
2022,ABRIL,NACIMIENTO,FEMENINO,SAN MARTIN,EL DORADO,5
2022,ABRIL,NACIMIENTO,FEMENINO,SAN MARTIN,HUALLAGA,4
2022,ABRIL,NACIMIENTO,FEMENINO,SAN MARTIN,LAMAS,21
2022,ABRIL,NACIMIENTO,FEMENINO,SAN MARTIN,MARISCAL CACERES,9
2022,ABRIL,NACIMIENTO,FEMENINO,SAN MARTIN,MOYOBAMBA,24
2022,ABRIL,NACIMIENTO,FEMENINO,SAN MARTIN,PICOTA,4
2022,ABRIL,NACIMIENTO,FEMENINO,SAN MARTIN,RIOJA,23
2022,ABRIL,NACIMIENTO,FEMENINO,SAN MARTIN,SAN MARTIN,46
2022,ABRIL,NACIMIENTO,FEMENINO,SAN MARTIN,TOCACHE,8
2022,ABRIL,NACIMIENTO,FEMENINO,SUIZA,GINEBRA,1
2022,ABRIL,NACIMIENTO,FEMENINO,TACNA,CANDARAVE,3
2022,ABRIL,NACIMIENTO,FEMENINO,TACNA,JORGE BASADRE,1
2022,ABRIL,NACIMIENTO,FEMENINO,TACNA,TACNA,123
2022,ABRIL,NACIMIENTO,FEMENINO,TACNA,TARATA,2
2022,ABRIL,NACIMIENTO,FEMENINO,TUMBES,CONTRALMIRANTE VILLAR,5
2022,ABRIL,NACIMIENTO,FEMENINO,TUMBES,TUMBES,125
2022,ABRIL,NACIMIENTO,FEMENINO,TUMBES,ZARUMILLA,13
2022,ABRIL,NACIMIENTO,FEMENINO,UCAYALI,ATALAYA,14
2022,ABRIL,NACIMIENTO,FEMENINO,UCAYALI,CORONEL PORTILLO,122
2022,ABRIL,NACIMIENTO,FEMENINO,UCAYALI,PADRE ABAD,3
2022,ABRIL,NACIMIENTO,FEMENINO,VENEZUELA,CARABOBO,1
2022,ABRIL,NACIMIENTO,FEMENINO,VENEZUELA,MIRANDA,1
2022,ABRIL,NACIMIENTO,MASCULINO,ALEMANIA,HAMBURGO,2
2022,ABRIL,NACIMIENTO,MASCULINO,ALEMANIA,MUNICH,1
2022,ABRIL,NACIMIENTO,MASCULINO,AMAZONAS,BAGUA,6
2022,ABRIL,NACIMIENTO,MASCULINO,AMAZONAS,BONGARA,3
2022,ABRIL,NACIMIENTO,MASCULINO,AMAZONAS,CHACHAPOYAS,4
2022,ABRIL,NACIMIENTO,MASCULINO,AMAZONAS,LUYA,3
2022,ABRIL,NACIMIENTO,MASCULINO,AMAZONAS,RODRIGUEZ DE MENDOZA,2
2022,ABRIL,NACIMIENTO,MASCULINO,AMAZONAS,UTCUBAMBA,3
2022,ABRIL,NACIMIENTO,MASCULINO,ANCASH,ANTONIO RAIMONDI,1
2022,ABRIL,NACIMIENTO,MASCULINO,ANCASH,ASUNCION,2
2022,ABRIL,NACIMIENTO,MASCULINO,ANCASH,BOLOGNESI,3
2022,ABRIL,NACIMIENTO,MASCULINO,ANCASH,CARHUAZ,3
2022,ABRIL,NACIMIENTO,MASCULINO,ANCASH,CARLOS FERMIN FITZCARRALD,2
2022,ABRIL,NACIMIENTO,MASCULINO,ANCASH,CASMA,3
2022,ABRIL,NACIMIENTO,MASCULINO,ANCASH,HUARAZ,19
2022,ABRIL,NACIMIENTO,MASCULINO,ANCASH,HUARI,14
2022,ABRIL,NACIMIENTO,MASCULINO,ANCASH,HUARMEY,5
2022,ABRIL,NACIMIENTO,MASCULINO,ANCASH,HUAYLAS,12
2022,ABRIL,NACIMIENTO,MASCULINO,ANCASH,MARISCAL LUZURIAGA,1
2022,ABRIL,NACIMIENTO,MASCULINO,ANCASH,OCROS,2
2022,ABRIL,NACIMIENTO,MASCULINO,ANCASH,PALLASCA,3
2022,ABRIL,NACIMIENTO,MASCULINO,ANCASH,RECUAY,1
2022,ABRIL,NACIMIENTO,MASCULINO,ANCASH,SANTA,126
2022,ABRIL,NACIMIENTO,MASCULINO,ANCASH,YUNGAY,3
2022,ABRIL,NACIMIENTO,MASCULINO,ANTILLAS HOLANDESAS,ARUBA,3
2022,ABRIL,NACIMIENTO,MASCULINO,APURIMAC,ABANCAY,8
2022,ABRIL,NACIMIENTO,MASCULINO,APURIMAC,ANDAHUAYLAS,8
2022,ABRIL,NACIMIENTO,MASCULINO,APURIMAC,AYMARAES,4
2022,ABRIL,NACIMIENTO,MASCULINO,APURIMAC,CHINCHEROS,5
2022,ABRIL,NACIMIENTO,MASCULINO,APURIMAC,COTABAMBAS,5
2022,ABRIL,NACIMIENTO,MASCULINO,APURIMAC,GRAU,1
2022,ABRIL,NACIMIENTO,MASCULINO,ARABIA SAUDITA,JIDDAH,1
2022,ABRIL,NACIMIENTO,MASCULINO,AREQUIPA,AREQUIPA,229
2022,ABRIL,NACIMIENTO,MASCULINO,AREQUIPA,CAMANA,2
2022,ABRIL,NACIMIENTO,MASCULINO,AREQUIPA,CARAVELI,4
2022,ABRIL,NACIMIENTO,MASCULINO,AREQUIPA,CASTILLA,9
2022,ABRIL,NACIMIENTO,MASCULINO,AREQUIPA,CAYLLOMA,17
2022,ABRIL,NACIMIENTO,MASCULINO,AREQUIPA,CONDESUYOS,6
2022,ABRIL,NACIMIENTO,MASCULINO,AREQUIPA,ISLAY,8
2022,ABRIL,NACIMIENTO,MASCULINO,AREQUIPA,LA UNION,1
2022,ABRIL,NACIMIENTO,MASCULINO,ARGENTINA,BUENOS AIRES,14
2022,ABRIL,NACIMIENTO,MASCULINO,ARGENTINA,SANTA FE,1
2022,ABRIL,NACIMIENTO,MASCULINO,AUSTRALIA,SIDNEY,1
2022,ABRIL,NACIMIENTO,MASCULINO,AUSTRIA,VIENA,1
2022,ABRIL,NACIMIENTO,MASCULINO,AYACUCHO,CANGALLO,46
2022,ABRIL,NACIMIENTO,MASCULINO,AYACUCHO,HUAMANGA,13
2022,ABRIL,NACIMIENTO,MASCULINO,AYACUCHO,HUANTA,5
2022,ABRIL,NACIMIENTO,MASCULINO,AYACUCHO,LA MAR,4
2022,ABRIL,NACIMIENTO,MASCULINO,AYACUCHO,LUCANAS,3
2022,ABRIL,NACIMIENTO,MASCULINO,AYACUCHO,PARINACOCHAS,5
2022,ABRIL,NACIMIENTO,MASCULINO,AYACUCHO,SUCRE,1
2022,ABRIL,NACIMIENTO,MASCULINO,AYACUCHO,VILCAS HUAMAN,1
2022,ABRIL,NACIMIENTO,MASCULINO,BOLIVIA,COCHABAMBA,2
2022,ABRIL,NACIMIENTO,MASCULINO,CAJAMARCA,CAJABAMBA,5
2022,ABRIL,NACIMIENTO,MASCULINO,CAJAMARCA,CAJAMARCA,183
2022,ABRIL,NACIMIENTO,MASCULINO,CAJAMARCA,CELENDIN,11
2022,ABRIL,NACIMIENTO,MASCULINO,CAJAMARCA,CHOTA,6
2022,ABRIL,NACIMIENTO,MASCULINO,CAJAMARCA,CUTERVO,5
2022,ABRIL,NACIMIENTO,MASCULINO,CAJAMARCA,HUALGAYOC,3
2022,ABRIL,NACIMIENTO,MASCULINO,CAJAMARCA,JAEN,7
2022,ABRIL,NACIMIENTO,MASCULINO,CAJAMARCA,SAN IGNACIO,7
2022,ABRIL,NACIMIENTO,MASCULINO,CAJAMARCA,SAN MARCOS,2
2022,ABRIL,NACIMIENTO,MASCULINO,CAJAMARCA,SAN MIGUEL,6
2022,ABRIL,NACIMIENTO,MASCULINO,CAJAMARCA,SAN PABLO,5
2022,ABRIL,NACIMIENTO,MASCULINO,CAJAMARCA,SANTA CRUZ,3
2022,ABRIL,NACIMIENTO,MASCULINO,CALLAO,CALLAO,940
2022,ABRIL,NACIMIENTO,MASCULINO,CANADA,ALBERTA,1
2022,ABRIL,NACIMIENTO,MASCULINO,CANADA,MONTREAL,6
2022,ABRIL,NACIMIENTO,MASCULINO,CANADA,ONTARIO,3
2022,ABRIL,NACIMIENTO,MASCULINO,CANADA,TORONTO,1
2022,ABRIL,NACIMIENTO,MASCULINO,CHILE,ARICA,1
2022,ABRIL,NACIMIENTO,MASCULINO,CHILE,IQUIQUE,3
2022,ABRIL,NACIMIENTO,MASCULINO,CHILE,REGION METROPOLITANA,1
2022,ABRIL,NACIMIENTO,MASCULINO,CHILE,SANTIAGO,21
2022,ABRIL,NACIMIENTO,MASCULINO,COLOMBIA,BOGOTA,1
2022,ABRIL,NACIMIENTO,MASCULINO,CUSCO,ACOMAYO,1
2022,ABRIL,NACIMIENTO,MASCULINO,CUSCO,ANTA,13
2022,ABRIL,NACIMIENTO,MASCULINO,CUSCO,CALCA,3
2022,ABRIL,NACIMIENTO,MASCULINO,CUSCO,CANAS,1
2022,ABRIL,NACIMIENTO,MASCULINO,CUSCO,CANCHIS,9
2022,ABRIL,NACIMIENTO,MASCULINO,CUSCO,CHUMBIVILCAS,4
2022,ABRIL,NACIMIENTO,MASCULINO,CUSCO,CUSCO,220
2022,ABRIL,NACIMIENTO,MASCULINO,CUSCO,ESPINAR,6
2022,ABRIL,NACIMIENTO,MASCULINO,CUSCO,LA CONVENCION,7
2022,ABRIL,NACIMIENTO,MASCULINO,CUSCO,PARURO,2
2022,ABRIL,NACIMIENTO,MASCULINO,CUSCO,PAUCARTAMBO,2
2022,ABRIL,NACIMIENTO,MASCULINO,CUSCO,QUISPICANCHI,10
2022,ABRIL,NACIMIENTO,MASCULINO,CUSCO,URUBAMBA,18
2022,ABRIL,NACIMIENTO,MASCULINO,ECUADOR,GUAYAQUIL,1
2022,ABRIL,NACIMIENTO,MASCULINO,ESPAŃA,ALMERIA,2
2022,ABRIL,NACIMIENTO,MASCULINO,ESPAŃA,BARCELONA,15
2022,ABRIL,NACIMIENTO,MASCULINO,ESPAŃA,BILBAO,1
2022,ABRIL,NACIMIENTO,MASCULINO,ESPAŃA,JAEN,1
2022,ABRIL,NACIMIENTO,MASCULINO,ESPAŃA,LAS PALMAS,1
2022,ABRIL,NACIMIENTO,MASCULINO,ESPAŃA,LEON,1
2022,ABRIL,NACIMIENTO,MASCULINO,ESPAŃA,MADRID,39
2022,ABRIL,NACIMIENTO,MASCULINO,ESPAŃA,MURCIA,1
2022,ABRIL,NACIMIENTO,MASCULINO,ESPAŃA,ORENSE,1
2022,ABRIL,NACIMIENTO,MASCULINO,ESPAŃA,SALAMANCA,1
2022,ABRIL,NACIMIENTO,MASCULINO,ESPAŃA,SEVILLA,1
2022,ABRIL,NACIMIENTO,MASCULINO,ESPAŃA,TARRAGONA,3
2022,ABRIL,NACIMIENTO,MASCULINO,ESPAŃA,TENERIFE,1
2022,ABRIL,DEFUNCION,FEMENINO,LA LIBERTAD,JULCAN,4
2022,ABRIL,DEFUNCION,FEMENINO,LA LIBERTAD,OTUZCO,14
2022,ABRIL,DEFUNCION,FEMENINO,LA LIBERTAD,PACASMAYO,14
2022,ABRIL,DEFUNCION,FEMENINO,LA LIBERTAD,PATAZ,3
2022,ABRIL,DEFUNCION,FEMENINO,LA LIBERTAD,SANCHEZ CARRION,9
2022,ABRIL,DEFUNCION,FEMENINO,LA LIBERTAD,SANTIAGO DE CHUCO,4
2022,ABRIL,DEFUNCION,FEMENINO,LA LIBERTAD,TRUJILLO,537
2022,ABRIL,DEFUNCION,FEMENINO,LA LIBERTAD,VIRU,30
2022,ABRIL,DEFUNCION,FEMENINO,LAMBAYEQUE,CHICLAYO,108
2022,ABRIL,DEFUNCION,FEMENINO,LAMBAYEQUE,FERREŃAFE,7
2022,ABRIL,DEFUNCION,FEMENINO,LAMBAYEQUE,LAMBAYEQUE,19
2022,ABRIL,DEFUNCION,FEMENINO,LIMA,BARRANCA,46
2022,ABRIL,DEFUNCION,FEMENINO,LIMA,CANTA,4
2022,ABRIL,DEFUNCION,FEMENINO,LIMA,CAŃETE,63
2022,ABRIL,DEFUNCION,FEMENINO,LIMA,HUARAL,69
2022,ABRIL,DEFUNCION,FEMENINO,LIMA,HUAROCHIRI,20
2022,ABRIL,DEFUNCION,FEMENINO,LIMA,HUAURA,47
2022,ABRIL,DEFUNCION,FEMENINO,LIMA,LIMA,4180
2022,ABRIL,DEFUNCION,FEMENINO,LIMA,OYON,1
2022,ABRIL,DEFUNCION,FEMENINO,LIMA,YAUYOS,5
2022,ABRIL,DEFUNCION,FEMENINO,LORETO,ALTO AMAZONAS,14
2022,ABRIL,DEFUNCION,FEMENINO,LORETO,LORETO,3
2022,ABRIL,DEFUNCION,FEMENINO,LORETO,MARISCAL RAMON CASTILLA,1
2022,ABRIL,DEFUNCION,FEMENINO,LORETO,MAYNAS,98
2022,ABRIL,DEFUNCION,FEMENINO,LORETO,PUTUMAYO,1
2022,ABRIL,DEFUNCION,FEMENINO,LORETO,REQUENA,1
2022,ABRIL,DEFUNCION,FEMENINO,LORETO,UCAYALI,5
2022,ABRIL,DEFUNCION,FEMENINO,MADRE DE DIOS,MANU,2
2022,ABRIL,DEFUNCION,FEMENINO,MADRE DE DIOS,TAMBOPATA,26
2022,ABRIL,DEFUNCION,FEMENINO,MEXICO,ESTADO DE MEXICO,1
2022,ABRIL,DEFUNCION,FEMENINO,MEXICO,OAXACA,1
2022,ABRIL,DEFUNCION,FEMENINO,MOQUEGUA,GENERAL SANCHEZ CERRO,2
2022,ABRIL,DEFUNCION,FEMENINO,MOQUEGUA,ILO,20
2022,ABRIL,DEFUNCION,FEMENINO,MOQUEGUA,MARISCAL NIETO,17
2022,ABRIL,DEFUNCION,FEMENINO,PASCO,OXAPAMPA,16
2022,ABRIL,DEFUNCION,FEMENINO,PASCO,PASCO,9
2022,ABRIL,DEFUNCION,FEMENINO,PIURA,AYABACA,15
2022,ABRIL,DEFUNCION,FEMENINO,PIURA,HUANCABAMBA,12
2022,ABRIL,DEFUNCION,FEMENINO,PIURA,MORROPON,66
2022,ABRIL,DEFUNCION,FEMENINO,PIURA,PAITA,32
2022,ABRIL,DEFUNCION,FEMENINO,PIURA,PIURA,130
2022,ABRIL,DEFUNCION,FEMENINO,PIURA,SECHURA,11
2022,ABRIL,DEFUNCION,FEMENINO,PIURA,SULLANA,87
2022,ABRIL,DEFUNCION,FEMENINO,PIURA,TALARA,43
2022,ABRIL,DEFUNCION,FEMENINO,PORTUGAL,LISBOA,1
2022,ABRIL,DEFUNCION,FEMENINO,PUNO,AZANGARO,7
2022,ABRIL,DEFUNCION,FEMENINO,PUNO,CARABAYA,2
2022,ABRIL,DEFUNCION,FEMENINO,PUNO,CHUCUITO,5
2022,ABRIL,DEFUNCION,FEMENINO,PUNO,EL COLLAO,17
2022,ABRIL,DEFUNCION,FEMENINO,PUNO,HUANCANE,11
2022,ABRIL,DEFUNCION,FEMENINO,PUNO,LAMPA,7
2022,ABRIL,DEFUNCION,FEMENINO,PUNO,MELGAR,3
2022,ABRIL,DEFUNCION,FEMENINO,PUNO,MOHO,3
2022,ABRIL,DEFUNCION,FEMENINO,PUNO,PUNO,41
2022,ABRIL,DEFUNCION,FEMENINO,PUNO,SAN ANTONIO DE PUTINA,4
2022,ABRIL,DEFUNCION,FEMENINO,PUNO,SAN ROMAN,59
2022,ABRIL,DEFUNCION,FEMENINO,PUNO,SANDIA,14
2022,ABRIL,DEFUNCION,FEMENINO,PUNO,YUNGUYO,1
2022,ABRIL,DEFUNCION,FEMENINO,SAN MARTIN,BELLAVISTA,6
2022,ABRIL,DEFUNCION,FEMENINO,SAN MARTIN,EL DORADO,1
2022,ABRIL,DEFUNCION,FEMENINO,SAN MARTIN,HUALLAGA,11
2022,ABRIL,DEFUNCION,FEMENINO,SAN MARTIN,LAMAS,11
2022,ABRIL,DEFUNCION,FEMENINO,SAN MARTIN,MARISCAL CACERES,6
2022,ABRIL,DEFUNCION,FEMENINO,SAN MARTIN,MOYOBAMBA,6
2022,ABRIL,DEFUNCION,FEMENINO,SAN MARTIN,PICOTA,8
2022,ABRIL,DEFUNCION,FEMENINO,SAN MARTIN,RIOJA,14
2022,ABRIL,DEFUNCION,FEMENINO,SAN MARTIN,SAN MARTIN,26
2022,ABRIL,DEFUNCION,FEMENINO,SAN MARTIN,TOCACHE,2
2022,ABRIL,DEFUNCION,FEMENINO,SUIZA,LAUSSANE,1
2022,ABRIL,DEFUNCION,FEMENINO,SUIZA,ZURICH,1
2022,ABRIL,DEFUNCION,FEMENINO,TACNA,TACNA,89
2022,ABRIL,DEFUNCION,FEMENINO,TACNA,TARATA,1
2022,ABRIL,DEFUNCION,FEMENINO,TUMBES,CONTRALMIRANTE VILLAR,5
2022,ABRIL,DEFUNCION,FEMENINO,TUMBES,TUMBES,46
2022,ABRIL,DEFUNCION,FEMENINO,TUMBES,ZARUMILLA,10
2022,ABRIL,DEFUNCION,FEMENINO,UCAYALI,ATALAYA,2
2022,ABRIL,DEFUNCION,FEMENINO,UCAYALI,CORONEL PORTILLO,108
2022,ABRIL,DEFUNCION,FEMENINO,UCAYALI,PADRE ABAD,7
2022,ABRIL,DEFUNCION,MASCULINO,ALEMANIA,BERLIN,1
2022,ABRIL,DEFUNCION,MASCULINO,AMAZONAS,BAGUA,2
2022,ABRIL,DEFUNCION,MASCULINO,AMAZONAS,BONGARA,3
2022,ABRIL,DEFUNCION,MASCULINO,AMAZONAS,CHACHAPOYAS,3
2022,ABRIL,DEFUNCION,MASCULINO,AMAZONAS,RODRIGUEZ DE MENDOZA,4
2022,ABRIL,DEFUNCION,MASCULINO,AMAZONAS,UTCUBAMBA,6
2022,ABRIL,DEFUNCION,MASCULINO,ANCASH,ANTONIO RAIMONDI,1
2022,ABRIL,DEFUNCION,MASCULINO,ANCASH,ASUNCION,3
2022,ABRIL,DEFUNCION,MASCULINO,ANCASH,BOLOGNESI,3
2022,ABRIL,DEFUNCION,MASCULINO,ANCASH,CARHUAZ,8
2022,ABRIL,DEFUNCION,MASCULINO,ANCASH,CASMA,3
2022,ABRIL,DEFUNCION,MASCULINO,ANCASH,HUARAZ,23
2022,ABRIL,DEFUNCION,MASCULINO,ANCASH,HUARI,7
2022,ABRIL,DEFUNCION,MASCULINO,ANCASH,HUARMEY,5
2022,ABRIL,DEFUNCION,MASCULINO,ANCASH,HUAYLAS,13
2022,ABRIL,DEFUNCION,MASCULINO,ANCASH,MARISCAL LUZURIAGA,1
2022,ABRIL,DEFUNCION,MASCULINO,ANCASH,OCROS,1
2022,ABRIL,DEFUNCION,MASCULINO,ANCASH,PALLASCA,1
2022,ABRIL,DEFUNCION,MASCULINO,ANCASH,RECUAY,4
2022,ABRIL,DEFUNCION,MASCULINO,ANCASH,SANTA,78
2022,ABRIL,DEFUNCION,MASCULINO,ANCASH,SIHUAS,1
2022,ABRIL,DEFUNCION,MASCULINO,ANCASH,YUNGAY,31
2022,ABRIL,DEFUNCION,MASCULINO,APURIMAC,ABANCAY,8
2022,ABRIL,DEFUNCION,MASCULINO,APURIMAC,ANDAHUAYLAS,9
2022,ABRIL,DEFUNCION,MASCULINO,APURIMAC,ANTABAMBA,1
2022,ABRIL,DEFUNCION,MASCULINO,APURIMAC,AYMARAES,1
2022,ABRIL,DEFUNCION,MASCULINO,APURIMAC,CHINCHEROS,3
2022,ABRIL,DEFUNCION,MASCULINO,APURIMAC,COTABAMBAS,5
2022,ABRIL,DEFUNCION,MASCULINO,APURIMAC,GRAU,3
2022,ABRIL,DEFUNCION,MASCULINO,AREQUIPA,AREQUIPA,178
2022,ABRIL,DEFUNCION,MASCULINO,AREQUIPA,CAMANA,24
2022,ABRIL,DEFUNCION,MASCULINO,AREQUIPA,CARAVELI,2
2022,ABRIL,DEFUNCION,MASCULINO,AREQUIPA,CASTILLA,7
2022,ABRIL,DEFUNCION,MASCULINO,AREQUIPA,CAYLLOMA,6
2022,ABRIL,DEFUNCION,MASCULINO,AREQUIPA,CONDESUYOS,3
2022,ABRIL,DEFUNCION,MASCULINO,AREQUIPA,ISLAY,8
2022,ABRIL,DEFUNCION,MASCULINO,AREQUIPA,LA UNION,2
2022,ABRIL,DEFUNCION,MASCULINO,ARGENTINA,BUENOS AIRES,2
2022,ABRIL,DEFUNCION,MASCULINO,ARGENTINA,ROSARIO DE SANTA FE,1
2022,ABRIL,DEFUNCION,MASCULINO,AYACUCHO,CANGALLO,32
2022,ABRIL,DEFUNCION,MASCULINO,AYACUCHO,HUAMANGA,48
2022,ABRIL,DEFUNCION,MASCULINO,AYACUCHO,HUANTA,3
2022,ABRIL,DEFUNCION,MASCULINO,AYACUCHO,LA MAR,9
2022,ABRIL,DEFUNCION,MASCULINO,AYACUCHO,LUCANAS,6
2022,ABRIL,DEFUNCION,MASCULINO,AYACUCHO,PARINACOCHAS,7
2022,ABRIL,DEFUNCION,MASCULINO,AYACUCHO,VICTOR FAJARDO,3
2022,ABRIL,DEFUNCION,MASCULINO,AYACUCHO,VILCAS HUAMAN,2
2022,ABRIL,DEFUNCION,MASCULINO,BOLIVIA,EL ALTO,1
2022,ABRIL,DEFUNCION,MASCULINO,BOLIVIA,SANTA CRUZ,1
2022,ABRIL,DEFUNCION,MASCULINO,CAJAMARCA,CAJABAMBA,7
2022,ABRIL,DEFUNCION,MASCULINO,CAJAMARCA,CAJAMARCA,49
2022,ABRIL,DEFUNCION,MASCULINO,PUNO,SAN ANTONIO DE PUTINA,11
2022,ABRIL,DEFUNCION,MASCULINO,PUNO,SAN ROMAN,52
2022,ABRIL,DEFUNCION,MASCULINO,PUNO,SANDIA,1
2022,ABRIL,DEFUNCION,MASCULINO,PUNO,YUNGUYO,2
2022,ABRIL,DEFUNCION,MASCULINO,SAN MARTIN,BELLAVISTA,3
2022,ABRIL,DEFUNCION,MASCULINO,SAN MARTIN,EL DORADO,4
2022,ABRIL,DEFUNCION,MASCULINO,SAN MARTIN,HUALLAGA,1
2022,ABRIL,DEFUNCION,MASCULINO,SAN MARTIN,LAMAS,11
2022,ABRIL,DEFUNCION,MASCULINO,SAN MARTIN,MARISCAL CACERES,1
2022,ABRIL,DEFUNCION,MASCULINO,SAN MARTIN,MOYOBAMBA,9
2022,ABRIL,DEFUNCION,MASCULINO,SAN MARTIN,PICOTA,4
2022,ABRIL,DEFUNCION,MASCULINO,SAN MARTIN,RIOJA,14
2022,ABRIL,DEFUNCION,MASCULINO,SAN MARTIN,SAN MARTIN,36
2022,ABRIL,DEFUNCION,MASCULINO,SAN MARTIN,TOCACHE,3
2022,ABRIL,DEFUNCION,MASCULINO,SUIZA,GINEBRA,5
2022,ABRIL,DEFUNCION,MASCULINO,TACNA,JORGE BASADRE,1
2022,ABRIL,DEFUNCION,MASCULINO,TACNA,TACNA,59
2022,ABRIL,DEFUNCION,MASCULINO,TACNA,TARATA,1
2022,ABRIL,DEFUNCION,MASCULINO,TUMBES,CONTRALMIRANTE VILLAR,1
2022,ABRIL,DEFUNCION,MASCULINO,TUMBES,TUMBES,18
2022,ABRIL,DEFUNCION,MASCULINO,TUMBES,ZARUMILLA,7
2022,ABRIL,DEFUNCION,MASCULINO,UCAYALI,ATALAYA,1
2022,ABRIL,DEFUNCION,MASCULINO,UCAYALI,CORONEL PORTILLO,76
2022,ABRIL,DEFUNCION,MASCULINO,UCAYALI,PADRE ABAD,5
2022,ABRIL,MATRIMONIO,FEMENINO,ALEMANIA,DORTMUND,1
2022,ABRIL,MATRIMONIO,FEMENINO,AMAZONAS,CHACHAPOYAS,3
2022,ABRIL,MATRIMONIO,FEMENINO,AMAZONAS,RODRIGUEZ DE MENDOZA,1
2022,ABRIL,MATRIMONIO,FEMENINO,ANCASH,BOLOGNESI,1
2022,ABRIL,MATRIMONIO,FEMENINO,ANCASH,CORONGO,2
2022,ABRIL,MATRIMONIO,FEMENINO,ANCASH,HUARAZ,3
2022,ABRIL,MATRIMONIO,FEMENINO,ANCASH,HUARI,1
2022,ABRIL,MATRIMONIO,FEMENINO,ANCASH,MARISCAL LUZURIAGA,1
2022,ABRIL,MATRIMONIO,FEMENINO,ANCASH,PALLASCA,1
2022,ABRIL,MATRIMONIO,FEMENINO,ANCASH,SANTA,15
2022,ABRIL,MATRIMONIO,FEMENINO,APURIMAC,ABANCAY,1
2022,ABRIL,MATRIMONIO,FEMENINO,APURIMAC,ANDAHUAYLAS,1
2022,ABRIL,MATRIMONIO,FEMENINO,APURIMAC,ANTABAMBA,1
2022,ABRIL,MATRIMONIO,FEMENINO,APURIMAC,AYMARAES,1
2022,ABRIL,MATRIMONIO,FEMENINO,APURIMAC,CHINCHEROS,1
2022,ABRIL,MATRIMONIO,FEMENINO,APURIMAC,COTABAMBAS,1
2022,ABRIL,MATRIMONIO,FEMENINO,AREQUIPA,AREQUIPA,61
2022,ABRIL,MATRIMONIO,FEMENINO,AREQUIPA,CAMANA,3
2022,ABRIL,MATRIMONIO,FEMENINO,AREQUIPA,CARAVELI,2
2022,ABRIL,MATRIMONIO,FEMENINO,AREQUIPA,CASTILLA,1
2022,ABRIL,MATRIMONIO,FEMENINO,AREQUIPA,CAYLLOMA,1
2022,ABRIL,MATRIMONIO,FEMENINO,AREQUIPA,ISLAY,1
2022,ABRIL,MATRIMONIO,FEMENINO,ARGENTINA,BUENOS AIRES,4
2022,ABRIL,MATRIMONIO,FEMENINO,ARGENTINA,CATAMARCA,1
2022,ABRIL,MATRIMONIO,FEMENINO,AUSTRALIA,SIDNEY,1
2022,ABRIL,MATRIMONIO,FEMENINO,AYACUCHO,CANGALLO,2
2022,ABRIL,MATRIMONIO,FEMENINO,AYACUCHO,HUAMANGA,10
2022,ABRIL,MATRIMONIO,FEMENINO,AYACUCHO,LUCANAS,2
2022,ABRIL,MATRIMONIO,FEMENINO,AYACUCHO,PARINACOCHAS,1
2022,ABRIL,MATRIMONIO,FEMENINO,CAJAMARCA,CAJAMARCA,30
2022,ABRIL,MATRIMONIO,FEMENINO,CAJAMARCA,CELENDIN,1
2022,ABRIL,MATRIMONIO,FEMENINO,CAJAMARCA,CHOTA,2
2022,ABRIL,MATRIMONIO,FEMENINO,CAJAMARCA,CUTERVO,16
2022,ABRIL,MATRIMONIO,FEMENINO,CAJAMARCA,JAEN,3
2022,ABRIL,MATRIMONIO,FEMENINO,CAJAMARCA,SAN PABLO,1
2022,ABRIL,MATRIMONIO,FEMENINO,CALLAO,CALLAO,325
2022,ABRIL,MATRIMONIO,FEMENINO,CANADA,ALBERTA,2
2022,ABRIL,MATRIMONIO,FEMENINO,CANADA,ONTARIO,1
2022,ABRIL,MATRIMONIO,FEMENINO,CANADA,QUEBEC,1
2022,ABRIL,MATRIMONIO,FEMENINO,CANADA,VANCOUVER,4
2022,ABRIL,MATRIMONIO,FEMENINO,CHILE,IQUIQUE,1
2022,ABRIL,MATRIMONIO,FEMENINO,CHILE,SANTIAGO,3
2022,ABRIL,MATRIMONIO,FEMENINO,COLOMBIA,ANTIOQUIA,1
2022,ABRIL,MATRIMONIO,FEMENINO,COLOMBIA,BOGOTA,1
2022,ABRIL,MATRIMONIO,FEMENINO,CUSCO,ANTA,2
2022,ABRIL,MATRIMONIO,FEMENINO,CUSCO,CALCA,1
2022,ABRIL,MATRIMONIO,FEMENINO,CUSCO,CUSCO,50
2022,ABRIL,MATRIMONIO,FEMENINO,CUSCO,LA CONVENCION,1
2022,ABRIL,MATRIMONIO,FEMENINO,CUSCO,QUISPICANCHI,1
2022,ABRIL,MATRIMONIO,FEMENINO,CUSCO,URUBAMBA,1
2022,ABRIL,MATRIMONIO,FEMENINO,ESPAŃA,BARCELONA,2
2022,ABRIL,MATRIMONIO,FEMENINO,ESPAŃA,CANTABRIA,1
2022,ABRIL,MATRIMONIO,FEMENINO,ESPAŃA,GUADALAJARA,1
2022,ABRIL,MATRIMONIO,FEMENINO,ESPAŃA,MADRID,5
2022,ABRIL,MATRIMONIO,FEMENINO,ESPAŃA,PALENCIA,1
2022,ABRIL,MATRIMONIO,FEMENINO,ESPAŃA,PONTEVEDRA,1
2022,ABRIL,MATRIMONIO,FEMENINO,ESPAŃA,TOLEDO,1
2022,ABRIL,MATRIMONIO,FEMENINO,ESPAŃA,VALENCIA,1
2022,ABRIL,MATRIMONIO,FEMENINO,ESTADOS UNIDOS DE AMERICA,AUSTIN,1
2022,ABRIL,MATRIMONIO,FEMENINO,ESTADOS UNIDOS DE AMERICA,CONNECTICUT,2
2022,ABRIL,MATRIMONIO,FEMENINO,ESTADOS UNIDOS DE AMERICA,DALLAS,1
2022,ABRIL,MATRIMONIO,FEMENINO,ESTADOS UNIDOS DE AMERICA,GEORGIA,1
2022,ABRIL,MATRIMONIO,FEMENINO,ESTADOS UNIDOS DE AMERICA,LOS ANGELES,3
2022,ABRIL,MATRIMONIO,FEMENINO,ESTADOS UNIDOS DE AMERICA,MARYLAND,5
2022,ABRIL,MATRIMONIO,FEMENINO,ESTADOS UNIDOS DE AMERICA,MASSACHUSETTS,1
2022,ABRIL,MATRIMONIO,FEMENINO,ESTADOS UNIDOS DE AMERICA,MIAMI,3
2022,ABRIL,MATRIMONIO,FEMENINO,ESTADOS UNIDOS DE AMERICA,NUEVA JERSEY,7
2022,ABRIL,MATRIMONIO,FEMENINO,ESTADOS UNIDOS DE AMERICA,NUEVA YORK,8
2022,ABRIL,MATRIMONIO,FEMENINO,ESTADOS UNIDOS DE AMERICA,SAN FRANCISCO,2
2022,ABRIL,MATRIMONIO,FEMENINO,ESTADOS UNIDOS DE AMERICA,TAMPA,1
2022,ABRIL,MATRIMONIO,FEMENINO,ESTADOS UNIDOS DE AMERICA,VIRGINIA,3
2022,ABRIL,MATRIMONIO,FEMENINO,ESTADOS UNIDOS DE AMERICA,WISCONSIN,1
2022,ABRIL,MATRIMONIO,FEMENINO,FRANCIA,PARIS,2
2022,ABRIL,MATRIMONIO,FEMENINO,HUANCAVELICA,ANGARAES,2
2022,ABRIL,MATRIMONIO,FEMENINO,HUANCAVELICA,CASTROVIRREYNA,1
2022,ABRIL,MATRIMONIO,FEMENINO,HUANCAVELICA,CHURCAMPA,2
2022,ABRIL,MATRIMONIO,FEMENINO,HUANCAVELICA,HUANCAVELICA,4
2022,ABRIL,MATRIMONIO,FEMENINO,HUANCAVELICA,HUAYTARA,1
2022,ABRIL,MATRIMONIO,FEMENINO,HUANCAVELICA,TAYACAJA,1
2022,ABRIL,MATRIMONIO,FEMENINO,HUANUCO,DOS DE MAYO,1
2022,ABRIL,MATRIMONIO,FEMENINO,HUANUCO,HUAMALIES,1
2022,ABRIL,MATRIMONIO,FEMENINO,HUANUCO,HUANUCO,4
2022,ABRIL,MATRIMONIO,FEMENINO,HUANUCO,LEONCIO PRADO,6
2022,ABRIL,MATRIMONIO,FEMENINO,HUANUCO,PUERTO INCA,1
2022,ABRIL,MATRIMONIO,FEMENINO,ICA,CHINCHA,8
2022,ABRIL,MATRIMONIO,FEMENINO,ICA,ICA,19
2022,ABRIL,MATRIMONIO,FEMENINO,ICA,NASCA,3
2022,ABRIL,MATRIMONIO,FEMENINO,ICA,PALPA,1
2022,ABRIL,MATRIMONIO,FEMENINO,ICA,PISCO,4
2022,ABRIL,MATRIMONIO,FEMENINO,ITALIA,BOLONIA,1
2022,ABRIL,MATRIMONIO,FEMENINO,ITALIA,CREMONA,1
2022,ABRIL,MATRIMONIO,FEMENINO,ITALIA,GENOVA,1
2022,ABRIL,MATRIMONIO,FEMENINO,ITALIA,MILAN,10
2022,ABRIL,MATRIMONIO,FEMENINO,ITALIA,PERUGIA,1
2022,ABRIL,MATRIMONIO,FEMENINO,ITALIA,ROMA,1
2022,ABRIL,MATRIMONIO,FEMENINO,ITALIA,TOSCANA,1
2022,ABRIL,MATRIMONIO,FEMENINO,ITALIA,TURIN,3
2022,ABRIL,MATRIMONIO,FEMENINO,JAPON,AICHI,2
2022,ABRIL,MATRIMONIO,FEMENINO,JAPON,GUNMA,1
2022,ABRIL,NACIMIENTO,FEMENINO,AUSTRALIA,AUSTRALIA OCCIDENTAL,1
2022,ABRIL,NACIMIENTO,FEMENINO,AUSTRALIA,NUEVA GALES DEL SUR,1
2022,ABRIL,NACIMIENTO,FEMENINO,AUSTRALIA,SIDNEY,2
2022,ABRIL,NACIMIENTO,FEMENINO,AUSTRIA,TIROL,1
2022,ABRIL,NACIMIENTO,FEMENINO,AUSTRIA,VIENA,2
2022,ABRIL,NACIMIENTO,FEMENINO,AYACUCHO,CANGALLO,13
2022,ABRIL,NACIMIENTO,FEMENINO,AYACUCHO,HUAMANGA,51
2022,ABRIL,NACIMIENTO,FEMENINO,AYACUCHO,HUANCA SANCOS,4
2022,ABRIL,NACIMIENTO,FEMENINO,AYACUCHO,HUANTA,6
2022,ABRIL,NACIMIENTO,FEMENINO,AYACUCHO,LA MAR,3
2022,ABRIL,NACIMIENTO,FEMENINO,AYACUCHO,LUCANAS,9
2022,ABRIL,NACIMIENTO,FEMENINO,AYACUCHO,PARINACOCHAS,13
2022,ABRIL,NACIMIENTO,FEMENINO,AYACUCHO,PAUCAR DEL SARA SARA,7
2022,ABRIL,NACIMIENTO,FEMENINO,AYACUCHO,VICTOR FAJARDO,6
2022,ABRIL,NACIMIENTO,FEMENINO,AYACUCHO,VILCAS HUAMAN,3
2022,ABRIL,NACIMIENTO,FEMENINO,BELGICA,BRUSELAS,2
2022,ABRIL,NACIMIENTO,FEMENINO,BOLIVIA,SANTA CRUZ,2
2022,ABRIL,NACIMIENTO,FEMENINO,BRASIL,MANAOS,1
2022,ABRIL,NACIMIENTO,FEMENINO,BRASIL,PARANA,1
2022,ABRIL,NACIMIENTO,FEMENINO,BRASIL,RECIFE,1
2022,ABRIL,NACIMIENTO,FEMENINO,BRASIL,RIO DE JANEIRO,2
2022,ABRIL,NACIMIENTO,FEMENINO,BRASIL,RIO GRANDE DEL SUR,1
2022,ABRIL,NACIMIENTO,FEMENINO,CAJAMARCA,CAJABAMBA,16
2022,ABRIL,NACIMIENTO,FEMENINO,CAJAMARCA,CAJAMARCA,307
2022,ABRIL,NACIMIENTO,FEMENINO,CAJAMARCA,CELENDIN,15
2022,ABRIL,NACIMIENTO,FEMENINO,CAJAMARCA,CHOTA,23
2022,ABRIL,NACIMIENTO,FEMENINO,CAJAMARCA,CONTUMAZA,6
2022,ABRIL,NACIMIENTO,FEMENINO,CAJAMARCA,CUTERVO,21
2022,ABRIL,NACIMIENTO,FEMENINO,CAJAMARCA,HUALGAYOC,6
2022,ABRIL,NACIMIENTO,FEMENINO,CAJAMARCA,JAEN,18
2022,ABRIL,NACIMIENTO,FEMENINO,CAJAMARCA,SAN IGNACIO,13
2022,ABRIL,NACIMIENTO,FEMENINO,CAJAMARCA,SAN MARCOS,4
2022,ABRIL,NACIMIENTO,FEMENINO,CAJAMARCA,SAN MIGUEL,4
2022,ABRIL,NACIMIENTO,FEMENINO,CAJAMARCA,SAN PABLO,1
2022,ABRIL,NACIMIENTO,FEMENINO,CAJAMARCA,SANTA CRUZ,6
2022,ABRIL,NACIMIENTO,FEMENINO,CALLAO,CALLAO,1138
2022,ABRIL,NACIMIENTO,FEMENINO,CANADA,MONTREAL,2
2022,ABRIL,NACIMIENTO,FEMENINO,CANADA,ONTARIO,2
2022,ABRIL,NACIMIENTO,FEMENINO,CANADA,VANCOUVER,5
2022,ABRIL,NACIMIENTO,FEMENINO,CHILE,IQUIQUE,1
2022,ABRIL,NACIMIENTO,FEMENINO,CHILE,SANTIAGO,34
2022,ABRIL,NACIMIENTO,FEMENINO,COSTA RICA,HEREDIA,1
2022,ABRIL,NACIMIENTO,FEMENINO,CUSCO,ACOMAYO,5
2022,ABRIL,NACIMIENTO,FEMENINO,CUSCO,ANTA,24
2022,ABRIL,NACIMIENTO,FEMENINO,CUSCO,CALCA,8
2022,ABRIL,NACIMIENTO,FEMENINO,CUSCO,CANAS,5
2022,ABRIL,NACIMIENTO,FEMENINO,CUSCO,CANCHIS,16
2022,ABRIL,NACIMIENTO,FEMENINO,CUSCO,CHUMBIVILCAS,7
2022,ABRIL,NACIMIENTO,FEMENINO,CUSCO,CUSCO,314
2022,ABRIL,NACIMIENTO,FEMENINO,CUSCO,ESPINAR,2
2022,ABRIL,NACIMIENTO,FEMENINO,CUSCO,LA CONVENCION,31
2022,ABRIL,NACIMIENTO,FEMENINO,CUSCO,PARURO,9
2022,ABRIL,NACIMIENTO,FEMENINO,CUSCO,PAUCARTAMBO,10
2022,ABRIL,NACIMIENTO,FEMENINO,CUSCO,QUISPICANCHI,22
2022,ABRIL,NACIMIENTO,FEMENINO,CUSCO,URUBAMBA,19
2022,ABRIL,NACIMIENTO,FEMENINO,ECUADOR,GUAYAQUIL,1
2022,ABRIL,NACIMIENTO,FEMENINO,EMIRATOS ARABES UNIDOS,FUJAIRAH,1
2022,ABRIL,NACIMIENTO,FEMENINO,ESPAŃA,ALAVA,2
2022,ABRIL,NACIMIENTO,FEMENINO,ESPAŃA,ALICANTE,1
2022,ABRIL,NACIMIENTO,FEMENINO,ESPAŃA,BADAJOZ,1
2022,ABRIL,NACIMIENTO,FEMENINO,ESPAŃA,BARCELONA,26
2022,ABRIL,NACIMIENTO,FEMENINO,ESPAŃA,CANTABRIA,2
2022,ABRIL,NACIMIENTO,FEMENINO,ESPAŃA,CASTELLON,1
2022,ABRIL,NACIMIENTO,FEMENINO,ESPAŃA,GRANADA,1
2022,ABRIL,NACIMIENTO,FEMENINO,ESPAŃA,GUADALAJARA,2
2022,ABRIL,NACIMIENTO,FEMENINO,ESPAŃA,LAS PALMAS,1
2022,ABRIL,NACIMIENTO,FEMENINO,ESPAŃA,MADRID,36
2022,ABRIL,NACIMIENTO,FEMENINO,ESPAŃA,MALLORCA,1
2022,ABRIL,NACIMIENTO,FEMENINO,ESPAŃA,MURCIA,1
2022,ABRIL,NACIMIENTO,FEMENINO,ESPAŃA,NAVARRA,2
2022,ABRIL,NACIMIENTO,FEMENINO,ESPAŃA,SALAMANCA,1
2022,ABRIL,NACIMIENTO,FEMENINO,ESPAŃA,SEVILLA,2
2022,ABRIL,NACIMIENTO,FEMENINO,ESPAŃA,SORIA,1
2022,ABRIL,NACIMIENTO,FEMENINO,ESPAŃA,TOLEDO,4
2022,ABRIL,NACIMIENTO,FEMENINO,ESPAŃA,VALENCIA,1
2022,ABRIL,NACIMIENTO,FEMENINO,ESPAŃA,VALLADOLID,1
2022,ABRIL,NACIMIENTO,FEMENINO,ESPAŃA,VIZCAYA,1
2022,ABRIL,NACIMIENTO,FEMENINO,ESPAŃA,ZARAGOZA,1
2022,ABRIL,NACIMIENTO,FEMENINO,ESTADOS UNIDOS DE AMERICA,ALABAMA,1
2022,ABRIL,NACIMIENTO,FEMENINO,ESTADOS UNIDOS DE AMERICA,ARIZONA,1
2022,ABRIL,NACIMIENTO,FEMENINO,ESTADOS UNIDOS DE AMERICA,AUSTIN,1
2022,ABRIL,NACIMIENTO,FEMENINO,ESTADOS UNIDOS DE AMERICA,BOSTON,1
2022,ABRIL,NACIMIENTO,FEMENINO,ESTADOS UNIDOS DE AMERICA,CAROLINA DEL NORTE,1
2022,ABRIL,NACIMIENTO,FEMENINO,ESTADOS UNIDOS DE AMERICA,COLORADO,1
2022,ABRIL,NACIMIENTO,FEMENINO,ESTADOS UNIDOS DE AMERICA,CONNECTICUT,6
2022,ABRIL,NACIMIENTO,FEMENINO,ESTADOS UNIDOS DE AMERICA,DELAWARE,1
2022,ABRIL,NACIMIENTO,FEMENINO,ESTADOS UNIDOS DE AMERICA,FLORIDA,4
2022,ABRIL,NACIMIENTO,FEMENINO,ESTADOS UNIDOS DE AMERICA,FORT LAUDERDALE,1
2022,ABRIL,NACIMIENTO,FEMENINO,ESTADOS UNIDOS DE AMERICA,GEORGIA,8
2022,ABRIL,NACIMIENTO,FEMENINO,ESTADOS UNIDOS DE AMERICA,HOUSTON,3
2022,ABRIL,NACIMIENTO,FEMENINO,ESTADOS UNIDOS DE AMERICA,ILLINOIS,2
2022,ABRIL,NACIMIENTO,FEMENINO,ESTADOS UNIDOS DE AMERICA,KENTUCKY,1
2022,ABRIL,NACIMIENTO,FEMENINO,ESTADOS UNIDOS DE AMERICA,LAS VEGAS,1
2022,ABRIL,NACIMIENTO,FEMENINO,ESTADOS UNIDOS DE AMERICA,LOS ANGELES,12
2022,ABRIL,NACIMIENTO,FEMENINO,ESTADOS UNIDOS DE AMERICA,MARYLAND,4
2022,ABRIL,NACIMIENTO,FEMENINO,ESTADOS UNIDOS DE AMERICA,MIAMI,17
2022,ABRIL,NACIMIENTO,FEMENINO,ESTADOS UNIDOS DE AMERICA,MICHIGAN,2
2022,ABRIL,NACIMIENTO,FEMENINO,ESTADOS UNIDOS DE AMERICA,NUEVA JERSEY,32
2022,ABRIL,NACIMIENTO,FEMENINO,ESTADOS UNIDOS DE AMERICA,NUEVA YORK,32
2022,ABRIL,NACIMIENTO,FEMENINO,ESTADOS UNIDOS DE AMERICA,ORLANDO,2
2022,ABRIL,NACIMIENTO,FEMENINO,ESTADOS UNIDOS DE AMERICA,PENNSYLVANIA,4
