"   ";"ANIO_REGISTRO";"MES_REGISTRO";"TIPO_ACTA";"DE_GENERO";"DEPART_CIUDAD_ESTADO_DOM_SOL";"PROVINCIA_DOM_SOL";"CANT_COPIAS_EMITIDAS"
"1";"2022";"MAYO";"DEFUNCION";"FEMENINO";"AMAZONAS";"BAGUA";"13"
"2";"2022";"MAYO";"DEFUNCION";"FEMENINO";"AMAZONAS";"BONGARA";"3"
"3";"2022";"MAYO";"DEFUNCION";"FEMENINO";"AMAZONAS";"CHACHAPOYAS";"2"
"4";"2022";"MAYO";"DEFUNCION";"FEMENINO";"AMAZONAS";"CONDORCANQUI";"1"
"5";"2022";"MAYO";"DEFUNCION";"FEMENINO";"AMAZONAS";"RODRIGUEZ DE MENDOZA";"3"
"6";"2022";"MAYO";"DEFUNCION";"FEMENINO";"ANCASH";"ASUNCION";"1"
"7";"2022";"MAYO";"DEFUNCION";"FEMENINO";"ANCASH";"BOLOGNESI";"1"
"8";"2022";"MAYO";"DEFUNCION";"FEMENINO";"ANCASH";"CARHUAZ";"3"
"9";"2022";"MAYO";"DEFUNCION";"FEMENINO";"ANCASH";"CASMA";"4"
"10";"2022";"MAYO";"DEFUNCION";"FEMENINO";"ANCASH";"HUARAZ";"29"
"11";"2022";"MAYO";"DEFUNCION";"FEMENINO";"ANCASH";"HUARI";"9"
"12";"2022";"MAYO";"DEFUNCION";"FEMENINO";"ANCASH";"HUARMEY";"2"
"13";"2022";"MAYO";"DEFUNCION";"FEMENINO";"ANCASH";"HUAYLAS";"4"
"14";"2022";"MAYO";"DEFUNCION";"FEMENINO";"ANCASH";"PALLASCA";"2"
"15";"2022";"MAYO";"DEFUNCION";"FEMENINO";"ANCASH";"POMABAMBA";"2"
"16";"2022";"MAYO";"DEFUNCION";"FEMENINO";"ANCASH";"RECUAY";"2"
"17";"2022";"MAYO";"DEFUNCION";"FEMENINO";"ANCASH";"SANTA";"94"
"18";"2022";"MAYO";"DEFUNCION";"FEMENINO";"ANCASH";"YUNGAY";"5"
"19";"2022";"MAYO";"DEFUNCION";"FEMENINO";"APURIMAC";"ABANCAY";"6"
"20";"2022";"MAYO";"DEFUNCION";"FEMENINO";"APURIMAC";"ANDAHUAYLAS";"11"
"21";"2022";"MAYO";"DEFUNCION";"FEMENINO";"APURIMAC";"ANTABAMBA";"1"
"22";"2022";"MAYO";"DEFUNCION";"FEMENINO";"APURIMAC";"AYMARAES";"3"
"23";"2022";"MAYO";"DEFUNCION";"FEMENINO";"APURIMAC";"CHINCHEROS";"9"
"24";"2022";"MAYO";"DEFUNCION";"FEMENINO";"APURIMAC";"COTABAMBAS";"3"
"25";"2022";"MAYO";"DEFUNCION";"FEMENINO";"AREQUIPA";"AREQUIPA";"351"
"26";"2022";"MAYO";"DEFUNCION";"FEMENINO";"AREQUIPA";"CAMANA";"13"
"27";"2022";"MAYO";"DEFUNCION";"FEMENINO";"AREQUIPA";"CARAVELI";"6"
"28";"2022";"MAYO";"DEFUNCION";"FEMENINO";"AREQUIPA";"CASTILLA";"6"
"29";"2022";"MAYO";"DEFUNCION";"FEMENINO";"AREQUIPA";"CAYLLOMA";"29"
"30";"2022";"MAYO";"DEFUNCION";"FEMENINO";"AREQUIPA";"ISLAY";"6"
"31";"2022";"MAYO";"DEFUNCION";"FEMENINO";"AREQUIPA";"LA UNION";"3"
"32";"2022";"MAYO";"DEFUNCION";"FEMENINO";"ARGENTINA";"BUENOS AIRES";"7"
"33";"2022";"MAYO";"DEFUNCION";"FEMENINO";"ARGENTINA";"CORDOBA";"2"
"34";"2022";"MAYO";"DEFUNCION";"FEMENINO";"ARGENTINA";"LA PLATA";"1"
"35";"2022";"MAYO";"DEFUNCION";"FEMENINO";"ARGENTINA";"TUCUMAN";"3"
"36";"2022";"MAYO";"DEFUNCION";"FEMENINO";"AUSTRIA";"ESTIRIA";"1"
"37";"2022";"MAYO";"DEFUNCION";"FEMENINO";"AYACUCHO";"CANGALLO";"12"
"38";"2022";"MAYO";"DEFUNCION";"FEMENINO";"AYACUCHO";"HUAMANGA";"68"
"39";"2022";"MAYO";"DEFUNCION";"FEMENINO";"AYACUCHO";"HUANCA SANCOS";"5"
"40";"2022";"MAYO";"DEFUNCION";"FEMENINO";"AYACUCHO";"LA MAR";"6"
"41";"2022";"MAYO";"DEFUNCION";"FEMENINO";"AYACUCHO";"LUCANAS";"2"
"42";"2022";"MAYO";"DEFUNCION";"FEMENINO";"AYACUCHO";"PARINACOCHAS";"9"
"43";"2022";"MAYO";"DEFUNCION";"FEMENINO";"AYACUCHO";"PAUCAR DEL SARA SARA";"2"
"44";"2022";"MAYO";"DEFUNCION";"FEMENINO";"AYACUCHO";"SUCRE";"1"
"45";"2022";"MAYO";"DEFUNCION";"FEMENINO";"AYACUCHO";"VICTOR FAJARDO";"2"
"46";"2022";"MAYO";"DEFUNCION";"FEMENINO";"AYACUCHO";"VILCAS HUAMAN";"2"
"47";"2022";"MAYO";"DEFUNCION";"FEMENINO";"CAJAMARCA";"CAJABAMBA";"6"
"48";"2022";"MAYO";"DEFUNCION";"FEMENINO";"CAJAMARCA";"CAJAMARCA";"62"
"49";"2022";"MAYO";"DEFUNCION";"FEMENINO";"CAJAMARCA";"CELENDIN";"2"
"50";"2022";"MAYO";"DEFUNCION";"FEMENINO";"CAJAMARCA";"CHOTA";"2"
"51";"2022";"MAYO";"DEFUNCION";"FEMENINO";"CAJAMARCA";"CONTUMAZA";"6"
"52";"2022";"MAYO";"DEFUNCION";"FEMENINO";"CAJAMARCA";"CUTERVO";"9"
"53";"2022";"MAYO";"DEFUNCION";"FEMENINO";"CAJAMARCA";"JAEN";"9"
"54";"2022";"MAYO";"DEFUNCION";"FEMENINO";"CAJAMARCA";"SAN IGNACIO";"16"
"55";"2022";"MAYO";"DEFUNCION";"FEMENINO";"CAJAMARCA";"SAN MIGUEL";"7"
"56";"2022";"MAYO";"DEFUNCION";"FEMENINO";"CAJAMARCA";"SAN PABLO";"1"
"57";"2022";"MAYO";"DEFUNCION";"FEMENINO";"CAJAMARCA";"SANTA CRUZ";"1"
"58";"2022";"MAYO";"DEFUNCION";"FEMENINO";"CALLAO";"CALLAO";"394"
"59";"2022";"MAYO";"DEFUNCION";"FEMENINO";"CHILE";"SANTIAGO";"8"
"60";"2022";"MAYO";"DEFUNCION";"FEMENINO";"CUSCO";"ACOMAYO";"1"
"61";"2022";"MAYO";"DEFUNCION";"FEMENINO";"CUSCO";"ANTA";"10"
"62";"2022";"MAYO";"DEFUNCION";"FEMENINO";"CUSCO";"CALCA";"9"
"63";"2022";"MAYO";"DEFUNCION";"FEMENINO";"CUSCO";"CANAS";"2"
"64";"2022";"MAYO";"DEFUNCION";"FEMENINO";"CUSCO";"CANCHIS";"12"
"65";"2022";"MAYO";"DEFUNCION";"FEMENINO";"CUSCO";"CHUMBIVILCAS";"3"
"66";"2022";"MAYO";"DEFUNCION";"FEMENINO";"CUSCO";"CUSCO";"125"
"67";"2022";"MAYO";"DEFUNCION";"FEMENINO";"CUSCO";"ESPINAR";"1"
"68";"2022";"MAYO";"DEFUNCION";"FEMENINO";"CUSCO";"LA CONVENCION";"31"
"69";"2022";"MAYO";"DEFUNCION";"FEMENINO";"CUSCO";"PARURO";"5"
"70";"2022";"MAYO";"DEFUNCION";"FEMENINO";"CUSCO";"PAUCARTAMBO";"2"
"71";"2022";"MAYO";"DEFUNCION";"FEMENINO";"CUSCO";"QUISPICANCHI";"5"
"72";"2022";"MAYO";"DEFUNCION";"FEMENINO";"CUSCO";"URUBAMBA";"18"
"73";"2022";"MAYO";"DEFUNCION";"FEMENINO";"ESPAŃA";"ALMERIA";"1"
"74";"2022";"MAYO";"DEFUNCION";"FEMENINO";"ESPAŃA";"BARCELONA";"2"
"75";"2022";"MAYO";"DEFUNCION";"FEMENINO";"ESPAŃA";"MADRID";"4"
"76";"2022";"MAYO";"DEFUNCION";"FEMENINO";"ESPAŃA";"SALAMANCA";"1"
"77";"2022";"MAYO";"DEFUNCION";"FEMENINO";"ESPAŃA";"TOLEDO";"1"
"78";"2022";"MAYO";"DEFUNCION";"FEMENINO";"ESTADOS UNIDOS DE AMERICA";"LOS ANGELES";"3"
"79";"2022";"MAYO";"DEFUNCION";"FEMENINO";"ESTADOS UNIDOS DE AMERICA";"MIAMI";"2"
"80";"2022";"MAYO";"DEFUNCION";"FEMENINO";"ESTADOS UNIDOS DE AMERICA";"MICHIGAN";"1"
"81";"2022";"MAYO";"DEFUNCION";"FEMENINO";"ESTADOS UNIDOS DE AMERICA";"NUEVA JERSEY";"3"
"82";"2022";"MAYO";"DEFUNCION";"FEMENINO";"ESTADOS UNIDOS DE AMERICA";"NUEVA YORK";"9"
"83";"2022";"MAYO";"DEFUNCION";"FEMENINO";"ESTADOS UNIDOS DE AMERICA";"ORLANDO";"1"
"84";"2022";"MAYO";"DEFUNCION";"FEMENINO";"ESTADOS UNIDOS DE AMERICA";"PENNSYLVANIA";"1"
"85";"2022";"MAYO";"DEFUNCION";"FEMENINO";"ESTADOS UNIDOS DE AMERICA";"TEXAS";"1"
"86";"2022";"MAYO";"DEFUNCION";"FEMENINO";"GRAN BRETAŃA";"DORSET";"1"
"87";"2022";"MAYO";"DEFUNCION";"FEMENINO";"HUANCAVELICA";"ACOBAMBA";"2"
"88";"2022";"MAYO";"DEFUNCION";"FEMENINO";"HUANCAVELICA";"ANGARAES";"4"
"89";"2022";"MAYO";"DEFUNCION";"FEMENINO";"HUANCAVELICA";"CASTROVIRREYNA";"6"
"90";"2022";"MAYO";"DEFUNCION";"FEMENINO";"HUANCAVELICA";"CHURCAMPA";"2"
"91";"2022";"MAYO";"DEFUNCION";"FEMENINO";"HUANCAVELICA";"HUANCAVELICA";"8"
"92";"2022";"MAYO";"DEFUNCION";"FEMENINO";"HUANCAVELICA";"HUAYTARA";"2"
"93";"2022";"MAYO";"DEFUNCION";"FEMENINO";"HUANCAVELICA";"TAYACAJA";"21"
"94";"2022";"MAYO";"DEFUNCION";"FEMENINO";"HUANUCO";"AMBO";"23"
"95";"2022";"MAYO";"DEFUNCION";"FEMENINO";"HUANUCO";"DOS DE MAYO";"2"
"96";"2022";"MAYO";"DEFUNCION";"FEMENINO";"HUANUCO";"HUACAYBAMBA";"1"
"97";"2022";"MAYO";"DEFUNCION";"FEMENINO";"HUANUCO";"HUAMALIES";"6"
"98";"2022";"MAYO";"DEFUNCION";"FEMENINO";"HUANUCO";"HUANUCO";"41"
"99";"2022";"MAYO";"DEFUNCION";"FEMENINO";"HUANUCO";"LAURICOCHA";"2"
"100";"2022";"MAYO";"DEFUNCION";"FEMENINO";"HUANUCO";"LEONCIO PRADO";"25"
"101";"2022";"MAYO";"DEFUNCION";"FEMENINO";"HUANUCO";"MARAŃON";"2"
"102";"2022";"MAYO";"DEFUNCION";"FEMENINO";"HUANUCO";"PACHITEA";"5"
"103";"2022";"MAYO";"DEFUNCION";"FEMENINO";"HUANUCO";"YAROWILCA";"2"
"104";"2022";"MAYO";"DEFUNCION";"FEMENINO";"ICA";"CHINCHA";"101"
"105";"2022";"MAYO";"DEFUNCION";"FEMENINO";"ICA";"ICA";"194"
"106";"2022";"MAYO";"DEFUNCION";"FEMENINO";"ICA";"NASCA";"15"
"107";"2022";"MAYO";"DEFUNCION";"FEMENINO";"ICA";"PALPA";"1"
"108";"2022";"MAYO";"DEFUNCION";"FEMENINO";"ICA";"PISCO";"95"
"109";"2022";"MAYO";"DEFUNCION";"FEMENINO";"ITALIA";"BOLONIA";"1"
"110";"2022";"MAYO";"DEFUNCION";"FEMENINO";"ITALIA";"MILAN";"5"
"111";"2022";"MAYO";"DEFUNCION";"FEMENINO";"ITALIA";"ROMA";"3"
"112";"2022";"MAYO";"DEFUNCION";"FEMENINO";"ITALIA";"UMBRIA";"1"
"113";"2022";"MAYO";"DEFUNCION";"FEMENINO";"JAPON";"ISHIKAWA";"1"
"114";"2022";"MAYO";"DEFUNCION";"FEMENINO";"JAPON";"KANAGAWA";"1"
"115";"2022";"MAYO";"DEFUNCION";"FEMENINO";"JAPON";"SHIZUOKA";"1"
"116";"2022";"MAYO";"DEFUNCION";"FEMENINO";"JUNIN";"CHANCHAMAYO";"15"
"117";"2022";"MAYO";"DEFUNCION";"FEMENINO";"JUNIN";"CHUPACA";"40"
"118";"2022";"MAYO";"DEFUNCION";"FEMENINO";"JUNIN";"CONCEPCION";"12"
"119";"2022";"MAYO";"DEFUNCION";"FEMENINO";"JUNIN";"HUANCAYO";"177"
"120";"2022";"MAYO";"DEFUNCION";"FEMENINO";"JUNIN";"JAUJA";"17"
"121";"2022";"MAYO";"DEFUNCION";"FEMENINO";"JUNIN";"JUNIN";"1"
"122";"2022";"MAYO";"DEFUNCION";"FEMENINO";"JUNIN";"SATIPO";"9"
"123";"2022";"MAYO";"DEFUNCION";"FEMENINO";"JUNIN";"TARMA";"25"
"124";"2022";"MAYO";"DEFUNCION";"FEMENINO";"JUNIN";"YAULI";"12"
"125";"2022";"MAYO";"DEFUNCION";"FEMENINO";"LA LIBERTAD";"ASCOPE";"67"
"126";"2022";"MAYO";"DEFUNCION";"FEMENINO";"LA LIBERTAD";"CHEPEN";"23"
"127";"2022";"MAYO";"DEFUNCION";"FEMENINO";"LA LIBERTAD";"GRAN CHIMU";"89"
"128";"2022";"MAYO";"DEFUNCION";"FEMENINO";"LA LIBERTAD";"JULCAN";"9"
"129";"2022";"MAYO";"DEFUNCION";"FEMENINO";"LA LIBERTAD";"OTUZCO";"14"
"130";"2022";"MAYO";"DEFUNCION";"FEMENINO";"LA LIBERTAD";"PACASMAYO";"22"
"131";"2022";"MAYO";"DEFUNCION";"FEMENINO";"LA LIBERTAD";"PATAZ";"2"
"132";"2022";"MAYO";"DEFUNCION";"FEMENINO";"LA LIBERTAD";"SANCHEZ CARRION";"8"
"133";"2022";"MAYO";"DEFUNCION";"FEMENINO";"LA LIBERTAD";"SANTIAGO DE CHUCO";"3"
"134";"2022";"MAYO";"DEFUNCION";"FEMENINO";"LA LIBERTAD";"TRUJILLO";"629"
"135";"2022";"MAYO";"DEFUNCION";"FEMENINO";"LA LIBERTAD";"VIRU";"37"
"136";"2022";"MAYO";"DEFUNCION";"FEMENINO";"LAMBAYEQUE";"CHICLAYO";"121"
"137";"2022";"MAYO";"DEFUNCION";"FEMENINO";"LAMBAYEQUE";"FERREŃAFE";"14"
"138";"2022";"MAYO";"DEFUNCION";"FEMENINO";"LAMBAYEQUE";"LAMBAYEQUE";"12"
"139";"2022";"MAYO";"DEFUNCION";"FEMENINO";"LIMA";"BARRANCA";"35"
"140";"2022";"MAYO";"DEFUNCION";"FEMENINO";"LIMA";"CANTA";"1"
"141";"2022";"MAYO";"DEFUNCION";"FEMENINO";"LIMA";"CAŃETE";"64"
"142";"2022";"MAYO";"DEFUNCION";"FEMENINO";"LIMA";"HUARAL";"71"
"143";"2022";"MAYO";"DEFUNCION";"FEMENINO";"LIMA";"HUAROCHIRI";"18"
"144";"2022";"MAYO";"DEFUNCION";"FEMENINO";"LIMA";"HUAURA";"53"
"145";"2022";"MAYO";"DEFUNCION";"FEMENINO";"LIMA";"LIMA";"4575"
"146";"2022";"MAYO";"DEFUNCION";"FEMENINO";"LIMA";"OYON";"2"
"147";"2022";"MAYO";"DEFUNCION";"FEMENINO";"LIMA";"YAUYOS";"5"
"148";"2022";"MAYO";"DEFUNCION";"FEMENINO";"LORETO";"ALTO AMAZONAS";"9"
"149";"2022";"MAYO";"DEFUNCION";"FEMENINO";"LORETO";"DATEM DEL MARAŃON";"1"
"150";"2022";"MAYO";"DEFUNCION";"FEMENINO";"LORETO";"LORETO";"14"
"151";"2022";"MAYO";"DEFUNCION";"FEMENINO";"LORETO";"MAYNAS";"75"
"152";"2022";"MAYO";"DEFUNCION";"FEMENINO";"LORETO";"REQUENA";"4"
"153";"2022";"MAYO";"DEFUNCION";"FEMENINO";"LORETO";"UCAYALI";"4"
"154";"2022";"MAYO";"DEFUNCION";"FEMENINO";"MADRE DE DIOS";"TAMBOPATA";"33"
"155";"2022";"MAYO";"DEFUNCION";"FEMENINO";"MOQUEGUA";"GENERAL SANCHEZ CERRO";"1"
"156";"2022";"MAYO";"DEFUNCION";"FEMENINO";"MOQUEGUA";"ILO";"27"
"157";"2022";"MAYO";"DEFUNCION";"FEMENINO";"MOQUEGUA";"MARISCAL NIETO";"16"
"158";"2022";"MAYO";"DEFUNCION";"FEMENINO";"PARAGUAY";"ALTO PARANA";"1"
"159";"2022";"MAYO";"DEFUNCION";"FEMENINO";"PASCO";"DANIEL ALCIDES CARRION";"3"
"160";"2022";"MAYO";"DEFUNCION";"FEMENINO";"PASCO";"OXAPAMPA";"15"
"161";"2022";"MAYO";"DEFUNCION";"FEMENINO";"PASCO";"PASCO";"13"
"162";"2022";"MAYO";"DEFUNCION";"FEMENINO";"PIURA";"AYABACA";"17"
"163";"2022";"MAYO";"DEFUNCION";"FEMENINO";"PIURA";"HUANCABAMBA";"10"
"164";"2022";"MAYO";"DEFUNCION";"FEMENINO";"PIURA";"MORROPON";"45"
"165";"2022";"MAYO";"DEFUNCION";"FEMENINO";"PIURA";"PAITA";"36"
"166";"2022";"MAYO";"DEFUNCION";"FEMENINO";"PIURA";"PIURA";"148"
"167";"2022";"MAYO";"DEFUNCION";"FEMENINO";"PIURA";"SECHURA";"13"
"168";"2022";"MAYO";"DEFUNCION";"FEMENINO";"PIURA";"SULLANA";"75"
"169";"2022";"MAYO";"DEFUNCION";"FEMENINO";"PIURA";"TALARA";"22"
"170";"2022";"MAYO";"DEFUNCION";"FEMENINO";"PUNO";"AZANGARO";"5"
"171";"2022";"MAYO";"DEFUNCION";"FEMENINO";"PUNO";"CARABAYA";"7"
"172";"2022";"MAYO";"DEFUNCION";"FEMENINO";"PUNO";"CHUCUITO";"8"
"173";"2022";"MAYO";"DEFUNCION";"FEMENINO";"PUNO";"EL COLLAO";"10"
"174";"2022";"MAYO";"DEFUNCION";"FEMENINO";"PUNO";"HUANCANE";"16"
"175";"2022";"MAYO";"DEFUNCION";"FEMENINO";"PUNO";"LAMPA";"6"
"176";"2022";"MAYO";"DEFUNCION";"FEMENINO";"PUNO";"MELGAR";"2"
"177";"2022";"MAYO";"DEFUNCION";"FEMENINO";"PUNO";"MOHO";"2"
"178";"2022";"MAYO";"DEFUNCION";"FEMENINO";"PUNO";"PUNO";"54"
"179";"2022";"MAYO";"DEFUNCION";"FEMENINO";"PUNO";"SAN ANTONIO DE PUTINA";"10"
"180";"2022";"MAYO";"DEFUNCION";"FEMENINO";"PUNO";"SAN ROMAN";"45"
"181";"2022";"MAYO";"DEFUNCION";"FEMENINO";"PUNO";"SANDIA";"7"
"182";"2022";"MAYO";"DEFUNCION";"FEMENINO";"PUNO";"YUNGUYO";"2"
"183";"2022";"MAYO";"DEFUNCION";"FEMENINO";"SAN MARTIN";"BELLAVISTA";"6"
"184";"2022";"MAYO";"DEFUNCION";"FEMENINO";"SAN MARTIN";"EL DORADO";"3"
"185";"2022";"MAYO";"DEFUNCION";"FEMENINO";"SAN MARTIN";"HUALLAGA";"7"
"186";"2022";"MAYO";"DEFUNCION";"FEMENINO";"SAN MARTIN";"LAMAS";"8"
"187";"2022";"MAYO";"DEFUNCION";"FEMENINO";"SAN MARTIN";"MARISCAL CACERES";"11"
"188";"2022";"MAYO";"DEFUNCION";"FEMENINO";"SAN MARTIN";"MOYOBAMBA";"8"
"189";"2022";"MAYO";"DEFUNCION";"FEMENINO";"SAN MARTIN";"PICOTA";"9"
"190";"2022";"MAYO";"DEFUNCION";"FEMENINO";"SAN MARTIN";"RIOJA";"12"
"191";"2022";"MAYO";"DEFUNCION";"FEMENINO";"SAN MARTIN";"SAN MARTIN";"41"
"192";"2022";"MAYO";"DEFUNCION";"FEMENINO";"SAN MARTIN";"TOCACHE";"3"
"193";"2022";"MAYO";"DEFUNCION";"FEMENINO";"TACNA";"JORGE BASADRE";"2"
"194";"2022";"MAYO";"DEFUNCION";"FEMENINO";"TACNA";"TACNA";"76"
"195";"2022";"MAYO";"DEFUNCION";"FEMENINO";"TUMBES";"CONTRALMIRANTE VILLAR";"1"
"196";"2022";"MAYO";"DEFUNCION";"FEMENINO";"TUMBES";"TUMBES";"43"
"197";"2022";"MAYO";"DEFUNCION";"FEMENINO";"TUMBES";"ZARUMILLA";"6"
"198";"2022";"MAYO";"DEFUNCION";"FEMENINO";"UCAYALI";"ATALAYA";"2"
"199";"2022";"MAYO";"DEFUNCION";"FEMENINO";"UCAYALI";"CORONEL PORTILLO";"141"
"200";"2022";"MAYO";"DEFUNCION";"FEMENINO";"UCAYALI";"PADRE ABAD";"4"
"201";"2022";"MAYO";"DEFUNCION";"FEMENINO";"VENEZUELA";"CARACAS";"1"
"202";"2022";"MAYO";"DEFUNCION";"MASCULINO";"ALEMANIA";"RENANIA DEL NORTE-WESTFA";"1"
"203";"2022";"MAYO";"DEFUNCION";"MASCULINO";"AMAZONAS";"BAGUA";"2"
"204";"2022";"MAYO";"DEFUNCION";"MASCULINO";"AMAZONAS";"BONGARA";"1"
"205";"2022";"MAYO";"DEFUNCION";"MASCULINO";"AMAZONAS";"CHACHAPOYAS";"6"
"206";"2022";"MAYO";"DEFUNCION";"MASCULINO";"AMAZONAS";"RODRIGUEZ DE MENDOZA";"3"
"207";"2022";"MAYO";"DEFUNCION";"MASCULINO";"AMAZONAS";"UTCUBAMBA";"3"
"208";"2022";"MAYO";"DEFUNCION";"MASCULINO";"ANCASH";"BOLOGNESI";"3"
"209";"2022";"MAYO";"DEFUNCION";"MASCULINO";"ANCASH";"CARHUAZ";"7"
"210";"2022";"MAYO";"DEFUNCION";"MASCULINO";"ANCASH";"CASMA";"2"
"211";"2022";"MAYO";"DEFUNCION";"MASCULINO";"ANCASH";"CORONGO";"1"
"212";"2022";"MAYO";"DEFUNCION";"MASCULINO";"ANCASH";"HUARAZ";"20"
"213";"2022";"MAYO";"DEFUNCION";"MASCULINO";"ANCASH";"HUARI";"6"
"214";"2022";"MAYO";"DEFUNCION";"MASCULINO";"ANCASH";"HUARMEY";"3"
"215";"2022";"MAYO";"DEFUNCION";"MASCULINO";"ANCASH";"HUAYLAS";"5"
"216";"2022";"MAYO";"DEFUNCION";"MASCULINO";"ANCASH";"RECUAY";"2"
"217";"2022";"MAYO";"DEFUNCION";"MASCULINO";"ANCASH";"SANTA";"75"
"218";"2022";"MAYO";"DEFUNCION";"MASCULINO";"ANCASH";"YUNGAY";"24"
"219";"2022";"MAYO";"DEFUNCION";"MASCULINO";"APURIMAC";"ABANCAY";"10"
"220";"2022";"MAYO";"DEFUNCION";"MASCULINO";"APURIMAC";"ANDAHUAYLAS";"5"
"221";"2022";"MAYO";"DEFUNCION";"MASCULINO";"APURIMAC";"AYMARAES";"1"
"222";"2022";"MAYO";"DEFUNCION";"MASCULINO";"APURIMAC";"CHINCHEROS";"4"
"223";"2022";"MAYO";"DEFUNCION";"MASCULINO";"APURIMAC";"COTABAMBAS";"1"
"224";"2022";"MAYO";"DEFUNCION";"MASCULINO";"AREQUIPA";"AREQUIPA";"201"
"225";"2022";"MAYO";"DEFUNCION";"MASCULINO";"AREQUIPA";"CAMANA";"26"
"226";"2022";"MAYO";"DEFUNCION";"MASCULINO";"AREQUIPA";"CARAVELI";"3"
"227";"2022";"MAYO";"DEFUNCION";"MASCULINO";"AREQUIPA";"CASTILLA";"16"
"228";"2022";"MAYO";"DEFUNCION";"MASCULINO";"AREQUIPA";"CAYLLOMA";"19"
"229";"2022";"MAYO";"DEFUNCION";"MASCULINO";"AREQUIPA";"CONDESUYOS";"1"
"230";"2022";"MAYO";"DEFUNCION";"MASCULINO";"AREQUIPA";"ISLAY";"9"
"231";"2022";"MAYO";"DEFUNCION";"MASCULINO";"ARGENTINA";"BUENOS AIRES";"2"
"232";"2022";"MAYO";"DEFUNCION";"MASCULINO";"AYACUCHO";"CANGALLO";"32"
"233";"2022";"MAYO";"DEFUNCION";"MASCULINO";"AYACUCHO";"HUAMANGA";"55"
"234";"2022";"MAYO";"DEFUNCION";"MASCULINO";"AYACUCHO";"HUANTA";"5"
"235";"2022";"MAYO";"DEFUNCION";"MASCULINO";"AYACUCHO";"LA MAR";"7"
"236";"2022";"MAYO";"DEFUNCION";"MASCULINO";"AYACUCHO";"LUCANAS";"2"
"237";"2022";"MAYO";"DEFUNCION";"MASCULINO";"AYACUCHO";"PARINACOCHAS";"9"
"238";"2022";"MAYO";"DEFUNCION";"MASCULINO";"AYACUCHO";"PAUCAR DEL SARA SARA";"1"
"239";"2022";"MAYO";"DEFUNCION";"MASCULINO";"AYACUCHO";"VICTOR FAJARDO";"2"
"240";"2022";"MAYO";"DEFUNCION";"MASCULINO";"AYACUCHO";"VILCAS HUAMAN";"2"
"241";"2022";"MAYO";"DEFUNCION";"MASCULINO";"BOLIVIA";"COCHABAMBA";"1"
"242";"2022";"MAYO";"DEFUNCION";"MASCULINO";"BRASIL";"SAO PAULO";"1"
"243";"2022";"MAYO";"DEFUNCION";"MASCULINO";"CAJAMARCA";"CAJABAMBA";"4"
"244";"2022";"MAYO";"DEFUNCION";"MASCULINO";"CAJAMARCA";"CAJAMARCA";"68"
"245";"2022";"MAYO";"DEFUNCION";"MASCULINO";"CAJAMARCA";"CHOTA";"2"
"246";"2022";"MAYO";"DEFUNCION";"MASCULINO";"CAJAMARCA";"CONTUMAZA";"2"
"247";"2022";"MAYO";"DEFUNCION";"MASCULINO";"CAJAMARCA";"CUTERVO";"14"
"248";"2022";"MAYO";"DEFUNCION";"MASCULINO";"CAJAMARCA";"HUALGAYOC";"19"
"249";"2022";"MAYO";"DEFUNCION";"MASCULINO";"CAJAMARCA";"JAEN";"40"
"250";"2022";"MAYO";"DEFUNCION";"MASCULINO";"CAJAMARCA";"SAN IGNACIO";"7"
"251";"2022";"MAYO";"DEFUNCION";"MASCULINO";"CAJAMARCA";"SAN MIGUEL";"10"
"252";"2022";"MAYO";"DEFUNCION";"MASCULINO";"CAJAMARCA";"SAN PABLO";"1"
"253";"2022";"MAYO";"DEFUNCION";"MASCULINO";"CAJAMARCA";"SANTA CRUZ";"3"
"254";"2022";"MAYO";"DEFUNCION";"MASCULINO";"CALLAO";"CALLAO";"435"
"255";"2022";"MAYO";"DEFUNCION";"MASCULINO";"CANADA";"VANCOUVER";"1"
"256";"2022";"MAYO";"DEFUNCION";"MASCULINO";"CHILE";"ANTOFAGASTA";"1"
"257";"2022";"MAYO";"DEFUNCION";"MASCULINO";"CHILE";"IQUIQUE";"1"
"258";"2022";"MAYO";"DEFUNCION";"MASCULINO";"CHILE";"SANTIAGO";"7"
"259";"2022";"MAYO";"DEFUNCION";"MASCULINO";"CUSCO";"ACOMAYO";"5"
"260";"2022";"MAYO";"DEFUNCION";"MASCULINO";"CUSCO";"ANTA";"8"
"261";"2022";"MAYO";"DEFUNCION";"MASCULINO";"CUSCO";"CALCA";"5"
"262";"2022";"MAYO";"DEFUNCION";"MASCULINO";"CUSCO";"CANAS";"2"
"263";"2022";"MAYO";"DEFUNCION";"MASCULINO";"CUSCO";"CANCHIS";"33"
"264";"2022";"MAYO";"DEFUNCION";"MASCULINO";"CUSCO";"CHUMBIVILCAS";"4"
"265";"2022";"MAYO";"DEFUNCION";"MASCULINO";"CUSCO";"CUSCO";"96"
"266";"2022";"MAYO";"DEFUNCION";"MASCULINO";"CUSCO";"ESPINAR";"3"
"267";"2022";"MAYO";"DEFUNCION";"MASCULINO";"CUSCO";"LA CONVENCION";"25"
"268";"2022";"MAYO";"DEFUNCION";"MASCULINO";"CUSCO";"PARURO";"1"
"269";"2022";"MAYO";"DEFUNCION";"MASCULINO";"CUSCO";"PAUCARTAMBO";"2"
"270";"2022";"MAYO";"DEFUNCION";"MASCULINO";"CUSCO";"QUISPICANCHI";"12"
"271";"2022";"MAYO";"DEFUNCION";"MASCULINO";"CUSCO";"URUBAMBA";"16"
"272";"2022";"MAYO";"DEFUNCION";"MASCULINO";"ESPAŃA";"BARCELONA";"2"
"273";"2022";"MAYO";"DEFUNCION";"MASCULINO";"ESPAŃA";"CANTABRIA";"1"
"274";"2022";"MAYO";"DEFUNCION";"MASCULINO";"ESPAŃA";"GUADALAJARA";"1"
"275";"2022";"MAYO";"DEFUNCION";"MASCULINO";"ESPAŃA";"LEON";"1"
"276";"2022";"MAYO";"DEFUNCION";"MASCULINO";"ESPAŃA";"MADRID";"12"
"277";"2022";"MAYO";"DEFUNCION";"MASCULINO";"ESPAŃA";"SEVILLA";"1"
"278";"2022";"MAYO";"DEFUNCION";"MASCULINO";"ESPAŃA";"VIZCAYA";"1"
"279";"2022";"MAYO";"DEFUNCION";"MASCULINO";"ESTADOS UNIDOS DE AMERICA";"CAROLINA DEL NORTE";"1"
"280";"2022";"MAYO";"DEFUNCION";"MASCULINO";"ESTADOS UNIDOS DE AMERICA";"CONNECTICUT";"1"
"281";"2022";"MAYO";"DEFUNCION";"MASCULINO";"ESTADOS UNIDOS DE AMERICA";"FLORIDA";"1"
"282";"2022";"MAYO";"DEFUNCION";"MASCULINO";"ESTADOS UNIDOS DE AMERICA";"HOUSTON";"1"
"283";"2022";"MAYO";"DEFUNCION";"MASCULINO";"ESTADOS UNIDOS DE AMERICA";"LOS ANGELES";"2"
"284";"2022";"MAYO";"DEFUNCION";"MASCULINO";"ESTADOS UNIDOS DE AMERICA";"MARYLAND";"1"
"285";"2022";"MAYO";"DEFUNCION";"MASCULINO";"ESTADOS UNIDOS DE AMERICA";"MIAMI";"2"
"286";"2022";"MAYO";"DEFUNCION";"MASCULINO";"ESTADOS UNIDOS DE AMERICA";"NUEVA JERSEY";"4"
"287";"2022";"MAYO";"DEFUNCION";"MASCULINO";"ESTADOS UNIDOS DE AMERICA";"NUEVA YORK";"2"
"288";"2022";"MAYO";"DEFUNCION";"MASCULINO";"ESTADOS UNIDOS DE AMERICA";"TAMPA";"1"
"289";"2022";"MAYO";"DEFUNCION";"MASCULINO";"FRANCIA";"ILE DE FRANCE";"1"
"290";"2022";"MAYO";"DEFUNCION";"MASCULINO";"FRANCIA";"ISLA DE FRANCIA";"2"
"291";"2022";"MAYO";"DEFUNCION";"MASCULINO";"FRANCIA";"PARIS";"1"
"292";"2022";"MAYO";"DEFUNCION";"MASCULINO";"GRAN BRETAŃA";"LONDRES";"3"
"293";"2022";"MAYO";"DEFUNCION";"MASCULINO";"HUANCAVELICA";"ACOBAMBA";"3"
"294";"2022";"MAYO";"DEFUNCION";"MASCULINO";"HUANCAVELICA";"ANGARAES";"4"
"295";"2022";"MAYO";"DEFUNCION";"MASCULINO";"HUANCAVELICA";"CASTROVIRREYNA";"8"
"296";"2022";"MAYO";"DEFUNCION";"MASCULINO";"HUANCAVELICA";"CHURCAMPA";"6"
"297";"2022";"MAYO";"DEFUNCION";"MASCULINO";"HUANCAVELICA";"HUANCAVELICA";"5"
"298";"2022";"MAYO";"DEFUNCION";"MASCULINO";"HUANCAVELICA";"HUAYTARA";"2"
"299";"2022";"MAYO";"DEFUNCION";"MASCULINO";"HUANCAVELICA";"TAYACAJA";"8"
"300";"2022";"MAYO";"DEFUNCION";"MASCULINO";"HUANUCO";"AMBO";"6"
"301";"2022";"MAYO";"DEFUNCION";"MASCULINO";"HUANUCO";"DOS DE MAYO";"3"
"302";"2022";"MAYO";"DEFUNCION";"MASCULINO";"HUANUCO";"HUACAYBAMBA";"4"
"303";"2022";"MAYO";"DEFUNCION";"MASCULINO";"HUANUCO";"HUAMALIES";"3"
"304";"2022";"MAYO";"DEFUNCION";"MASCULINO";"HUANUCO";"HUANUCO";"49"
"305";"2022";"MAYO";"DEFUNCION";"MASCULINO";"HUANUCO";"LEONCIO PRADO";"28"
"306";"2022";"MAYO";"DEFUNCION";"MASCULINO";"HUANUCO";"MARAŃON";"1"
"307";"2022";"MAYO";"DEFUNCION";"MASCULINO";"HUANUCO";"PACHITEA";"8"
"308";"2022";"MAYO";"DEFUNCION";"MASCULINO";"HUANUCO";"PUERTO INCA";"1"
"309";"2022";"MAYO";"DEFUNCION";"MASCULINO";"ICA";"CHINCHA";"128"
"310";"2022";"MAYO";"DEFUNCION";"MASCULINO";"ICA";"ICA";"162"
"311";"2022";"MAYO";"DEFUNCION";"MASCULINO";"ICA";"NASCA";"16"
"312";"2022";"MAYO";"DEFUNCION";"MASCULINO";"ICA";"PALPA";"4"
"313";"2022";"MAYO";"DEFUNCION";"MASCULINO";"ICA";"PISCO";"41"
"314";"2022";"MAYO";"DEFUNCION";"MASCULINO";"ITALIA";"EMILIA ROMAGNA";"1"
"315";"2022";"MAYO";"DEFUNCION";"MASCULINO";"ITALIA";"FLORENCIA";"1"
"316";"2022";"MAYO";"DEFUNCION";"MASCULINO";"ITALIA";"MILAN";"12"
"317";"2022";"MAYO";"DEFUNCION";"MASCULINO";"JAPON";"SHIGA";"1"
"318";"2022";"MAYO";"DEFUNCION";"MASCULINO";"JAPON";"SHIZUOKA";"1"
"319";"2022";"MAYO";"DEFUNCION";"MASCULINO";"JUNIN";"CHANCHAMAYO";"12"
"320";"2022";"MAYO";"DEFUNCION";"MASCULINO";"JUNIN";"CHUPACA";"12"
"321";"2022";"MAYO";"DEFUNCION";"MASCULINO";"JUNIN";"CONCEPCION";"5"
"322";"2022";"MAYO";"DEFUNCION";"MASCULINO";"JUNIN";"HUANCAYO";"194"
"323";"2022";"MAYO";"DEFUNCION";"MASCULINO";"JUNIN";"JAUJA";"9"
"324";"2022";"MAYO";"DEFUNCION";"MASCULINO";"JUNIN";"JUNIN";"9"
"325";"2022";"MAYO";"DEFUNCION";"MASCULINO";"JUNIN";"SATIPO";"6"
"326";"2022";"MAYO";"DEFUNCION";"MASCULINO";"JUNIN";"TARMA";"10"
"327";"2022";"MAYO";"DEFUNCION";"MASCULINO";"JUNIN";"YAULI";"5"
"328";"2022";"MAYO";"DEFUNCION";"MASCULINO";"LA LIBERTAD";"ASCOPE";"38"
"329";"2022";"MAYO";"DEFUNCION";"MASCULINO";"LA LIBERTAD";"BOLIVAR";"1"
"330";"2022";"MAYO";"DEFUNCION";"MASCULINO";"LA LIBERTAD";"CHEPEN";"26"
"331";"2022";"MAYO";"DEFUNCION";"MASCULINO";"LA LIBERTAD";"JULCAN";"5"
"332";"2022";"MAYO";"DEFUNCION";"MASCULINO";"LA LIBERTAD";"OTUZCO";"24"
"333";"2022";"MAYO";"DEFUNCION";"MASCULINO";"LA LIBERTAD";"PACASMAYO";"30"
"334";"2022";"MAYO";"DEFUNCION";"MASCULINO";"LA LIBERTAD";"PATAZ";"4"
"335";"2022";"MAYO";"DEFUNCION";"MASCULINO";"LA LIBERTAD";"SANCHEZ CARRION";"6"
"336";"2022";"MAYO";"DEFUNCION";"MASCULINO";"LA LIBERTAD";"SANTIAGO DE CHUCO";"9"
"337";"2022";"MAYO";"DEFUNCION";"MASCULINO";"LA LIBERTAD";"TRUJILLO";"728"
"338";"2022";"MAYO";"DEFUNCION";"MASCULINO";"LA LIBERTAD";"VIRU";"10"
"339";"2022";"MAYO";"DEFUNCION";"MASCULINO";"LAMBAYEQUE";"CHICLAYO";"146"
"340";"2022";"MAYO";"DEFUNCION";"MASCULINO";"LAMBAYEQUE";"FERREŃAFE";"5"
"341";"2022";"MAYO";"DEFUNCION";"MASCULINO";"LAMBAYEQUE";"LAMBAYEQUE";"13"
"342";"2022";"MAYO";"DEFUNCION";"MASCULINO";"LIMA";"BARRANCA";"33"
"343";"2022";"MAYO";"DEFUNCION";"MASCULINO";"LIMA";"CANTA";"3"
"344";"2022";"MAYO";"DEFUNCION";"MASCULINO";"LIMA";"CAŃETE";"37"
"345";"2022";"MAYO";"DEFUNCION";"MASCULINO";"LIMA";"HUARAL";"55"
"346";"2022";"MAYO";"DEFUNCION";"MASCULINO";"LIMA";"HUAROCHIRI";"17"
"347";"2022";"MAYO";"DEFUNCION";"MASCULINO";"LIMA";"HUAURA";"112"
"348";"2022";"MAYO";"DEFUNCION";"MASCULINO";"LIMA";"LIMA";"5348"
"349";"2022";"MAYO";"DEFUNCION";"MASCULINO";"LIMA";"OYON";"7"
"350";"2022";"MAYO";"DEFUNCION";"MASCULINO";"LIMA";"YAUYOS";"3"
"351";"2022";"MAYO";"DEFUNCION";"MASCULINO";"LORETO";"ALTO AMAZONAS";"9"
"352";"2022";"MAYO";"DEFUNCION";"MASCULINO";"LORETO";"DATEM DEL MARAŃON";"2"
"353";"2022";"MAYO";"DEFUNCION";"MASCULINO";"LORETO";"LORETO";"6"
"354";"2022";"MAYO";"DEFUNCION";"MASCULINO";"LORETO";"MARISCAL RAMON CASTILLA";"1"
"355";"2022";"MAYO";"DEFUNCION";"MASCULINO";"LORETO";"MAYNAS";"58"
"356";"2022";"MAYO";"DEFUNCION";"MASCULINO";"LORETO";"PUTUMAYO";"1"
"357";"2022";"MAYO";"DEFUNCION";"MASCULINO";"LORETO";"REQUENA";"3"
"358";"2022";"MAYO";"DEFUNCION";"MASCULINO";"LORETO";"UCAYALI";"2"
"359";"2022";"MAYO";"DEFUNCION";"MASCULINO";"MADRE DE DIOS";"MANU";"1"
"360";"2022";"MAYO";"DEFUNCION";"MASCULINO";"MADRE DE DIOS";"TAHUAMANU";"1"
"361";"2022";"MAYO";"DEFUNCION";"MASCULINO";"MADRE DE DIOS";"TAMBOPATA";"31"
"362";"2022";"MAYO";"DEFUNCION";"MASCULINO";"MOQUEGUA";"GENERAL SANCHEZ CERRO";"1"
"363";"2022";"MAYO";"DEFUNCION";"MASCULINO";"MOQUEGUA";"ILO";"20"
"364";"2022";"MAYO";"DEFUNCION";"MASCULINO";"MOQUEGUA";"MARISCAL NIETO";"26"
"365";"2022";"MAYO";"DEFUNCION";"MASCULINO";"PASCO";"DANIEL ALCIDES CARRION";"1"
"366";"2022";"MAYO";"DEFUNCION";"MASCULINO";"PASCO";"OXAPAMPA";"19"
"367";"2022";"MAYO";"DEFUNCION";"MASCULINO";"PASCO";"PASCO";"22"
"368";"2022";"MAYO";"DEFUNCION";"MASCULINO";"PIURA";"AYABACA";"12"
"369";"2022";"MAYO";"DEFUNCION";"MASCULINO";"PIURA";"HUANCABAMBA";"15"
"370";"2022";"MAYO";"DEFUNCION";"MASCULINO";"PIURA";"MORROPON";"25"
"371";"2022";"MAYO";"DEFUNCION";"MASCULINO";"PIURA";"PAITA";"21"
"372";"2022";"MAYO";"DEFUNCION";"MASCULINO";"PIURA";"PIURA";"219"
"373";"2022";"MAYO";"DEFUNCION";"MASCULINO";"PIURA";"SECHURA";"14"
"374";"2022";"MAYO";"DEFUNCION";"MASCULINO";"PIURA";"SULLANA";"71"
"375";"2022";"MAYO";"DEFUNCION";"MASCULINO";"PIURA";"TALARA";"22"
"376";"2022";"MAYO";"DEFUNCION";"MASCULINO";"PUNO";"AZANGARO";"5"
"377";"2022";"MAYO";"DEFUNCION";"MASCULINO";"PUNO";"CARABAYA";"3"
"378";"2022";"MAYO";"DEFUNCION";"MASCULINO";"PUNO";"CHUCUITO";"8"
"379";"2022";"MAYO";"DEFUNCION";"MASCULINO";"PUNO";"EL COLLAO";"10"
"380";"2022";"MAYO";"DEFUNCION";"MASCULINO";"PUNO";"HUANCANE";"19"
"381";"2022";"MAYO";"DEFUNCION";"MASCULINO";"PUNO";"LAMPA";"5"
"382";"2022";"MAYO";"DEFUNCION";"MASCULINO";"PUNO";"MELGAR";"10"
"383";"2022";"MAYO";"DEFUNCION";"MASCULINO";"PUNO";"MOHO";"7"
"384";"2022";"MAYO";"DEFUNCION";"MASCULINO";"PUNO";"PUNO";"36"
"385";"2022";"MAYO";"DEFUNCION";"MASCULINO";"PUNO";"SAN ANTONIO DE PUTINA";"7"
"386";"2022";"MAYO";"DEFUNCION";"MASCULINO";"PUNO";"SAN ROMAN";"64"
"387";"2022";"MAYO";"DEFUNCION";"MASCULINO";"PUNO";"SANDIA";"5"
"388";"2022";"MAYO";"DEFUNCION";"MASCULINO";"PUNO";"YUNGUYO";"2"
"389";"2022";"MAYO";"DEFUNCION";"MASCULINO";"REPUBLICA DOMINICANA";"SANTO DOMINGO";"1"
"390";"2022";"MAYO";"DEFUNCION";"MASCULINO";"SAN MARTIN";"BELLAVISTA";"4"
"391";"2022";"MAYO";"DEFUNCION";"MASCULINO";"SAN MARTIN";"EL DORADO";"4"
"392";"2022";"MAYO";"DEFUNCION";"MASCULINO";"SAN MARTIN";"HUALLAGA";"1"
"393";"2022";"MAYO";"DEFUNCION";"MASCULINO";"SAN MARTIN";"LAMAS";"7"
"394";"2022";"MAYO";"DEFUNCION";"MASCULINO";"SAN MARTIN";"MARISCAL CACERES";"5"
"395";"2022";"MAYO";"DEFUNCION";"MASCULINO";"SAN MARTIN";"MOYOBAMBA";"5"
"396";"2022";"MAYO";"DEFUNCION";"MASCULINO";"SAN MARTIN";"PICOTA";"10"
"397";"2022";"MAYO";"DEFUNCION";"MASCULINO";"SAN MARTIN";"RIOJA";"17"
"398";"2022";"MAYO";"DEFUNCION";"MASCULINO";"SAN MARTIN";"SAN MARTIN";"26"
"399";"2022";"MAYO";"DEFUNCION";"MASCULINO";"SAN MARTIN";"TOCACHE";"3"
"400";"2022";"MAYO";"DEFUNCION";"MASCULINO";"TACNA";"CANDARAVE";"1"
"401";"2022";"MAYO";"DEFUNCION";"MASCULINO";"TACNA";"TACNA";"73"
"402";"2022";"MAYO";"DEFUNCION";"MASCULINO";"TACNA";"TARATA";"3"
"403";"2022";"MAYO";"DEFUNCION";"MASCULINO";"TUMBES";"CONTRALMIRANTE VILLAR";"6"
"404";"2022";"MAYO";"DEFUNCION";"MASCULINO";"TUMBES";"TUMBES";"29"
"405";"2022";"MAYO";"DEFUNCION";"MASCULINO";"TUMBES";"ZARUMILLA";"2"
"406";"2022";"MAYO";"DEFUNCION";"MASCULINO";"UCAYALI";"ATALAYA";"1"
"407";"2022";"MAYO";"DEFUNCION";"MASCULINO";"UCAYALI";"CORONEL PORTILLO";"70"
"408";"2022";"MAYO";"DEFUNCION";"MASCULINO";"UCAYALI";"PADRE ABAD";"1"
"409";"2022";"MAYO";"MATRIMONIO";"FEMENINO";"AMAZONAS";"CHACHAPOYAS";"2"
"410";"2022";"MAYO";"MATRIMONIO";"FEMENINO";"AMAZONAS";"UTCUBAMBA";"1"
"411";"2022";"MAYO";"MATRIMONIO";"FEMENINO";"ANCASH";"BOLOGNESI";"1"
"412";"2022";"MAYO";"MATRIMONIO";"FEMENINO";"ANCASH";"CASMA";"2"
"413";"2022";"MAYO";"MATRIMONIO";"FEMENINO";"ANCASH";"HUARAZ";"1"
"414";"2022";"MAYO";"MATRIMONIO";"FEMENINO";"ANCASH";"HUARI";"2"
"415";"2022";"MAYO";"MATRIMONIO";"FEMENINO";"ANCASH";"HUAYLAS";"1"
"416";"2022";"MAYO";"MATRIMONIO";"FEMENINO";"ANCASH";"RECUAY";"1"
"417";"2022";"MAYO";"MATRIMONIO";"FEMENINO";"ANCASH";"SANTA";"21"
"418";"2022";"MAYO";"MATRIMONIO";"FEMENINO";"APURIMAC";"ABANCAY";"3"
"419";"2022";"MAYO";"MATRIMONIO";"FEMENINO";"APURIMAC";"ANDAHUAYLAS";"1"
"420";"2022";"MAYO";"MATRIMONIO";"FEMENINO";"APURIMAC";"AYMARAES";"2"
"421";"2022";"MAYO";"MATRIMONIO";"FEMENINO";"APURIMAC";"COTABAMBAS";"1"
"422";"2022";"MAYO";"MATRIMONIO";"FEMENINO";"AREQUIPA";"AREQUIPA";"76"
"423";"2022";"MAYO";"MATRIMONIO";"FEMENINO";"AREQUIPA";"CAMANA";"5"
"424";"2022";"MAYO";"MATRIMONIO";"FEMENINO";"AREQUIPA";"CAYLLOMA";"2"
"425";"2022";"MAYO";"MATRIMONIO";"FEMENINO";"AREQUIPA";"ISLAY";"2"
"426";"2022";"MAYO";"MATRIMONIO";"FEMENINO";"ARGENTINA";"BUENOS AIRES";"5"
"427";"2022";"MAYO";"MATRIMONIO";"FEMENINO";"ARGENTINA";"LA PLATA";"1"
"428";"2022";"MAYO";"MATRIMONIO";"FEMENINO";"AUSTRALIA";"SIDNEY";"1"
"429";"2022";"MAYO";"MATRIMONIO";"FEMENINO";"AYACUCHO";"CANGALLO";"1"
"430";"2022";"MAYO";"MATRIMONIO";"FEMENINO";"AYACUCHO";"HUAMANGA";"20"
"431";"2022";"MAYO";"MATRIMONIO";"FEMENINO";"AYACUCHO";"HUANTA";"1"
"432";"2022";"MAYO";"MATRIMONIO";"FEMENINO";"AYACUCHO";"PARINACOCHAS";"1"
"433";"2022";"MAYO";"MATRIMONIO";"FEMENINO";"CAJAMARCA";"CAJAMARCA";"41"
"434";"2022";"MAYO";"MATRIMONIO";"FEMENINO";"CAJAMARCA";"CELENDIN";"1"
"435";"2022";"MAYO";"MATRIMONIO";"FEMENINO";"CAJAMARCA";"CUTERVO";"20"
"436";"2022";"MAYO";"MATRIMONIO";"FEMENINO";"CAJAMARCA";"SAN IGNACIO";"2"
"437";"2022";"MAYO";"MATRIMONIO";"FEMENINO";"CAJAMARCA";"SAN MIGUEL";"1"
"438";"2022";"MAYO";"MATRIMONIO";"FEMENINO";"CALLAO";"CALLAO";"368"
"439";"2022";"MAYO";"MATRIMONIO";"FEMENINO";"CANADA";"MONTREAL";"2"
"440";"2022";"MAYO";"MATRIMONIO";"FEMENINO";"CANADA";"TORONTO";"1"
"441";"2022";"MAYO";"MATRIMONIO";"FEMENINO";"CHILE";"SANTIAGO";"4"
"442";"2022";"MAYO";"MATRIMONIO";"FEMENINO";"CUSCO";"ANTA";"2"
"443";"2022";"MAYO";"MATRIMONIO";"FEMENINO";"CUSCO";"CUSCO";"55"
"444";"2022";"MAYO";"MATRIMONIO";"FEMENINO";"CUSCO";"ESPINAR";"1"
"445";"2022";"MAYO";"MATRIMONIO";"FEMENINO";"CUSCO";"LA CONVENCION";"1"
"446";"2022";"MAYO";"MATRIMONIO";"FEMENINO";"CUSCO";"PARURO";"2"
"447";"2022";"MAYO";"MATRIMONIO";"FEMENINO";"CUSCO";"QUISPICANCHI";"2"
"448";"2022";"MAYO";"MATRIMONIO";"FEMENINO";"CUSCO";"URUBAMBA";"1"
"449";"2022";"MAYO";"MATRIMONIO";"FEMENINO";"ESPAŃA";"ALMERIA";"1"
"450";"2022";"MAYO";"MATRIMONIO";"FEMENINO";"ESPAŃA";"BARCELONA";"9"
"451";"2022";"MAYO";"MATRIMONIO";"FEMENINO";"ESPAŃA";"CANTABRIA";"1"
"452";"2022";"MAYO";"MATRIMONIO";"FEMENINO";"ESPAŃA";"GUADALAJARA";"2"
"453";"2022";"MAYO";"MATRIMONIO";"FEMENINO";"ESPAŃA";"HUESCA";"1"
"454";"2022";"MAYO";"MATRIMONIO";"FEMENINO";"ESPAŃA";"MADRID";"14"
"455";"2022";"MAYO";"MATRIMONIO";"FEMENINO";"ESPAŃA";"NAVARRA";"1"
"456";"2022";"MAYO";"MATRIMONIO";"FEMENINO";"ESPAŃA";"SALAMANCA";"1"
"457";"2022";"MAYO";"MATRIMONIO";"FEMENINO";"ESPAŃA";"SEGOVIA";"1"
"458";"2022";"MAYO";"MATRIMONIO";"FEMENINO";"ESPAŃA";"SEVILLA";"2"
"459";"2022";"MAYO";"MATRIMONIO";"FEMENINO";"ESPAŃA";"VALENCIA";"1"
"460";"2022";"MAYO";"MATRIMONIO";"FEMENINO";"ESPAŃA";"VIZCAYA";"2"
"461";"2022";"MAYO";"MATRIMONIO";"FEMENINO";"ESPAŃA";"ZARAGOZA";"1"
"462";"2022";"MAYO";"MATRIMONIO";"FEMENINO";"ESTADOS UNIDOS DE AMERICA";"ATLANTA";"1"
"463";"2022";"MAYO";"MATRIMONIO";"FEMENINO";"ESTADOS UNIDOS DE AMERICA";"BOSTON";"2"
"464";"2022";"MAYO";"MATRIMONIO";"FEMENINO";"ESTADOS UNIDOS DE AMERICA";"CONNECTICUT";"4"
"465";"2022";"MAYO";"MATRIMONIO";"FEMENINO";"ESTADOS UNIDOS DE AMERICA";"DELAWARE";"1"
"466";"2022";"MAYO";"MATRIMONIO";"FEMENINO";"ESTADOS UNIDOS DE AMERICA";"FLORIDA";"2"
"467";"2022";"MAYO";"MATRIMONIO";"FEMENINO";"ESTADOS UNIDOS DE AMERICA";"HOUSTON";"1"
"468";"2022";"MAYO";"MATRIMONIO";"FEMENINO";"ESTADOS UNIDOS DE AMERICA";"LOS ANGELES";"4"
"469";"2022";"MAYO";"MATRIMONIO";"FEMENINO";"ESTADOS UNIDOS DE AMERICA";"MARYLAND";"2"
"470";"2022";"MAYO";"MATRIMONIO";"FEMENINO";"ESTADOS UNIDOS DE AMERICA";"MIAMI";"7"
"471";"2022";"MAYO";"MATRIMONIO";"FEMENINO";"ESTADOS UNIDOS DE AMERICA";"NUEVA JERSEY";"3"
"472";"2022";"MAYO";"MATRIMONIO";"FEMENINO";"ESTADOS UNIDOS DE AMERICA";"NUEVA YORK";"10"
"473";"2022";"MAYO";"MATRIMONIO";"FEMENINO";"ESTADOS UNIDOS DE AMERICA";"ORLANDO";"2"
"474";"2022";"MAYO";"MATRIMONIO";"FEMENINO";"ESTADOS UNIDOS DE AMERICA";"PENNSYLVANIA";"1"
"475";"2022";"MAYO";"MATRIMONIO";"FEMENINO";"ESTADOS UNIDOS DE AMERICA";"SAN ANTONIO";"1"
"476";"2022";"MAYO";"MATRIMONIO";"FEMENINO";"ESTADOS UNIDOS DE AMERICA";"SAN FRANCISCO";"2"
"477";"2022";"MAYO";"MATRIMONIO";"FEMENINO";"ESTADOS UNIDOS DE AMERICA";"TAMPA";"1"
"478";"2022";"MAYO";"MATRIMONIO";"FEMENINO";"ESTADOS UNIDOS DE AMERICA";"UTAH";"1"
"479";"2022";"MAYO";"MATRIMONIO";"FEMENINO";"ESTADOS UNIDOS DE AMERICA";"VIRGINIA";"4"
"480";"2022";"MAYO";"MATRIMONIO";"FEMENINO";"FRANCIA";"PARIS";"2"
"481";"2022";"MAYO";"MATRIMONIO";"FEMENINO";"GRAN BRETAŃA";"DORSET";"1"
"482";"2022";"MAYO";"MATRIMONIO";"FEMENINO";"HUANCAVELICA";"ANGARAES";"1"
"483";"2022";"MAYO";"MATRIMONIO";"FEMENINO";"HUANCAVELICA";"CHURCAMPA";"3"
"484";"2022";"MAYO";"MATRIMONIO";"FEMENINO";"HUANCAVELICA";"HUANCAVELICA";"2"
"485";"2022";"MAYO";"MATRIMONIO";"FEMENINO";"HUANUCO";"HUAMALIES";"1"
"486";"2022";"MAYO";"MATRIMONIO";"FEMENINO";"HUANUCO";"HUANUCO";"8"
"487";"2022";"MAYO";"MATRIMONIO";"FEMENINO";"HUANUCO";"LEONCIO PRADO";"4"
"488";"2022";"MAYO";"MATRIMONIO";"FEMENINO";"ICA";"CHINCHA";"10"
"489";"2022";"MAYO";"MATRIMONIO";"FEMENINO";"ICA";"ICA";"33"
"490";"2022";"MAYO";"MATRIMONIO";"FEMENINO";"ICA";"NASCA";"5"
"491";"2022";"MAYO";"MATRIMONIO";"FEMENINO";"ICA";"PISCO";"9"
"492";"2022";"MAYO";"MATRIMONIO";"FEMENINO";"ISRAEL";"TEL AVIV";"1"
"493";"2022";"MAYO";"MATRIMONIO";"FEMENINO";"ITALIA";"BERGAMO";"1"
"494";"2022";"MAYO";"MATRIMONIO";"FEMENINO";"ITALIA";"BOLONIA";"1"
"495";"2022";"MAYO";"MATRIMONIO";"FEMENINO";"ITALIA";"BRESCIA";"1"
"496";"2022";"MAYO";"MATRIMONIO";"FEMENINO";"ITALIA";"CERDEŃA";"1"
"497";"2022";"MAYO";"MATRIMONIO";"FEMENINO";"ITALIA";"LACIO";"1"
"498";"2022";"MAYO";"MATRIMONIO";"FEMENINO";"ITALIA";"LOMBARDIA";"1"
"499";"2022";"MAYO";"MATRIMONIO";"FEMENINO";"ITALIA";"MILAN";"6"
"500";"2022";"MAYO";"MATRIMONIO";"FEMENINO";"ITALIA";"TURIN";"2"
"501";"2022";"MAYO";"MATRIMONIO";"FEMENINO";"JAPON";"AICHI";"2"
"502";"2022";"MAYO";"MATRIMONIO";"FEMENINO";"JAPON";"SHIZUOKA";"1"
"503";"2022";"MAYO";"MATRIMONIO";"FEMENINO";"JUNIN";"CHANCHAMAYO";"2"
"504";"2022";"MAYO";"MATRIMONIO";"FEMENINO";"JUNIN";"CHUPACA";"2"
"505";"2022";"MAYO";"MATRIMONIO";"FEMENINO";"JUNIN";"CONCEPCION";"1"
"506";"2022";"MAYO";"MATRIMONIO";"FEMENINO";"JUNIN";"HUANCAYO";"16"
"507";"2022";"MAYO";"MATRIMONIO";"FEMENINO";"JUNIN";"JAUJA";"5"
"508";"2022";"MAYO";"MATRIMONIO";"FEMENINO";"JUNIN";"SATIPO";"3"
"509";"2022";"MAYO";"MATRIMONIO";"FEMENINO";"JUNIN";"TARMA";"1"
"510";"2022";"MAYO";"MATRIMONIO";"FEMENINO";"JUNIN";"YAULI";"1"
"511";"2022";"MAYO";"MATRIMONIO";"FEMENINO";"LA LIBERTAD";"ASCOPE";"3"
"512";"2022";"MAYO";"MATRIMONIO";"FEMENINO";"LA LIBERTAD";"GRAN CHIMU";"1"
"513";"2022";"MAYO";"MATRIMONIO";"FEMENINO";"LA LIBERTAD";"JULCAN";"1"
"514";"2022";"MAYO";"MATRIMONIO";"FEMENINO";"LA LIBERTAD";"PACASMAYO";"2"
"515";"2022";"MAYO";"MATRIMONIO";"FEMENINO";"LA LIBERTAD";"TRUJILLO";"148"
"516";"2022";"MAYO";"MATRIMONIO";"FEMENINO";"LA LIBERTAD";"VIRU";"3"
"517";"2022";"MAYO";"MATRIMONIO";"FEMENINO";"LAMBAYEQUE";"CHICLAYO";"74"
"518";"2022";"MAYO";"MATRIMONIO";"FEMENINO";"LAMBAYEQUE";"FERREŃAFE";"3"
"519";"2022";"MAYO";"MATRIMONIO";"FEMENINO";"LAMBAYEQUE";"LAMBAYEQUE";"7"
"520";"2022";"MAYO";"MATRIMONIO";"FEMENINO";"LIMA";"BARRANCA";"12"
"521";"2022";"MAYO";"MATRIMONIO";"FEMENINO";"LIMA";"CANTA";"3"
"522";"2022";"MAYO";"MATRIMONIO";"FEMENINO";"LIMA";"CAŃETE";"19"
"523";"2022";"MAYO";"MATRIMONIO";"FEMENINO";"LIMA";"HUARAL";"13"
"524";"2022";"MAYO";"MATRIMONIO";"FEMENINO";"LIMA";"HUAROCHIRI";"12"
"525";"2022";"MAYO";"MATRIMONIO";"FEMENINO";"LIMA";"HUAURA";"17"
"526";"2022";"MAYO";"MATRIMONIO";"FEMENINO";"LIMA";"LIMA";"4256"
"527";"2022";"MAYO";"MATRIMONIO";"FEMENINO";"LIMA";"YAUYOS";"1"
"528";"2022";"MAYO";"MATRIMONIO";"FEMENINO";"LORETO";"ALTO AMAZONAS";"1"
"529";"2022";"MAYO";"MATRIMONIO";"FEMENINO";"LORETO";"DATEM DEL MARAŃON";"1"
"530";"2022";"MAYO";"MATRIMONIO";"FEMENINO";"LORETO";"MAYNAS";"58"
"531";"2022";"MAYO";"MATRIMONIO";"FEMENINO";"LORETO";"UCAYALI";"1"
"532";"2022";"MAYO";"MATRIMONIO";"FEMENINO";"MADRE DE DIOS";"TAMBOPATA";"7"
"533";"2022";"MAYO";"MATRIMONIO";"FEMENINO";"MOQUEGUA";"ILO";"5"
"534";"2022";"MAYO";"MATRIMONIO";"FEMENINO";"MOQUEGUA";"MARISCAL NIETO";"4"
"535";"2022";"MAYO";"MATRIMONIO";"FEMENINO";"PASCO";"OXAPAMPA";"1"
"536";"2022";"MAYO";"MATRIMONIO";"FEMENINO";"PASCO";"PASCO";"5"
"537";"2022";"MAYO";"MATRIMONIO";"FEMENINO";"PIURA";"AYABACA";"1"
"538";"2022";"MAYO";"MATRIMONIO";"FEMENINO";"PIURA";"MORROPON";"7"
"539";"2022";"MAYO";"MATRIMONIO";"FEMENINO";"PIURA";"PAITA";"4"
"540";"2022";"MAYO";"MATRIMONIO";"FEMENINO";"PIURA";"PIURA";"91"
"541";"2022";"MAYO";"MATRIMONIO";"FEMENINO";"PIURA";"SECHURA";"1"
"542";"2022";"MAYO";"MATRIMONIO";"FEMENINO";"PIURA";"SULLANA";"23"
"543";"2022";"MAYO";"MATRIMONIO";"FEMENINO";"PIURA";"TALARA";"6"
"544";"2022";"MAYO";"MATRIMONIO";"FEMENINO";"PUNO";"EL COLLAO";"1"
"545";"2022";"MAYO";"MATRIMONIO";"FEMENINO";"PUNO";"MELGAR";"1"
"546";"2022";"MAYO";"MATRIMONIO";"FEMENINO";"PUNO";"PUNO";"2"
"547";"2022";"MAYO";"MATRIMONIO";"FEMENINO";"PUNO";"SAN ROMAN";"10"
"548";"2022";"MAYO";"MATRIMONIO";"FEMENINO";"PUNO";"SANDIA";"1"
"549";"2022";"MAYO";"MATRIMONIO";"FEMENINO";"SAN MARTIN";"LAMAS";"2"
"550";"2022";"MAYO";"MATRIMONIO";"FEMENINO";"SAN MARTIN";"MOYOBAMBA";"1"
"551";"2022";"MAYO";"MATRIMONIO";"FEMENINO";"SAN MARTIN";"SAN MARTIN";"11"
"552";"2022";"MAYO";"MATRIMONIO";"FEMENINO";"SUIZA";"GINEBRA";"1"
"553";"2022";"MAYO";"MATRIMONIO";"FEMENINO";"TACNA";"JORGE BASADRE";"1"
"554";"2022";"MAYO";"MATRIMONIO";"FEMENINO";"TACNA";"TACNA";"14"
"555";"2022";"MAYO";"MATRIMONIO";"FEMENINO";"TUMBES";"TUMBES";"31"
"556";"2022";"MAYO";"MATRIMONIO";"FEMENINO";"TUMBES";"ZARUMILLA";"1"
"557";"2022";"MAYO";"MATRIMONIO";"FEMENINO";"UCAYALI";"ATALAYA";"1"
"558";"2022";"MAYO";"MATRIMONIO";"FEMENINO";"UCAYALI";"CORONEL PORTILLO";"32"
"559";"2022";"MAYO";"MATRIMONIO";"FEMENINO";"UCAYALI";"PADRE ABAD";"1"
"560";"2022";"MAYO";"MATRIMONIO";"MASCULINO";"AMAZONAS";"BONGARA";"1"
"561";"2022";"MAYO";"MATRIMONIO";"MASCULINO";"AMAZONAS";"CHACHAPOYAS";"3"
"562";"2022";"MAYO";"MATRIMONIO";"MASCULINO";"AMAZONAS";"RODRIGUEZ DE MENDOZA";"2"
"563";"2022";"MAYO";"MATRIMONIO";"MASCULINO";"ANCASH";"ANTONIO RAIMONDI";"1"
"564";"2022";"MAYO";"MATRIMONIO";"MASCULINO";"ANCASH";"BOLOGNESI";"1"
"565";"2022";"MAYO";"MATRIMONIO";"MASCULINO";"ANCASH";"CARHUAZ";"1"
"566";"2022";"MAYO";"MATRIMONIO";"MASCULINO";"ANCASH";"CASMA";"2"
"567";"2022";"MAYO";"MATRIMONIO";"MASCULINO";"ANCASH";"CORONGO";"1"
"568";"2022";"MAYO";"MATRIMONIO";"MASCULINO";"ANCASH";"HUARAZ";"1"
"569";"2022";"MAYO";"MATRIMONIO";"MASCULINO";"ANCASH";"HUARMEY";"1"
"570";"2022";"MAYO";"MATRIMONIO";"MASCULINO";"ANCASH";"OCROS";"1"
"571";"2022";"MAYO";"MATRIMONIO";"MASCULINO";"ANCASH";"SANTA";"21"
"572";"2022";"MAYO";"MATRIMONIO";"MASCULINO";"ANCASH";"SIHUAS";"1"
"573";"2022";"MAYO";"MATRIMONIO";"MASCULINO";"APURIMAC";"ABANCAY";"3"
"574";"2022";"MAYO";"MATRIMONIO";"MASCULINO";"APURIMAC";"ANDAHUAYLAS";"1"
"575";"2022";"MAYO";"MATRIMONIO";"MASCULINO";"APURIMAC";"ANTABAMBA";"2"
"576";"2022";"MAYO";"MATRIMONIO";"MASCULINO";"APURIMAC";"CHINCHEROS";"1"
"577";"2022";"MAYO";"MATRIMONIO";"MASCULINO";"AREQUIPA";"AREQUIPA";"84"
"578";"2022";"MAYO";"MATRIMONIO";"MASCULINO";"AREQUIPA";"CARAVELI";"1"
"579";"2022";"MAYO";"MATRIMONIO";"MASCULINO";"AREQUIPA";"CAYLLOMA";"4"
"580";"2022";"MAYO";"MATRIMONIO";"MASCULINO";"AREQUIPA";"ISLAY";"2"
"581";"2022";"MAYO";"MATRIMONIO";"MASCULINO";"ARGENTINA";"BUENOS AIRES";"2"
"582";"2022";"MAYO";"MATRIMONIO";"MASCULINO";"ARGENTINA";"CORDOBA";"1"
"583";"2022";"MAYO";"MATRIMONIO";"MASCULINO";"AYACUCHO";"CANGALLO";"24"
"584";"2022";"MAYO";"MATRIMONIO";"MASCULINO";"AYACUCHO";"HUAMANGA";"10"
"585";"2022";"MAYO";"MATRIMONIO";"MASCULINO";"AYACUCHO";"HUANTA";"3"
"586";"2022";"MAYO";"MATRIMONIO";"MASCULINO";"AYACUCHO";"PARINACOCHAS";"1"
"587";"2022";"MAYO";"MATRIMONIO";"MASCULINO";"AYACUCHO";"VICTOR FAJARDO";"1"
"588";"2022";"MAYO";"MATRIMONIO";"MASCULINO";"BOLIVIA";"COCHABAMBA";"1"
"589";"2022";"MAYO";"MATRIMONIO";"MASCULINO";"BRASIL";"SAO PAULO";"2"
"590";"2022";"MAYO";"MATRIMONIO";"MASCULINO";"CAJAMARCA";"CAJABAMBA";"1"
"591";"2022";"MAYO";"MATRIMONIO";"MASCULINO";"CAJAMARCA";"CAJAMARCA";"40"
"592";"2022";"MAYO";"MATRIMONIO";"MASCULINO";"CAJAMARCA";"CELENDIN";"2"
"593";"2022";"MAYO";"MATRIMONIO";"MASCULINO";"CAJAMARCA";"CHOTA";"3"
"594";"2022";"MAYO";"MATRIMONIO";"MASCULINO";"CAJAMARCA";"CONTUMAZA";"1"
"595";"2022";"MAYO";"MATRIMONIO";"MASCULINO";"CAJAMARCA";"JAEN";"6"
"596";"2022";"MAYO";"MATRIMONIO";"MASCULINO";"CAJAMARCA";"SAN IGNACIO";"2"
"597";"2022";"MAYO";"MATRIMONIO";"MASCULINO";"CAJAMARCA";"SAN MARCOS";"3"
"598";"2022";"MAYO";"MATRIMONIO";"MASCULINO";"CAJAMARCA";"SAN MIGUEL";"2"
"599";"2022";"MAYO";"MATRIMONIO";"MASCULINO";"CAJAMARCA";"SAN PABLO";"2"
"600";"2022";"MAYO";"MATRIMONIO";"MASCULINO";"CALLAO";"CALLAO";"385"
"601";"2022";"MAYO";"MATRIMONIO";"MASCULINO";"CANADA";"MONTREAL";"2"
"602";"2022";"MAYO";"MATRIMONIO";"MASCULINO";"CANADA";"ONTARIO";"1"
"603";"2022";"MAYO";"MATRIMONIO";"MASCULINO";"CANADA";"QUEBEC";"1"
"604";"2022";"MAYO";"MATRIMONIO";"MASCULINO";"CANADA";"TORONTO";"1"
"605";"2022";"MAYO";"MATRIMONIO";"MASCULINO";"CHILE";"SANTIAGO";"3"
"606";"2022";"MAYO";"MATRIMONIO";"MASCULINO";"COLOMBIA";"BOGOTA";"1"
"607";"2022";"MAYO";"MATRIMONIO";"MASCULINO";"CUSCO";"ACOMAYO";"1"
"608";"2022";"MAYO";"MATRIMONIO";"MASCULINO";"CUSCO";"CALCA";"1"
"609";"2022";"MAYO";"MATRIMONIO";"MASCULINO";"CUSCO";"CANCHIS";"4"
"610";"2022";"MAYO";"MATRIMONIO";"MASCULINO";"CUSCO";"CHUMBIVILCAS";"2"
"611";"2022";"MAYO";"MATRIMONIO";"MASCULINO";"CUSCO";"CUSCO";"44"
"612";"2022";"MAYO";"MATRIMONIO";"MASCULINO";"CUSCO";"ESPINAR";"1"
"613";"2022";"MAYO";"MATRIMONIO";"MASCULINO";"CUSCO";"LA CONVENCION";"1"
"614";"2022";"MAYO";"MATRIMONIO";"MASCULINO";"CUSCO";"PARURO";"3"
"615";"2022";"MAYO";"MATRIMONIO";"MASCULINO";"CUSCO";"PAUCARTAMBO";"1"
"616";"2022";"MAYO";"MATRIMONIO";"MASCULINO";"CUSCO";"QUISPICANCHI";"1"
"617";"2022";"MAYO";"MATRIMONIO";"MASCULINO";"CUSCO";"URUBAMBA";"3"
"618";"2022";"MAYO";"MATRIMONIO";"MASCULINO";"ESPAŃA";"BARCELONA";"6"
"619";"2022";"MAYO";"MATRIMONIO";"MASCULINO";"ESPAŃA";"CANTABRIA";"1"
"620";"2022";"MAYO";"MATRIMONIO";"MASCULINO";"ESPAŃA";"GERONA";"1"
"621";"2022";"MAYO";"MATRIMONIO";"MASCULINO";"ESPAŃA";"MADRID";"10"
"622";"2022";"MAYO";"MATRIMONIO";"MASCULINO";"ESPAŃA";"NAVARRA";"1"
"623";"2022";"MAYO";"MATRIMONIO";"MASCULINO";"ESPAŃA";"SANTANDER";"1"
"624";"2022";"MAYO";"MATRIMONIO";"MASCULINO";"ESPAŃA";"ZARAGOZA";"1"
"625";"2022";"MAYO";"MATRIMONIO";"MASCULINO";"ESTADOS UNIDOS DE AMERICA";"CONNECTICUT";"6"
"626";"2022";"MAYO";"MATRIMONIO";"MASCULINO";"ESTADOS UNIDOS DE AMERICA";"DALLAS";"1"
"627";"2022";"MAYO";"MATRIMONIO";"MASCULINO";"ESTADOS UNIDOS DE AMERICA";"FLORIDA";"1"
"628";"2022";"MAYO";"MATRIMONIO";"MASCULINO";"ESTADOS UNIDOS DE AMERICA";"INDIANA";"1"
"629";"2022";"MAYO";"MATRIMONIO";"MASCULINO";"ESTADOS UNIDOS DE AMERICA";"IOWA";"1"
"630";"2022";"MAYO";"MATRIMONIO";"MASCULINO";"ESTADOS UNIDOS DE AMERICA";"LOS ANGELES";"1"
"631";"2022";"MAYO";"MATRIMONIO";"MASCULINO";"ESTADOS UNIDOS DE AMERICA";"MIAMI";"4"
"632";"2022";"MAYO";"MATRIMONIO";"MASCULINO";"ESTADOS UNIDOS DE AMERICA";"NUEVA JERSEY";"7"
"633";"2022";"MAYO";"MATRIMONIO";"MASCULINO";"ESTADOS UNIDOS DE AMERICA";"NUEVA YORK";"9"
"634";"2022";"MAYO";"MATRIMONIO";"MASCULINO";"ESTADOS UNIDOS DE AMERICA";"OHIO";"1"
"635";"2022";"MAYO";"MATRIMONIO";"MASCULINO";"ESTADOS UNIDOS DE AMERICA";"ORLANDO";"1"
"636";"2022";"MAYO";"MATRIMONIO";"MASCULINO";"ESTADOS UNIDOS DE AMERICA";"PATERSON";"3"
"637";"2022";"MAYO";"MATRIMONIO";"MASCULINO";"ESTADOS UNIDOS DE AMERICA";"SAN FRANCISCO";"3"
"638";"2022";"MAYO";"MATRIMONIO";"MASCULINO";"ESTADOS UNIDOS DE AMERICA";"UTAH";"2"
"639";"2022";"MAYO";"MATRIMONIO";"MASCULINO";"ESTADOS UNIDOS DE AMERICA";"VIRGINIA";"3"
"640";"2022";"MAYO";"MATRIMONIO";"MASCULINO";"FRANCIA";"ILE DE FRANCE";"2"
"641";"2022";"MAYO";"MATRIMONIO";"MASCULINO";"FRANCIA";"PARIS";"1"
"642";"2022";"MAYO";"MATRIMONIO";"MASCULINO";"GRAN BRETAŃA";"SURREY";"1"
"643";"2022";"MAYO";"MATRIMONIO";"MASCULINO";"HUANCAVELICA";"ACOBAMBA";"2"
"644";"2022";"MAYO";"MATRIMONIO";"MASCULINO";"HUANCAVELICA";"ANGARAES";"1"
"645";"2022";"MAYO";"MATRIMONIO";"MASCULINO";"HUANCAVELICA";"CHURCAMPA";"3"
"646";"2022";"MAYO";"MATRIMONIO";"MASCULINO";"HUANCAVELICA";"HUANCAVELICA";"5"
"647";"2022";"MAYO";"MATRIMONIO";"MASCULINO";"HUANCAVELICA";"TAYACAJA";"4"
"648";"2022";"MAYO";"MATRIMONIO";"MASCULINO";"HUANUCO";"AMBO";"1"
"649";"2022";"MAYO";"MATRIMONIO";"MASCULINO";"HUANUCO";"DOS DE MAYO";"1"
"650";"2022";"MAYO";"MATRIMONIO";"MASCULINO";"HUANUCO";"HUAMALIES";"2"
"651";"2022";"MAYO";"MATRIMONIO";"MASCULINO";"HUANUCO";"HUANUCO";"6"
"652";"2022";"MAYO";"MATRIMONIO";"MASCULINO";"HUANUCO";"LEONCIO PRADO";"4"
"653";"2022";"MAYO";"MATRIMONIO";"MASCULINO";"HUANUCO";"PUERTO INCA";"2"
"654";"2022";"MAYO";"MATRIMONIO";"MASCULINO";"HUANUCO";"YAROWILCA";"1"
"655";"2022";"MAYO";"MATRIMONIO";"MASCULINO";"ICA";"CHINCHA";"19"
"656";"2022";"MAYO";"MATRIMONIO";"MASCULINO";"ICA";"ICA";"25"
"657";"2022";"MAYO";"MATRIMONIO";"MASCULINO";"ICA";"NASCA";"3"
"658";"2022";"MAYO";"MATRIMONIO";"MASCULINO";"ICA";"PISCO";"5"
"659";"2022";"MAYO";"MATRIMONIO";"MASCULINO";"ITALIA";"ALESSANDRIA";"1"
"660";"2022";"MAYO";"MATRIMONIO";"MASCULINO";"ITALIA";"EMILIA ROMAGNA";"1"
"661";"2022";"MAYO";"MATRIMONIO";"MASCULINO";"ITALIA";"MILAN";"8"
"662";"2022";"MAYO";"MATRIMONIO";"MASCULINO";"ITALIA";"TURIN";"2"
"663";"2022";"MAYO";"MATRIMONIO";"MASCULINO";"JAPON";"GUNMA";"1"
"664";"2022";"MAYO";"MATRIMONIO";"MASCULINO";"JAPON";"HIROSHIMA";"2"
"665";"2022";"MAYO";"MATRIMONIO";"MASCULINO";"JAPON";"MIE";"1"
"666";"2022";"MAYO";"MATRIMONIO";"MASCULINO";"JAPON";"SHIGA";"1"
"667";"2022";"MAYO";"MATRIMONIO";"MASCULINO";"JUNIN";"CHANCHAMAYO";"3"
"668";"2022";"MAYO";"MATRIMONIO";"MASCULINO";"JUNIN";"CHUPACA";"4"
"669";"2022";"MAYO";"MATRIMONIO";"MASCULINO";"JUNIN";"CONCEPCION";"1"
"670";"2022";"MAYO";"MATRIMONIO";"MASCULINO";"JUNIN";"HUANCAYO";"88"
"671";"2022";"MAYO";"MATRIMONIO";"MASCULINO";"JUNIN";"JAUJA";"4"
"672";"2022";"MAYO";"MATRIMONIO";"MASCULINO";"JUNIN";"SATIPO";"3"
"673";"2022";"MAYO";"MATRIMONIO";"MASCULINO";"JUNIN";"YAULI";"1"
"674";"2022";"MAYO";"MATRIMONIO";"MASCULINO";"LA LIBERTAD";"ASCOPE";"2"
"675";"2022";"MAYO";"MATRIMONIO";"MASCULINO";"LA LIBERTAD";"CHEPEN";"9"
"676";"2022";"MAYO";"MATRIMONIO";"MASCULINO";"LA LIBERTAD";"OTUZCO";"2"
"677";"2022";"MAYO";"MATRIMONIO";"MASCULINO";"LA LIBERTAD";"PACASMAYO";"6"
"678";"2022";"MAYO";"MATRIMONIO";"MASCULINO";"LA LIBERTAD";"PATAZ";"1"
"679";"2022";"MAYO";"MATRIMONIO";"MASCULINO";"LA LIBERTAD";"SANTIAGO DE CHUCO";"1"
"680";"2022";"MAYO";"MATRIMONIO";"MASCULINO";"LA LIBERTAD";"TRUJILLO";"184"
"681";"2022";"MAYO";"MATRIMONIO";"MASCULINO";"LA LIBERTAD";"VIRU";"4"
"682";"2022";"MAYO";"MATRIMONIO";"MASCULINO";"LAMBAYEQUE";"CHICLAYO";"73"
"683";"2022";"MAYO";"MATRIMONIO";"MASCULINO";"LAMBAYEQUE";"FERREŃAFE";"5"
"684";"2022";"MAYO";"MATRIMONIO";"MASCULINO";"LAMBAYEQUE";"LAMBAYEQUE";"10"
"685";"2022";"MAYO";"MATRIMONIO";"MASCULINO";"LIMA";"BARRANCA";"17"
"686";"2022";"MAYO";"MATRIMONIO";"MASCULINO";"LIMA";"CANTA";"2"
"687";"2022";"MAYO";"MATRIMONIO";"MASCULINO";"LIMA";"CAŃETE";"6"
"688";"2022";"MAYO";"MATRIMONIO";"MASCULINO";"LIMA";"HUARAL";"12"
"689";"2022";"MAYO";"MATRIMONIO";"MASCULINO";"LIMA";"HUAROCHIRI";"20"
"690";"2022";"MAYO";"MATRIMONIO";"MASCULINO";"LIMA";"HUAURA";"12"
"691";"2022";"MAYO";"MATRIMONIO";"MASCULINO";"LIMA";"LIMA";"4733"
"692";"2022";"MAYO";"MATRIMONIO";"MASCULINO";"LIMA";"OYON";"1"
"693";"2022";"MAYO";"MATRIMONIO";"MASCULINO";"LIMA";"YAUYOS";"3"
"694";"2022";"MAYO";"MATRIMONIO";"MASCULINO";"LORETO";"MARISCAL RAMON CASTILLA";"1"
"695";"2022";"MAYO";"MATRIMONIO";"MASCULINO";"LORETO";"MAYNAS";"62"
"696";"2022";"MAYO";"MATRIMONIO";"MASCULINO";"LORETO";"REQUENA";"1"
"697";"2022";"MAYO";"MATRIMONIO";"MASCULINO";"MADRE DE DIOS";"MANU";"1"
"698";"2022";"MAYO";"MATRIMONIO";"MASCULINO";"MADRE DE DIOS";"TAMBOPATA";"2"
"699";"2022";"MAYO";"MATRIMONIO";"MASCULINO";"MEXICO";"CIUDAD DE MEXICO";"1"
"700";"2022";"MAYO";"MATRIMONIO";"MASCULINO";"MEXICO";"MONTERREY";"1"
"701";"2022";"MAYO";"MATRIMONIO";"MASCULINO";"MOQUEGUA";"ILO";"5"
"702";"2022";"MAYO";"MATRIMONIO";"MASCULINO";"MOQUEGUA";"MARISCAL NIETO";"6"
"703";"2022";"MAYO";"MATRIMONIO";"MASCULINO";"PASCO";"PASCO";"8"
"704";"2022";"MAYO";"MATRIMONIO";"MASCULINO";"PIURA";"HUANCABAMBA";"3"
"705";"2022";"MAYO";"MATRIMONIO";"MASCULINO";"PIURA";"MORROPON";"2"
"706";"2022";"MAYO";"MATRIMONIO";"MASCULINO";"PIURA";"PAITA";"2"
"707";"2022";"MAYO";"MATRIMONIO";"MASCULINO";"PIURA";"PIURA";"84"
"708";"2022";"MAYO";"MATRIMONIO";"MASCULINO";"PIURA";"SECHURA";"1"
"709";"2022";"MAYO";"MATRIMONIO";"MASCULINO";"PIURA";"SULLANA";"15"
"710";"2022";"MAYO";"MATRIMONIO";"MASCULINO";"PIURA";"TALARA";"7"
"711";"2022";"MAYO";"MATRIMONIO";"MASCULINO";"PUNO";"AZANGARO";"1"
"712";"2022";"MAYO";"MATRIMONIO";"MASCULINO";"PUNO";"CARABAYA";"1"
"713";"2022";"MAYO";"MATRIMONIO";"MASCULINO";"PUNO";"CHUCUITO";"2"
"714";"2022";"MAYO";"MATRIMONIO";"MASCULINO";"PUNO";"EL COLLAO";"3"
"715";"2022";"MAYO";"MATRIMONIO";"MASCULINO";"PUNO";"MOHO";"1"
"716";"2022";"MAYO";"MATRIMONIO";"MASCULINO";"PUNO";"PUNO";"3"
"717";"2022";"MAYO";"MATRIMONIO";"MASCULINO";"PUNO";"SAN ROMAN";"8"
"718";"2022";"MAYO";"MATRIMONIO";"MASCULINO";"SAN MARTIN";"HUALLAGA";"1"
"719";"2022";"MAYO";"MATRIMONIO";"MASCULINO";"SAN MARTIN";"MARISCAL CACERES";"2"
"720";"2022";"MAYO";"MATRIMONIO";"MASCULINO";"SAN MARTIN";"PICOTA";"1"
"721";"2022";"MAYO";"MATRIMONIO";"MASCULINO";"SAN MARTIN";"RIOJA";"2"
"722";"2022";"MAYO";"MATRIMONIO";"MASCULINO";"SAN MARTIN";"SAN MARTIN";"18"
"723";"2022";"MAYO";"MATRIMONIO";"MASCULINO";"SAN MARTIN";"TOCACHE";"2"
"724";"2022";"MAYO";"MATRIMONIO";"MASCULINO";"SUIZA";"GINEBRA";"1"
"725";"2022";"MAYO";"MATRIMONIO";"MASCULINO";"TACNA";"CANDARAVE";"1"
"726";"2022";"MAYO";"MATRIMONIO";"MASCULINO";"TACNA";"JORGE BASADRE";"1"
"727";"2022";"MAYO";"MATRIMONIO";"MASCULINO";"TACNA";"TACNA";"11"
"728";"2022";"MAYO";"MATRIMONIO";"MASCULINO";"TUMBES";"CONTRALMIRANTE VILLAR";"3"
"729";"2022";"MAYO";"MATRIMONIO";"MASCULINO";"TUMBES";"TUMBES";"22"
"730";"2022";"MAYO";"MATRIMONIO";"MASCULINO";"TUMBES";"ZARUMILLA";"6"
"731";"2022";"MAYO";"MATRIMONIO";"MASCULINO";"UCAYALI";"CORONEL PORTILLO";"32"
"732";"2022";"MAYO";"MATRIMONIO";"MASCULINO";"UCAYALI";"PADRE ABAD";"1"
"733";"2022";"MAYO";"MATRIMONIO";"MASCULINO";"VENEZUELA";"CARACAS";"2"
"734";"2022";"MAYO";"NACIMIENTO";"FEMENINO";"ALEMANIA";"BERLIN";"1"
"735";"2022";"MAYO";"NACIMIENTO";"FEMENINO";"ALEMANIA";"DUSSELDORF";"1"
"736";"2022";"MAYO";"NACIMIENTO";"FEMENINO";"ALEMANIA";"FRANKFURT";"1"
"737";"2022";"MAYO";"NACIMIENTO";"FEMENINO";"ALEMANIA";"HESSEN";"1"
"738";"2022";"MAYO";"NACIMIENTO";"FEMENINO";"ALEMANIA";"MANNHEIM";"2"
"739";"2022";"MAYO";"NACIMIENTO";"FEMENINO";"ALEMANIA";"RENANIA DEL NORTE-WESTFA";"1"
"740";"2022";"MAYO";"NACIMIENTO";"FEMENINO";"AMAZONAS";"BAGUA";"10"
"741";"2022";"MAYO";"NACIMIENTO";"FEMENINO";"AMAZONAS";"BONGARA";"7"
"742";"2022";"MAYO";"NACIMIENTO";"FEMENINO";"AMAZONAS";"CHACHAPOYAS";"8"
"743";"2022";"MAYO";"NACIMIENTO";"FEMENINO";"AMAZONAS";"CONDORCANQUI";"11"
"744";"2022";"MAYO";"NACIMIENTO";"FEMENINO";"AMAZONAS";"LUYA";"8"
"745";"2022";"MAYO";"NACIMIENTO";"FEMENINO";"AMAZONAS";"RODRIGUEZ DE MENDOZA";"3"
"746";"2022";"MAYO";"NACIMIENTO";"FEMENINO";"AMAZONAS";"UTCUBAMBA";"14"
"747";"2022";"MAYO";"NACIMIENTO";"FEMENINO";"ANCASH";"ANTONIO RAIMONDI";"1"
"748";"2022";"MAYO";"NACIMIENTO";"FEMENINO";"ANCASH";"CARHUAZ";"6"
"749";"2022";"MAYO";"NACIMIENTO";"FEMENINO";"ANCASH";"CASMA";"10"
"750";"2022";"MAYO";"NACIMIENTO";"FEMENINO";"ANCASH";"HUARAZ";"13"
"751";"2022";"MAYO";"NACIMIENTO";"FEMENINO";"ANCASH";"HUARI";"18"
"752";"2022";"MAYO";"NACIMIENTO";"FEMENINO";"ANCASH";"HUARMEY";"3"
"753";"2022";"MAYO";"NACIMIENTO";"FEMENINO";"ANCASH";"HUAYLAS";"12"
"754";"2022";"MAYO";"NACIMIENTO";"FEMENINO";"ANCASH";"OCROS";"4"
"755";"2022";"MAYO";"NACIMIENTO";"FEMENINO";"ANCASH";"PALLASCA";"6"
"756";"2022";"MAYO";"NACIMIENTO";"FEMENINO";"ANCASH";"POMABAMBA";"2"
"757";"2022";"MAYO";"NACIMIENTO";"FEMENINO";"ANCASH";"RECUAY";"2"
"758";"2022";"MAYO";"NACIMIENTO";"FEMENINO";"ANCASH";"SANTA";"143"
"759";"2022";"MAYO";"NACIMIENTO";"FEMENINO";"ANCASH";"SIHUAS";"1"
"760";"2022";"MAYO";"NACIMIENTO";"FEMENINO";"ANCASH";"YUNGAY";"8"
"761";"2022";"MAYO";"NACIMIENTO";"FEMENINO";"APURIMAC";"ABANCAY";"12"
"762";"2022";"MAYO";"NACIMIENTO";"FEMENINO";"APURIMAC";"ANDAHUAYLAS";"6"
"763";"2022";"MAYO";"NACIMIENTO";"FEMENINO";"APURIMAC";"AYMARAES";"9"
"764";"2022";"MAYO";"NACIMIENTO";"FEMENINO";"APURIMAC";"CHINCHEROS";"8"
"765";"2022";"MAYO";"NACIMIENTO";"FEMENINO";"APURIMAC";"COTABAMBAS";"10"
"766";"2022";"MAYO";"NACIMIENTO";"FEMENINO";"APURIMAC";"GRAU";"5"
"767";"2022";"MAYO";"NACIMIENTO";"FEMENINO";"AREQUIPA";"AREQUIPA";"342"
"768";"2022";"MAYO";"NACIMIENTO";"FEMENINO";"AREQUIPA";"CAMANA";"7"
"769";"2022";"MAYO";"NACIMIENTO";"FEMENINO";"AREQUIPA";"CARAVELI";"5"
"770";"2022";"MAYO";"NACIMIENTO";"FEMENINO";"AREQUIPA";"CASTILLA";"4"
"771";"2022";"MAYO";"NACIMIENTO";"FEMENINO";"AREQUIPA";"CAYLLOMA";"13"
"772";"2022";"MAYO";"NACIMIENTO";"FEMENINO";"AREQUIPA";"CONDESUYOS";"3"
"773";"2022";"MAYO";"NACIMIENTO";"FEMENINO";"AREQUIPA";"ISLAY";"10"
"774";"2022";"MAYO";"NACIMIENTO";"FEMENINO";"AREQUIPA";"LA UNION";"1"
"775";"2022";"MAYO";"NACIMIENTO";"FEMENINO";"ARGENTINA";"BUENOS AIRES";"24"
"776";"2022";"MAYO";"NACIMIENTO";"FEMENINO";"ARGENTINA";"CORDOBA";"4"
"777";"2022";"MAYO";"NACIMIENTO";"FEMENINO";"ARGENTINA";"LA PLATA";"4"
"778";"2022";"MAYO";"NACIMIENTO";"FEMENINO";"ARGENTINA";"SANTA CRUZ";"3"
"779";"2022";"MAYO";"NACIMIENTO";"FEMENINO";"AUSTRALIA";"SIDNEY";"1"
"780";"2022";"MAYO";"NACIMIENTO";"FEMENINO";"AUSTRALIA";"VICTORIA";"1"
"781";"2022";"MAYO";"NACIMIENTO";"FEMENINO";"AUSTRIA";"ESTIRIA";"2"
"782";"2022";"MAYO";"NACIMIENTO";"FEMENINO";"AYACUCHO";"CANGALLO";"1"
"783";"2022";"MAYO";"NACIMIENTO";"FEMENINO";"AYACUCHO";"HUAMANGA";"69"
"784";"2022";"MAYO";"NACIMIENTO";"FEMENINO";"AYACUCHO";"HUANTA";"5"
"785";"2022";"MAYO";"NACIMIENTO";"FEMENINO";"AYACUCHO";"LA MAR";"12"
"786";"2022";"MAYO";"NACIMIENTO";"FEMENINO";"AYACUCHO";"LUCANAS";"7"
"787";"2022";"MAYO";"NACIMIENTO";"FEMENINO";"AYACUCHO";"PARINACOCHAS";"13"
"788";"2022";"MAYO";"NACIMIENTO";"FEMENINO";"AYACUCHO";"PAUCAR DEL SARA SARA";"2"
"789";"2022";"MAYO";"NACIMIENTO";"FEMENINO";"AYACUCHO";"SUCRE";"1"
"790";"2022";"MAYO";"NACIMIENTO";"FEMENINO";"AYACUCHO";"VICTOR FAJARDO";"4"
"791";"2022";"MAYO";"NACIMIENTO";"FEMENINO";"AYACUCHO";"VILCAS HUAMAN";"1"
"792";"2022";"MAYO";"NACIMIENTO";"FEMENINO";"BELGICA";"BRUSELAS";"1"
"793";"2022";"MAYO";"NACIMIENTO";"FEMENINO";"BOLIVIA";"CHUQUISACA";"1"
"794";"2022";"MAYO";"NACIMIENTO";"FEMENINO";"BOLIVIA";"COCHABAMBA";"1"
"795";"2022";"MAYO";"NACIMIENTO";"FEMENINO";"BOLIVIA";"LA PAZ";"1"
"796";"2022";"MAYO";"NACIMIENTO";"FEMENINO";"BOLIVIA";"SANTA CRUZ";"2"
"797";"2022";"MAYO";"NACIMIENTO";"FEMENINO";"BRASIL";"SAO PAULO";"3"
"798";"2022";"MAYO";"NACIMIENTO";"FEMENINO";"CAJAMARCA";"CAJABAMBA";"13"
"799";"2022";"MAYO";"NACIMIENTO";"FEMENINO";"CAJAMARCA";"CAJAMARCA";"264"
"800";"2022";"MAYO";"NACIMIENTO";"FEMENINO";"CAJAMARCA";"CELENDIN";"17"
"801";"2022";"MAYO";"NACIMIENTO";"FEMENINO";"CAJAMARCA";"CHOTA";"11"
"802";"2022";"MAYO";"NACIMIENTO";"FEMENINO";"CAJAMARCA";"CONTUMAZA";"7"
"803";"2022";"MAYO";"NACIMIENTO";"FEMENINO";"CAJAMARCA";"CUTERVO";"17"
"804";"2022";"MAYO";"NACIMIENTO";"FEMENINO";"CAJAMARCA";"HUALGAYOC";"4"
"805";"2022";"MAYO";"NACIMIENTO";"FEMENINO";"CAJAMARCA";"JAEN";"16"
"806";"2022";"MAYO";"NACIMIENTO";"FEMENINO";"CAJAMARCA";"SAN IGNACIO";"14"
"807";"2022";"MAYO";"NACIMIENTO";"FEMENINO";"CAJAMARCA";"SAN MARCOS";"3"
"808";"2022";"MAYO";"NACIMIENTO";"FEMENINO";"CAJAMARCA";"SAN MIGUEL";"6"
"809";"2022";"MAYO";"NACIMIENTO";"FEMENINO";"CAJAMARCA";"SAN PABLO";"3"
"810";"2022";"MAYO";"NACIMIENTO";"FEMENINO";"CAJAMARCA";"SANTA CRUZ";"1"
"811";"2022";"MAYO";"NACIMIENTO";"FEMENINO";"CALLAO";"CALLAO";"1289"
"812";"2022";"MAYO";"NACIMIENTO";"FEMENINO";"CANADA";"COLUMBIA BRITANICA";"3"
"813";"2022";"MAYO";"NACIMIENTO";"FEMENINO";"CANADA";"MONTREAL";"11"
"814";"2022";"MAYO";"NACIMIENTO";"FEMENINO";"CANADA";"ONTARIO";"4"
"815";"2022";"MAYO";"NACIMIENTO";"FEMENINO";"CANADA";"OTTAWA";"1"
"816";"2022";"MAYO";"NACIMIENTO";"FEMENINO";"CANADA";"TORONTO";"1"
"817";"2022";"MAYO";"NACIMIENTO";"FEMENINO";"CANADA";"VANCOUVER";"1"
"818";"2022";"MAYO";"NACIMIENTO";"FEMENINO";"CHILE";"ARICA";"1"
"819";"2022";"MAYO";"NACIMIENTO";"FEMENINO";"CHILE";"IQUIQUE";"5"
"820";"2022";"MAYO";"NACIMIENTO";"FEMENINO";"CHILE";"SANTIAGO";"30"
"821";"2022";"MAYO";"NACIMIENTO";"FEMENINO";"CHILE";"VALPARAISO";"1"
"822";"2022";"MAYO";"NACIMIENTO";"FEMENINO";"COLOMBIA";"BOGOTA";"1"
"823";"2022";"MAYO";"NACIMIENTO";"FEMENINO";"COLOMBIA";"META";"1"
"824";"2022";"MAYO";"NACIMIENTO";"FEMENINO";"CUSCO";"ACOMAYO";"5"
"825";"2022";"MAYO";"NACIMIENTO";"FEMENINO";"CUSCO";"ANTA";"29"
"826";"2022";"MAYO";"NACIMIENTO";"FEMENINO";"CUSCO";"CALCA";"13"
"827";"2022";"MAYO";"NACIMIENTO";"FEMENINO";"CUSCO";"CANAS";"1"
"828";"2022";"MAYO";"NACIMIENTO";"FEMENINO";"CUSCO";"CANCHIS";"21"
"829";"2022";"MAYO";"NACIMIENTO";"FEMENINO";"CUSCO";"CHUMBIVILCAS";"7"
"830";"2022";"MAYO";"NACIMIENTO";"FEMENINO";"CUSCO";"CUSCO";"330"
"831";"2022";"MAYO";"NACIMIENTO";"FEMENINO";"CUSCO";"ESPINAR";"4"
"832";"2022";"MAYO";"NACIMIENTO";"FEMENINO";"CUSCO";"LA CONVENCION";"31"
"833";"2022";"MAYO";"NACIMIENTO";"FEMENINO";"CUSCO";"PARURO";"8"
"834";"2022";"MAYO";"NACIMIENTO";"FEMENINO";"CUSCO";"PAUCARTAMBO";"2"
"835";"2022";"MAYO";"NACIMIENTO";"FEMENINO";"CUSCO";"QUISPICANCHI";"12"
"836";"2022";"MAYO";"NACIMIENTO";"FEMENINO";"CUSCO";"URUBAMBA";"25"
"837";"2022";"MAYO";"NACIMIENTO";"FEMENINO";"ESPAŃA";"ALAVA";"1"
"838";"2022";"MAYO";"NACIMIENTO";"FEMENINO";"ESPAŃA";"ALMERIA";"1"
"839";"2022";"MAYO";"NACIMIENTO";"FEMENINO";"ESPAŃA";"ASTURIAS";"2"
"840";"2022";"MAYO";"NACIMIENTO";"FEMENINO";"ESPAŃA";"BARCELONA";"24"
"841";"2022";"MAYO";"NACIMIENTO";"FEMENINO";"ESPAŃA";"CADIZ";"1"
"842";"2022";"MAYO";"NACIMIENTO";"FEMENINO";"ESPAŃA";"CANTABRIA";"1"
"843";"2022";"MAYO";"NACIMIENTO";"FEMENINO";"ESPAŃA";"CUENCA";"1"
"844";"2022";"MAYO";"NACIMIENTO";"FEMENINO";"ESPAŃA";"GUADALAJARA";"1"
"845";"2022";"MAYO";"NACIMIENTO";"FEMENINO";"ESPAŃA";"GUIPUZCOA";"1"
"846";"2022";"MAYO";"NACIMIENTO";"FEMENINO";"ESPAŃA";"HUELVA";"1"
"847";"2022";"MAYO";"NACIMIENTO";"FEMENINO";"ESPAŃA";"HUESCA";"2"
"848";"2022";"MAYO";"NACIMIENTO";"FEMENINO";"ESPAŃA";"JAEN";"1"
"849";"2022";"MAYO";"NACIMIENTO";"FEMENINO";"ESPAŃA";"LA CORUŃA";"1"
"850";"2022";"MAYO";"NACIMIENTO";"FEMENINO";"ESPAŃA";"LERIDA";"1"
"851";"2022";"MAYO";"NACIMIENTO";"FEMENINO";"ESPAŃA";"LOGROŃO";"1"
"852";"2022";"MAYO";"NACIMIENTO";"FEMENINO";"ESPAŃA";"LUGO";"1"
"853";"2022";"MAYO";"NACIMIENTO";"FEMENINO";"ESPAŃA";"MADRID";"50"
"854";"2022";"MAYO";"NACIMIENTO";"FEMENINO";"ESPAŃA";"MALAGA";"2"
"855";"2022";"MAYO";"NACIMIENTO";"FEMENINO";"ESPAŃA";"MALLORCA";"1"
"856";"2022";"MAYO";"NACIMIENTO";"FEMENINO";"ESPAŃA";"MURCIA";"2"
"857";"2022";"MAYO";"NACIMIENTO";"FEMENINO";"ESPAŃA";"NAVARRA";"1"
"858";"2022";"MAYO";"NACIMIENTO";"FEMENINO";"ESPAŃA";"PALENCIA";"1"
"859";"2022";"MAYO";"NACIMIENTO";"FEMENINO";"ESPAŃA";"PONTEVEDRA";"1"
"860";"2022";"MAYO";"NACIMIENTO";"FEMENINO";"ESPAŃA";"VALENCIA";"3"
"861";"2022";"MAYO";"NACIMIENTO";"FEMENINO";"ESPAŃA";"VIZCAYA";"2"
"862";"2022";"MAYO";"NACIMIENTO";"FEMENINO";"ESPAŃA";"ZARAGOZA";"3"
"863";"2022";"MAYO";"NACIMIENTO";"FEMENINO";"ESTADOS UNIDOS DE AMERICA";"ATLANTA";"1"
"864";"2022";"MAYO";"NACIMIENTO";"FEMENINO";"ESTADOS UNIDOS DE AMERICA";"BOSTON";"2"
"865";"2022";"MAYO";"NACIMIENTO";"FEMENINO";"ESTADOS UNIDOS DE AMERICA";"CALIFORNIA";"1"
"866";"2022";"MAYO";"NACIMIENTO";"FEMENINO";"ESTADOS UNIDOS DE AMERICA";"CAROLINA DEL NORTE";"1"
"867";"2022";"MAYO";"NACIMIENTO";"FEMENINO";"ESTADOS UNIDOS DE AMERICA";"COLORADO";"2"
"868";"2022";"MAYO";"NACIMIENTO";"FEMENINO";"ESTADOS UNIDOS DE AMERICA";"CONNECTICUT";"5"
"869";"2022";"MAYO";"NACIMIENTO";"FEMENINO";"ESTADOS UNIDOS DE AMERICA";"DELAWARE";"3"
"870";"2022";"MAYO";"NACIMIENTO";"FEMENINO";"ESTADOS UNIDOS DE AMERICA";"FLORIDA";"11"
"871";"2022";"MAYO";"NACIMIENTO";"FEMENINO";"ESTADOS UNIDOS DE AMERICA";"FORT LAUDERDALE";"4"
"872";"2022";"MAYO";"NACIMIENTO";"FEMENINO";"ESTADOS UNIDOS DE AMERICA";"GEORGIA";"5"
"873";"2022";"MAYO";"NACIMIENTO";"FEMENINO";"ESTADOS UNIDOS DE AMERICA";"HARTFORD";"1"
"874";"2022";"MAYO";"NACIMIENTO";"FEMENINO";"ESTADOS UNIDOS DE AMERICA";"HOUSTON";"6"
"875";"2022";"MAYO";"NACIMIENTO";"FEMENINO";"ESTADOS UNIDOS DE AMERICA";"ILLINOIS";"2"
"876";"2022";"MAYO";"NACIMIENTO";"FEMENINO";"ESTADOS UNIDOS DE AMERICA";"LOS ANGELES";"16"
"877";"2022";"MAYO";"NACIMIENTO";"FEMENINO";"ESTADOS UNIDOS DE AMERICA";"LOUISIANA";"1"
"878";"2022";"MAYO";"NACIMIENTO";"FEMENINO";"ESTADOS UNIDOS DE AMERICA";"MARYLAND";"9"
"879";"2022";"MAYO";"NACIMIENTO";"FEMENINO";"ESTADOS UNIDOS DE AMERICA";"MIAMI";"28"
"880";"2022";"MAYO";"NACIMIENTO";"FEMENINO";"ESTADOS UNIDOS DE AMERICA";"MICHIGAN";"2"
"881";"2022";"MAYO";"NACIMIENTO";"FEMENINO";"ESTADOS UNIDOS DE AMERICA";"MISSOURI";"1"
"882";"2022";"MAYO";"NACIMIENTO";"FEMENINO";"ESTADOS UNIDOS DE AMERICA";"NUEVA JERSEY";"35"
"883";"2022";"MAYO";"NACIMIENTO";"FEMENINO";"ESTADOS UNIDOS DE AMERICA";"NUEVA YORK";"28"
"884";"2022";"MAYO";"NACIMIENTO";"FEMENINO";"ESTADOS UNIDOS DE AMERICA";"OKLAHOMA";"1"
"885";"2022";"MAYO";"NACIMIENTO";"FEMENINO";"ESTADOS UNIDOS DE AMERICA";"OREGON";"1"
"886";"2022";"MAYO";"NACIMIENTO";"FEMENINO";"ESTADOS UNIDOS DE AMERICA";"ORLANDO";"1"
"887";"2022";"MAYO";"NACIMIENTO";"FEMENINO";"ESTADOS UNIDOS DE AMERICA";"PENNSYLVANIA";"1"
"888";"2022";"MAYO";"NACIMIENTO";"FEMENINO";"ESTADOS UNIDOS DE AMERICA";"SAN ANTONIO";"2"
"889";"2022";"MAYO";"NACIMIENTO";"FEMENINO";"ESTADOS UNIDOS DE AMERICA";"SAN FRANCISCO";"4"
"890";"2022";"MAYO";"NACIMIENTO";"FEMENINO";"ESTADOS UNIDOS DE AMERICA";"SEATLE";"2"
"891";"2022";"MAYO";"NACIMIENTO";"FEMENINO";"ESTADOS UNIDOS DE AMERICA";"TAMPA";"2"
"892";"2022";"MAYO";"NACIMIENTO";"FEMENINO";"ESTADOS UNIDOS DE AMERICA";"UTAH";"1"
"893";"2022";"MAYO";"NACIMIENTO";"FEMENINO";"ESTADOS UNIDOS DE AMERICA";"VIRGINIA";"9"
"894";"2022";"MAYO";"NACIMIENTO";"FEMENINO";"ESTADOS UNIDOS DE AMERICA";"WASHINGTON";"1"
"895";"2022";"MAYO";"NACIMIENTO";"FEMENINO";"FRANCIA";"AUVERNIA";"2"
"896";"2022";"MAYO";"NACIMIENTO";"FEMENINO";"FRANCIA";"BORGOŃA";"3"
"897";"2022";"MAYO";"NACIMIENTO";"FEMENINO";"FRANCIA";"ILE DE FRANCE";"3"
"898";"2022";"MAYO";"NACIMIENTO";"FEMENINO";"FRANCIA";"PARIS";"7"
"899";"2022";"MAYO";"NACIMIENTO";"FEMENINO";"FRANCIA";"PIRINEOS MERIDIONALES";"1"
"900";"2022";"MAYO";"NACIMIENTO";"FEMENINO";"FRANCIA";"RHONE - ALPES";"1"
"901";"2022";"MAYO";"NACIMIENTO";"FEMENINO";"GRAN BRETAŃA";"DORSET";"2"
"902";"2022";"MAYO";"NACIMIENTO";"FEMENINO";"GRAN DUCADO DE LUXEMBURGO";"LUXEMBURGO";"1"
"903";"2022";"MAYO";"NACIMIENTO";"FEMENINO";"HUANCAVELICA";"ACOBAMBA";"6"
"904";"2022";"MAYO";"NACIMIENTO";"FEMENINO";"HUANCAVELICA";"ANGARAES";"31"
"905";"2022";"MAYO";"NACIMIENTO";"FEMENINO";"HUANCAVELICA";"CASTROVIRREYNA";"1"
"906";"2022";"MAYO";"NACIMIENTO";"FEMENINO";"HUANCAVELICA";"CHURCAMPA";"7"
"907";"2022";"MAYO";"NACIMIENTO";"FEMENINO";"HUANCAVELICA";"HUANCAVELICA";"30"
"908";"2022";"MAYO";"NACIMIENTO";"FEMENINO";"HUANCAVELICA";"HUAYTARA";"8"
"909";"2022";"MAYO";"NACIMIENTO";"FEMENINO";"HUANCAVELICA";"TAYACAJA";"48"
"910";"2022";"MAYO";"NACIMIENTO";"FEMENINO";"HUANUCO";"AMBO";"11"
"911";"2022";"MAYO";"NACIMIENTO";"FEMENINO";"HUANUCO";"DOS DE MAYO";"11"
"912";"2022";"MAYO";"NACIMIENTO";"FEMENINO";"HUANUCO";"HUACAYBAMBA";"2"
"913";"2022";"MAYO";"NACIMIENTO";"FEMENINO";"HUANUCO";"HUAMALIES";"26"
"914";"2022";"MAYO";"NACIMIENTO";"FEMENINO";"HUANUCO";"HUANUCO";"39"
"915";"2022";"MAYO";"NACIMIENTO";"FEMENINO";"HUANUCO";"LAURICOCHA";"3"
"916";"2022";"MAYO";"NACIMIENTO";"FEMENINO";"HUANUCO";"LEONCIO PRADO";"49"
"917";"2022";"MAYO";"NACIMIENTO";"FEMENINO";"HUANUCO";"MARAŃON";"3"
"918";"2022";"MAYO";"NACIMIENTO";"FEMENINO";"HUANUCO";"PACHITEA";"12"
"919";"2022";"MAYO";"NACIMIENTO";"FEMENINO";"HUANUCO";"PUERTO INCA";"4"
"920";"2022";"MAYO";"NACIMIENTO";"FEMENINO";"HUANUCO";"YAROWILCA";"3"
"921";"2022";"MAYO";"NACIMIENTO";"FEMENINO";"ICA";"CHINCHA";"133"
"922";"2022";"MAYO";"NACIMIENTO";"FEMENINO";"ICA";"ICA";"224"
"923";"2022";"MAYO";"NACIMIENTO";"FEMENINO";"ICA";"NASCA";"31"
"924";"2022";"MAYO";"NACIMIENTO";"FEMENINO";"ICA";"PALPA";"8"
"925";"2022";"MAYO";"NACIMIENTO";"FEMENINO";"ICA";"PISCO";"64"
"926";"2022";"MAYO";"NACIMIENTO";"FEMENINO";"ITALIA";"BERGAMO";"1"
"927";"2022";"MAYO";"NACIMIENTO";"FEMENINO";"ITALIA";"BOLONIA";"1"
"928";"2022";"MAYO";"NACIMIENTO";"FEMENINO";"ITALIA";"BOLZANO";"1"
"929";"2022";"MAYO";"NACIMIENTO";"FEMENINO";"ITALIA";"BRESCIA";"1"
"930";"2022";"MAYO";"NACIMIENTO";"FEMENINO";"ITALIA";"CERDEŃA";"1"
"931";"2022";"MAYO";"NACIMIENTO";"FEMENINO";"ITALIA";"EMILIA ROMAGNA";"2"
"932";"2022";"MAYO";"NACIMIENTO";"FEMENINO";"ITALIA";"FLORENCIA";"6"
"933";"2022";"MAYO";"NACIMIENTO";"FEMENINO";"ITALIA";"GENOVA";"1"
"934";"2022";"MAYO";"NACIMIENTO";"FEMENINO";"ITALIA";"LACIO";"2"
"935";"2022";"MAYO";"NACIMIENTO";"FEMENINO";"ITALIA";"LOMBARDIA";"8"
"936";"2022";"MAYO";"NACIMIENTO";"FEMENINO";"ITALIA";"MILAN";"26"
"937";"2022";"MAYO";"NACIMIENTO";"FEMENINO";"ITALIA";"MONZA";"1"
"938";"2022";"MAYO";"NACIMIENTO";"FEMENINO";"ITALIA";"NAPOLES";"1"
"939";"2022";"MAYO";"NACIMIENTO";"FEMENINO";"ITALIA";"ROMA";"11"
"940";"2022";"MAYO";"NACIMIENTO";"FEMENINO";"ITALIA";"TOSCANA";"2"
"941";"2022";"MAYO";"NACIMIENTO";"FEMENINO";"ITALIA";"TURIN";"7"
"942";"2022";"MAYO";"NACIMIENTO";"FEMENINO";"ITALIA";"VENECIA";"1"
"943";"2022";"MAYO";"NACIMIENTO";"FEMENINO";"ITALIA";"VERCELLI";"1"
"944";"2022";"MAYO";"NACIMIENTO";"FEMENINO";"ITALIA";"VICENZA";"1"
"945";"2022";"MAYO";"NACIMIENTO";"FEMENINO";"JAPON";"ISHIKAWA";"1"
"946";"2022";"MAYO";"NACIMIENTO";"FEMENINO";"JAPON";"KANAGAWA";"2"
"947";"2022";"MAYO";"NACIMIENTO";"FEMENINO";"JAPON";"MIE";"2"
"948";"2022";"MAYO";"NACIMIENTO";"FEMENINO";"JAPON";"OSAKA";"3"
"949";"2022";"MAYO";"NACIMIENTO";"FEMENINO";"JAPON";"SAITAMA";"1"
"950";"2022";"MAYO";"NACIMIENTO";"FEMENINO";"JAPON";"TOKIO";"1"
"951";"2022";"MAYO";"NACIMIENTO";"FEMENINO";"JUNIN";"CHANCHAMAYO";"25"
"952";"2022";"MAYO";"NACIMIENTO";"FEMENINO";"JUNIN";"CHUPACA";"33"
"953";"2022";"MAYO";"NACIMIENTO";"FEMENINO";"JUNIN";"CONCEPCION";"22"
"954";"2022";"MAYO";"NACIMIENTO";"FEMENINO";"JUNIN";"HUANCAYO";"219"
"955";"2022";"MAYO";"NACIMIENTO";"FEMENINO";"JUNIN";"JAUJA";"17"
"956";"2022";"MAYO";"NACIMIENTO";"FEMENINO";"JUNIN";"SATIPO";"30"
"957";"2022";"MAYO";"NACIMIENTO";"FEMENINO";"JUNIN";"TARMA";"5"
"958";"2022";"MAYO";"NACIMIENTO";"FEMENINO";"JUNIN";"YAULI";"4"
"959";"2022";"MAYO";"NACIMIENTO";"FEMENINO";"LA LIBERTAD";"ASCOPE";"53"
"960";"2022";"MAYO";"NACIMIENTO";"FEMENINO";"LA LIBERTAD";"BOLIVAR";"1"
"961";"2022";"MAYO";"NACIMIENTO";"FEMENINO";"LA LIBERTAD";"CHEPEN";"18"
"962";"2022";"MAYO";"NACIMIENTO";"FEMENINO";"LA LIBERTAD";"GRAN CHIMU";"5"
"963";"2022";"MAYO";"NACIMIENTO";"FEMENINO";"LA LIBERTAD";"JULCAN";"4"
"964";"2022";"MAYO";"NACIMIENTO";"FEMENINO";"LA LIBERTAD";"OTUZCO";"23"
"965";"2022";"MAYO";"NACIMIENTO";"FEMENINO";"LA LIBERTAD";"PACASMAYO";"17"
"966";"2022";"MAYO";"NACIMIENTO";"FEMENINO";"LA LIBERTAD";"PATAZ";"11"
"967";"2022";"MAYO";"NACIMIENTO";"FEMENINO";"LA LIBERTAD";"SANCHEZ CARRION";"33"
"968";"2022";"MAYO";"NACIMIENTO";"FEMENINO";"LA LIBERTAD";"SANTIAGO DE CHUCO";"11"
"969";"2022";"MAYO";"NACIMIENTO";"FEMENINO";"LA LIBERTAD";"TRUJILLO";"948"
"970";"2022";"MAYO";"NACIMIENTO";"FEMENINO";"LA LIBERTAD";"VIRU";"23"
"971";"2022";"MAYO";"NACIMIENTO";"FEMENINO";"LAMBAYEQUE";"CHICLAYO";"341"
"972";"2022";"MAYO";"NACIMIENTO";"FEMENINO";"LAMBAYEQUE";"FERREŃAFE";"10"
"973";"2022";"MAYO";"NACIMIENTO";"FEMENINO";"LAMBAYEQUE";"LAMBAYEQUE";"50"
"974";"2022";"MAYO";"NACIMIENTO";"FEMENINO";"LIMA";"BARRANCA";"49"
"975";"2022";"MAYO";"NACIMIENTO";"FEMENINO";"LIMA";"CAJATAMBO";"3"
"976";"2022";"MAYO";"NACIMIENTO";"FEMENINO";"LIMA";"CANTA";"5"
"977";"2022";"MAYO";"NACIMIENTO";"FEMENINO";"LIMA";"CAŃETE";"95"
"978";"2022";"MAYO";"NACIMIENTO";"FEMENINO";"LIMA";"HUARAL";"63"
"979";"2022";"MAYO";"NACIMIENTO";"FEMENINO";"LIMA";"HUAROCHIRI";"99"
"980";"2022";"MAYO";"NACIMIENTO";"FEMENINO";"LIMA";"HUAURA";"51"
"981";"2022";"MAYO";"NACIMIENTO";"FEMENINO";"LIMA";"LIMA";"15073"
"982";"2022";"MAYO";"NACIMIENTO";"FEMENINO";"LIMA";"OYON";"7"
"983";"2022";"MAYO";"NACIMIENTO";"FEMENINO";"LIMA";"YAUYOS";"7"
"984";"2022";"MAYO";"NACIMIENTO";"FEMENINO";"LORETO";"ALTO AMAZONAS";"19"
"985";"2022";"MAYO";"NACIMIENTO";"FEMENINO";"LORETO";"DATEM DEL MARAŃON";"5"
"986";"2022";"MAYO";"NACIMIENTO";"FEMENINO";"LORETO";"LORETO";"8"
"987";"2022";"MAYO";"NACIMIENTO";"FEMENINO";"LORETO";"MARISCAL RAMON CASTILLA";"6"
"988";"2022";"MAYO";"NACIMIENTO";"FEMENINO";"LORETO";"MAYNAS";"249"
"989";"2022";"MAYO";"NACIMIENTO";"FEMENINO";"LORETO";"PUTUMAYO";"1"
"990";"2022";"MAYO";"NACIMIENTO";"FEMENINO";"LORETO";"REQUENA";"7"
"991";"2022";"MAYO";"NACIMIENTO";"FEMENINO";"LORETO";"UCAYALI";"3"
"992";"2022";"MAYO";"NACIMIENTO";"FEMENINO";"MADRE DE DIOS";"MANU";"4"
"993";"2022";"MAYO";"NACIMIENTO";"FEMENINO";"MADRE DE DIOS";"TAHUAMANU";"6"
"994";"2022";"MAYO";"NACIMIENTO";"FEMENINO";"MADRE DE DIOS";"TAMBOPATA";"63"
"995";"2022";"MAYO";"NACIMIENTO";"FEMENINO";"MEXICO";"TAMAULIPAS";"1"
"996";"2022";"MAYO";"NACIMIENTO";"FEMENINO";"MOQUEGUA";"GENERAL SANCHEZ CERRO";"5"
"997";"2022";"MAYO";"NACIMIENTO";"FEMENINO";"MOQUEGUA";"ILO";"15"
"998";"2022";"MAYO";"NACIMIENTO";"FEMENINO";"MOQUEGUA";"MARISCAL NIETO";"11"
"999";"2022";"MAYO";"NACIMIENTO";"FEMENINO";"NORUEGA";"OSLO";"1"
"1000";"2022";"MAYO";"NACIMIENTO";"FEMENINO";"PASCO";"DANIEL ALCIDES CARRION";"5"
"1001";"2022";"MAYO";"NACIMIENTO";"FEMENINO";"PASCO";"OXAPAMPA";"18"
"1002";"2022";"MAYO";"NACIMIENTO";"FEMENINO";"PASCO";"PASCO";"23"
"1003";"2022";"MAYO";"NACIMIENTO";"FEMENINO";"PIURA";"AYABACA";"20"
"1004";"2022";"MAYO";"NACIMIENTO";"FEMENINO";"PIURA";"HUANCABAMBA";"10"
"1005";"2022";"MAYO";"NACIMIENTO";"FEMENINO";"PIURA";"MORROPON";"34"
"1006";"2022";"MAYO";"NACIMIENTO";"FEMENINO";"PIURA";"PAITA";"66"
"1007";"2022";"MAYO";"NACIMIENTO";"FEMENINO";"PIURA";"PIURA";"301"
"1008";"2022";"MAYO";"NACIMIENTO";"FEMENINO";"PIURA";"SECHURA";"8"
"1009";"2022";"MAYO";"NACIMIENTO";"FEMENINO";"PIURA";"SULLANA";"112"
"1010";"2022";"MAYO";"NACIMIENTO";"FEMENINO";"PIURA";"TALARA";"28"
"1011";"2022";"MAYO";"NACIMIENTO";"FEMENINO";"PORTUGAL";"LISBOA";"1"
"1012";"2022";"MAYO";"NACIMIENTO";"FEMENINO";"PUNO";"AZANGARO";"9"
"1013";"2022";"MAYO";"NACIMIENTO";"FEMENINO";"PUNO";"CARABAYA";"8"
"1014";"2022";"MAYO";"NACIMIENTO";"FEMENINO";"PUNO";"CHUCUITO";"3"
"1015";"2022";"MAYO";"NACIMIENTO";"FEMENINO";"PUNO";"EL COLLAO";"7"
"1016";"2022";"MAYO";"NACIMIENTO";"FEMENINO";"PUNO";"HUANCANE";"7"
"1017";"2022";"MAYO";"NACIMIENTO";"FEMENINO";"PUNO";"LAMPA";"7"
"1018";"2022";"MAYO";"NACIMIENTO";"FEMENINO";"PUNO";"MELGAR";"3"
"1019";"2022";"MAYO";"NACIMIENTO";"FEMENINO";"PUNO";"MOHO";"2"
"1020";"2022";"MAYO";"NACIMIENTO";"FEMENINO";"PUNO";"PUNO";"19"
"1021";"2022";"MAYO";"NACIMIENTO";"FEMENINO";"PUNO";"SAN ROMAN";"79"
"1022";"2022";"MAYO";"NACIMIENTO";"FEMENINO";"PUNO";"SANDIA";"5"
"1023";"2022";"MAYO";"NACIMIENTO";"FEMENINO";"PUNO";"YUNGUYO";"1"
"1024";"2022";"MAYO";"NACIMIENTO";"FEMENINO";"REINO UNIDO DE GRAN BRETAŃA E IRLANDA DEL NORTE";"INGLATERRA";"2"
"1025";"2022";"MAYO";"NACIMIENTO";"FEMENINO";"RUSIA";"MOSCU";"1"
"1026";"2022";"MAYO";"NACIMIENTO";"FEMENINO";"SAN MARTIN";"BELLAVISTA";"4"
"1027";"2022";"MAYO";"NACIMIENTO";"FEMENINO";"SAN MARTIN";"EL DORADO";"2"
"1028";"2022";"MAYO";"NACIMIENTO";"FEMENINO";"SAN MARTIN";"HUALLAGA";"3"
"1029";"2022";"MAYO";"NACIMIENTO";"FEMENINO";"SAN MARTIN";"LAMAS";"9"
"1030";"2022";"MAYO";"NACIMIENTO";"FEMENINO";"SAN MARTIN";"MARISCAL CACERES";"6"
"1031";"2022";"MAYO";"NACIMIENTO";"FEMENINO";"SAN MARTIN";"MOYOBAMBA";"16"
"1032";"2022";"MAYO";"NACIMIENTO";"FEMENINO";"SAN MARTIN";"PICOTA";"5"
"1033";"2022";"MAYO";"NACIMIENTO";"FEMENINO";"SAN MARTIN";"RIOJA";"29"
"1034";"2022";"MAYO";"NACIMIENTO";"FEMENINO";"SAN MARTIN";"SAN MARTIN";"40"
"1035";"2022";"MAYO";"NACIMIENTO";"FEMENINO";"SAN MARTIN";"TOCACHE";"9"
"1036";"2022";"MAYO";"NACIMIENTO";"FEMENINO";"SUECIA";"ESTOCOLMO";"1"
"1037";"2022";"MAYO";"NACIMIENTO";"FEMENINO";"SUIZA";"GINEBRA";"3"
"1038";"2022";"MAYO";"NACIMIENTO";"FEMENINO";"SUIZA";"ZURICH";"2"
"1039";"2022";"MAYO";"NACIMIENTO";"FEMENINO";"TACNA";"CANDARAVE";"1"
"1040";"2022";"MAYO";"NACIMIENTO";"FEMENINO";"TACNA";"JORGE BASADRE";"3"
"1041";"2022";"MAYO";"NACIMIENTO";"FEMENINO";"TACNA";"TACNA";"108"
"1042";"2022";"MAYO";"NACIMIENTO";"FEMENINO";"TACNA";"TARATA";"2"
"1043";"2022";"MAYO";"NACIMIENTO";"FEMENINO";"TUMBES";"CONTRALMIRANTE VILLAR";"7"
"1044";"2022";"MAYO";"NACIMIENTO";"FEMENINO";"TUMBES";"TUMBES";"139"
"1045";"2022";"MAYO";"NACIMIENTO";"FEMENINO";"TUMBES";"ZARUMILLA";"13"
"1046";"2022";"MAYO";"NACIMIENTO";"FEMENINO";"UCAYALI";"ATALAYA";"5"
"1047";"2022";"MAYO";"NACIMIENTO";"FEMENINO";"UCAYALI";"CORONEL PORTILLO";"149"
"1048";"2022";"MAYO";"NACIMIENTO";"FEMENINO";"UCAYALI";"PADRE ABAD";"6"
"1049";"2022";"MAYO";"NACIMIENTO";"FEMENINO";"VENEZUELA";"ANZOATEGUI";"1"
"1050";"2022";"MAYO";"NACIMIENTO";"FEMENINO";"VENEZUELA";"CARACAS";"2"
"1051";"2022";"MAYO";"NACIMIENTO";"FEMENINO";"VENEZUELA";"MIRANDA";"1"
"1052";"2022";"MAYO";"NACIMIENTO";"FEMENINO";"VENEZUELA";"PUERTO ORDAZ";"1"
"1053";"2022";"MAYO";"NACIMIENTO";"MASCULINO";"ALEMANIA";"BAVIERA";"1"
"1054";"2022";"MAYO";"NACIMIENTO";"MASCULINO";"ALEMANIA";"DUSSELDORF";"1"
"1055";"2022";"MAYO";"NACIMIENTO";"MASCULINO";"ALEMANIA";"RENANIA DEL NORTE-WESTFA";"1"
"1056";"2022";"MAYO";"NACIMIENTO";"MASCULINO";"ALEMANIA";"RENANIA-PALATINADO";"1"
"1057";"2022";"MAYO";"NACIMIENTO";"MASCULINO";"ALEMANIA";"SAJONIA";"1"
"1058";"2022";"MAYO";"NACIMIENTO";"MASCULINO";"AMAZONAS";"BAGUA";"2"
"1059";"2022";"MAYO";"NACIMIENTO";"MASCULINO";"AMAZONAS";"BONGARA";"5"
"1060";"2022";"MAYO";"NACIMIENTO";"MASCULINO";"AMAZONAS";"CHACHAPOYAS";"4"
"1061";"2022";"MAYO";"NACIMIENTO";"MASCULINO";"AMAZONAS";"CONDORCANQUI";"6"
"1062";"2022";"MAYO";"NACIMIENTO";"MASCULINO";"AMAZONAS";"LUYA";"2"
"1063";"2022";"MAYO";"NACIMIENTO";"MASCULINO";"AMAZONAS";"RODRIGUEZ DE MENDOZA";"1"
"1064";"2022";"MAYO";"NACIMIENTO";"MASCULINO";"AMAZONAS";"UTCUBAMBA";"11"
"1065";"2022";"MAYO";"NACIMIENTO";"MASCULINO";"ANCASH";"ANTONIO RAIMONDI";"2"
"1066";"2022";"MAYO";"NACIMIENTO";"MASCULINO";"ANCASH";"ASUNCION";"2"
"1067";"2022";"MAYO";"NACIMIENTO";"MASCULINO";"ANCASH";"BOLOGNESI";"4"
"1068";"2022";"MAYO";"NACIMIENTO";"MASCULINO";"ANCASH";"CARHUAZ";"3"
"1069";"2022";"MAYO";"NACIMIENTO";"MASCULINO";"ANCASH";"CASMA";"6"
"1070";"2022";"MAYO";"NACIMIENTO";"MASCULINO";"ANCASH";"HUARAZ";"16"
"1071";"2022";"MAYO";"NACIMIENTO";"MASCULINO";"ANCASH";"HUARI";"9"
"1072";"2022";"MAYO";"NACIMIENTO";"MASCULINO";"ANCASH";"HUARMEY";"3"
"1073";"2022";"MAYO";"NACIMIENTO";"MASCULINO";"ANCASH";"HUAYLAS";"1"
"1074";"2022";"MAYO";"NACIMIENTO";"MASCULINO";"ANCASH";"MARISCAL LUZURIAGA";"1"
"1075";"2022";"MAYO";"NACIMIENTO";"MASCULINO";"ANCASH";"OCROS";"3"
"1076";"2022";"MAYO";"NACIMIENTO";"MASCULINO";"ANCASH";"PALLASCA";"3"
"1077";"2022";"MAYO";"NACIMIENTO";"MASCULINO";"ANCASH";"POMABAMBA";"2"
"1078";"2022";"MAYO";"NACIMIENTO";"MASCULINO";"ANCASH";"SANTA";"86"
"1079";"2022";"MAYO";"NACIMIENTO";"MASCULINO";"ANCASH";"SIHUAS";"1"
"1080";"2022";"MAYO";"NACIMIENTO";"MASCULINO";"ANCASH";"YUNGAY";"5"
"1081";"2022";"MAYO";"NACIMIENTO";"MASCULINO";"APURIMAC";"ABANCAY";"6"
"1082";"2022";"MAYO";"NACIMIENTO";"MASCULINO";"APURIMAC";"ANDAHUAYLAS";"10"
"1083";"2022";"MAYO";"NACIMIENTO";"MASCULINO";"APURIMAC";"ANTABAMBA";"2"
"1084";"2022";"MAYO";"NACIMIENTO";"MASCULINO";"APURIMAC";"AYMARAES";"5"
"1085";"2022";"MAYO";"NACIMIENTO";"MASCULINO";"APURIMAC";"CHINCHEROS";"2"
"1086";"2022";"MAYO";"NACIMIENTO";"MASCULINO";"APURIMAC";"COTABAMBAS";"2"
"1087";"2022";"MAYO";"NACIMIENTO";"MASCULINO";"APURIMAC";"GRAU";"2"
"1088";"2022";"MAYO";"NACIMIENTO";"MASCULINO";"AREQUIPA";"AREQUIPA";"227"
"1089";"2022";"MAYO";"NACIMIENTO";"MASCULINO";"AREQUIPA";"CAMANA";"8"
"1090";"2022";"MAYO";"NACIMIENTO";"MASCULINO";"AREQUIPA";"CARAVELI";"7"
"1091";"2022";"MAYO";"NACIMIENTO";"MASCULINO";"AREQUIPA";"CASTILLA";"2"
"1092";"2022";"MAYO";"NACIMIENTO";"MASCULINO";"AREQUIPA";"CAYLLOMA";"16"
"1093";"2022";"MAYO";"NACIMIENTO";"MASCULINO";"AREQUIPA";"CONDESUYOS";"1"
"1094";"2022";"MAYO";"NACIMIENTO";"MASCULINO";"AREQUIPA";"ISLAY";"12"
"1095";"2022";"MAYO";"NACIMIENTO";"MASCULINO";"AREQUIPA";"LA UNION";"1"
"1096";"2022";"MAYO";"NACIMIENTO";"MASCULINO";"ARGENTINA";"BUENOS AIRES";"16"
"1097";"2022";"MAYO";"NACIMIENTO";"MASCULINO";"ARGENTINA";"CORDOBA";"1"
"1098";"2022";"MAYO";"NACIMIENTO";"MASCULINO";"ARGENTINA";"LA PLATA";"2"
"1099";"2022";"MAYO";"NACIMIENTO";"MASCULINO";"ARGENTINA";"MAR DEL PLATA";"1"
"1100";"2022";"MAYO";"NACIMIENTO";"MASCULINO";"AUSTRALIA";"NUEVA GALES DEL SUR";"1"
"1101";"2022";"MAYO";"NACIMIENTO";"MASCULINO";"AUSTRALIA";"QUEENSLAND";"1"
"1102";"2022";"MAYO";"NACIMIENTO";"MASCULINO";"AYACUCHO";"CANGALLO";"55"
"1103";"2022";"MAYO";"NACIMIENTO";"MASCULINO";"AYACUCHO";"HUAMANGA";"20"
"1104";"2022";"MAYO";"NACIMIENTO";"MASCULINO";"AYACUCHO";"HUANCA SANCOS";"1"
"1105";"2022";"MAYO";"NACIMIENTO";"MASCULINO";"AYACUCHO";"HUANTA";"7"
"1106";"2022";"MAYO";"NACIMIENTO";"MASCULINO";"AYACUCHO";"LA MAR";"2"
"1107";"2022";"MAYO";"NACIMIENTO";"MASCULINO";"AYACUCHO";"LUCANAS";"2"
"1108";"2022";"MAYO";"NACIMIENTO";"MASCULINO";"AYACUCHO";"PARINACOCHAS";"5"
"1109";"2022";"MAYO";"NACIMIENTO";"MASCULINO";"AYACUCHO";"PAUCAR DEL SARA SARA";"5"
"1110";"2022";"MAYO";"NACIMIENTO";"MASCULINO";"AYACUCHO";"VICTOR FAJARDO";"4"
"1111";"2022";"MAYO";"NACIMIENTO";"MASCULINO";"AYACUCHO";"VILCAS HUAMAN";"2"
"1112";"2022";"MAYO";"NACIMIENTO";"MASCULINO";"BOLIVIA";"COCHABAMBA";"5"
"1113";"2022";"MAYO";"NACIMIENTO";"MASCULINO";"BOLIVIA";"SANTA CRUZ";"4"
"1114";"2022";"MAYO";"NACIMIENTO";"MASCULINO";"BRASIL";"RIO DE JANEIRO";"1"
"1115";"2022";"MAYO";"NACIMIENTO";"MASCULINO";"BRASIL";"SAO PAULO";"9"
"1116";"2022";"MAYO";"NACIMIENTO";"MASCULINO";"CAJAMARCA";"CAJABAMBA";"4"
"1117";"2022";"MAYO";"NACIMIENTO";"MASCULINO";"CAJAMARCA";"CAJAMARCA";"221"
"1118";"2022";"MAYO";"NACIMIENTO";"MASCULINO";"CAJAMARCA";"CELENDIN";"6"
"1119";"2022";"MAYO";"NACIMIENTO";"MASCULINO";"CAJAMARCA";"CHOTA";"8"
"1120";"2022";"MAYO";"NACIMIENTO";"MASCULINO";"CAJAMARCA";"CONTUMAZA";"3"
"1121";"2022";"MAYO";"NACIMIENTO";"MASCULINO";"CAJAMARCA";"CUTERVO";"9"
"1122";"2022";"MAYO";"NACIMIENTO";"MASCULINO";"CAJAMARCA";"HUALGAYOC";"4"
"1123";"2022";"MAYO";"NACIMIENTO";"MASCULINO";"CAJAMARCA";"JAEN";"10"
"1124";"2022";"MAYO";"NACIMIENTO";"MASCULINO";"CAJAMARCA";"SAN IGNACIO";"6"
"1125";"2022";"MAYO";"NACIMIENTO";"MASCULINO";"CAJAMARCA";"SAN MARCOS";"5"
"1126";"2022";"MAYO";"NACIMIENTO";"MASCULINO";"CAJAMARCA";"SAN MIGUEL";"4"
"1127";"2022";"MAYO";"NACIMIENTO";"MASCULINO";"CAJAMARCA";"SAN PABLO";"3"
"1128";"2022";"MAYO";"NACIMIENTO";"MASCULINO";"CAJAMARCA";"SANTA CRUZ";"4"
"1129";"2022";"MAYO";"NACIMIENTO";"MASCULINO";"CALLAO";"CALLAO";"942"
"1130";"2022";"MAYO";"NACIMIENTO";"MASCULINO";"CANADA";"ALBERTA";"5"
"1131";"2022";"MAYO";"NACIMIENTO";"MASCULINO";"CANADA";"MONTREAL";"2"
"1132";"2022";"MAYO";"NACIMIENTO";"MASCULINO";"CANADA";"NUEVO BRUNSWICK";"1"
"1133";"2022";"MAYO";"NACIMIENTO";"MASCULINO";"CANADA";"ONTARIO";"2"
"1134";"2022";"MAYO";"NACIMIENTO";"MASCULINO";"CANADA";"QUEBEC";"1"
"1135";"2022";"MAYO";"NACIMIENTO";"MASCULINO";"CANADA";"TORONTO";"1"
"1136";"2022";"MAYO";"NACIMIENTO";"MASCULINO";"CANADA";"VANCOUVER";"1"
"1137";"2022";"MAYO";"NACIMIENTO";"MASCULINO";"CHILE";"ANTOFAGASTA";"2"
"1138";"2022";"MAYO";"NACIMIENTO";"MASCULINO";"CHILE";"ARICA";"1"
"1139";"2022";"MAYO";"NACIMIENTO";"MASCULINO";"CHILE";"IQUIQUE";"1"
"1140";"2022";"MAYO";"NACIMIENTO";"MASCULINO";"CHILE";"LA ARAUCANIA";"1"
"1141";"2022";"MAYO";"NACIMIENTO";"MASCULINO";"CHILE";"SANTIAGO";"22"
"1142";"2022";"MAYO";"NACIMIENTO";"MASCULINO";"CHILE";"VALPARAISO";"1"
"1143";"2022";"MAYO";"NACIMIENTO";"MASCULINO";"COLOMBIA";"MEDELLIN";"1"
"1144";"2022";"MAYO";"NACIMIENTO";"MASCULINO";"COSTA RICA";"SAN JOSE";"1"
"1145";"2022";"MAYO";"NACIMIENTO";"MASCULINO";"CUSCO";"ACOMAYO";"1"
"1146";"2022";"MAYO";"NACIMIENTO";"MASCULINO";"CUSCO";"ANTA";"20"
"1147";"2022";"MAYO";"NACIMIENTO";"MASCULINO";"CUSCO";"CALCA";"3"
"1148";"2022";"MAYO";"NACIMIENTO";"MASCULINO";"CUSCO";"CANAS";"1"
"1149";"2022";"MAYO";"NACIMIENTO";"MASCULINO";"CUSCO";"CANCHIS";"8"
"1150";"2022";"MAYO";"NACIMIENTO";"MASCULINO";"CUSCO";"CHUMBIVILCAS";"2"
"1151";"2022";"MAYO";"NACIMIENTO";"MASCULINO";"CUSCO";"CUSCO";"168"
"1152";"2022";"MAYO";"NACIMIENTO";"MASCULINO";"CUSCO";"ESPINAR";"1"
"1153";"2022";"MAYO";"NACIMIENTO";"MASCULINO";"CUSCO";"LA CONVENCION";"13"
"1154";"2022";"MAYO";"NACIMIENTO";"MASCULINO";"CUSCO";"PARURO";"1"
"1155";"2022";"MAYO";"NACIMIENTO";"MASCULINO";"CUSCO";"PAUCARTAMBO";"1"
"1156";"2022";"MAYO";"NACIMIENTO";"MASCULINO";"CUSCO";"QUISPICANCHI";"8"
"1157";"2022";"MAYO";"NACIMIENTO";"MASCULINO";"CUSCO";"URUBAMBA";"11"
"1158";"2022";"MAYO";"NACIMIENTO";"MASCULINO";"ECUADOR";"AZUAY";"1"
"1159";"2022";"MAYO";"NACIMIENTO";"MASCULINO";"ECUADOR";"GUAYAQUIL";"1"
"1160";"2022";"MAYO";"NACIMIENTO";"MASCULINO";"ESPAŃA";"ALICANTE";"1"
"1161";"2022";"MAYO";"NACIMIENTO";"MASCULINO";"ESPAŃA";"ALMERIA";"1"
"1162";"2022";"MAYO";"NACIMIENTO";"MASCULINO";"ESPAŃA";"BARCELONA";"25"
"1163";"2022";"MAYO";"NACIMIENTO";"MASCULINO";"ESPAŃA";"BILBAO";"1"
"1164";"2022";"MAYO";"NACIMIENTO";"MASCULINO";"ESPAŃA";"CANTABRIA";"2"
"1165";"2022";"MAYO";"NACIMIENTO";"MASCULINO";"ESPAŃA";"CASTELLON";"2"
"1166";"2022";"MAYO";"NACIMIENTO";"MASCULINO";"ESPAŃA";"GERONA";"3"
"1167";"2022";"MAYO";"NACIMIENTO";"MASCULINO";"ESPAŃA";"GUADALAJARA";"1"
"1168";"2022";"MAYO";"NACIMIENTO";"MASCULINO";"ESPAŃA";"HUESCA";"1"
"1169";"2022";"MAYO";"NACIMIENTO";"MASCULINO";"ESPAŃA";"LA CORUŃA";"1"
"1170";"2022";"MAYO";"NACIMIENTO";"MASCULINO";"ESPAŃA";"LAS PALMAS";"1"
"1171";"2022";"MAYO";"NACIMIENTO";"MASCULINO";"ESPAŃA";"MADRID";"40"
"1172";"2022";"MAYO";"NACIMIENTO";"MASCULINO";"ESPAŃA";"SANTANDER";"1"
"1173";"2022";"MAYO";"NACIMIENTO";"MASCULINO";"ESPAŃA";"SEVILLA";"3"
"1174";"2022";"MAYO";"NACIMIENTO";"MASCULINO";"ESPAŃA";"TARRAGONA";"1"
"1175";"2022";"MAYO";"NACIMIENTO";"MASCULINO";"ESPAŃA";"ZARAGOZA";"3"
"1176";"2022";"MAYO";"NACIMIENTO";"MASCULINO";"ESTADOS UNIDOS DE AMERICA";"BOSTON";"2"
"1177";"2022";"MAYO";"NACIMIENTO";"MASCULINO";"ESTADOS UNIDOS DE AMERICA";"CALIFORNIA";"1"
"1178";"2022";"MAYO";"NACIMIENTO";"MASCULINO";"ESTADOS UNIDOS DE AMERICA";"CAROLINA DEL NORTE";"1"
"1179";"2022";"MAYO";"NACIMIENTO";"MASCULINO";"ESTADOS UNIDOS DE AMERICA";"CAROLINA DEL SUR";"1"
"1180";"2022";"MAYO";"NACIMIENTO";"MASCULINO";"ESTADOS UNIDOS DE AMERICA";"COLORADO";"2"
"1181";"2022";"MAYO";"NACIMIENTO";"MASCULINO";"ESTADOS UNIDOS DE AMERICA";"CONNECTICUT";"4"
"1182";"2022";"MAYO";"NACIMIENTO";"MASCULINO";"ESTADOS UNIDOS DE AMERICA";"DALLAS";"3"
"1183";"2022";"MAYO";"NACIMIENTO";"MASCULINO";"ESTADOS UNIDOS DE AMERICA";"FLORIDA";"2"
"1184";"2022";"MAYO";"NACIMIENTO";"MASCULINO";"ESTADOS UNIDOS DE AMERICA";"GEORGIA";"1"
"1185";"2022";"MAYO";"NACIMIENTO";"MASCULINO";"ESTADOS UNIDOS DE AMERICA";"HOUSTON";"2"
"1186";"2022";"MAYO";"NACIMIENTO";"MASCULINO";"ESTADOS UNIDOS DE AMERICA";"ILLINOIS";"2"
"1187";"2022";"MAYO";"NACIMIENTO";"MASCULINO";"ESTADOS UNIDOS DE AMERICA";"LAS VEGAS";"2"
"1188";"2022";"MAYO";"NACIMIENTO";"MASCULINO";"ESTADOS UNIDOS DE AMERICA";"LOS ANGELES";"9"
"1189";"2022";"MAYO";"NACIMIENTO";"MASCULINO";"ESTADOS UNIDOS DE AMERICA";"MARYLAND";"7"
"1190";"2022";"MAYO";"NACIMIENTO";"MASCULINO";"ESTADOS UNIDOS DE AMERICA";"MIAMI";"14"
"1191";"2022";"MAYO";"NACIMIENTO";"MASCULINO";"ESTADOS UNIDOS DE AMERICA";"MISSOURI";"1"
"1192";"2022";"MAYO";"NACIMIENTO";"MASCULINO";"ESTADOS UNIDOS DE AMERICA";"NUEVA JERSEY";"23"
"1193";"2022";"MAYO";"NACIMIENTO";"MASCULINO";"ESTADOS UNIDOS DE AMERICA";"NUEVA YORK";"21"
"1194";"2022";"MAYO";"NACIMIENTO";"MASCULINO";"ESTADOS UNIDOS DE AMERICA";"ORLANDO";"1"
"1195";"2022";"MAYO";"NACIMIENTO";"MASCULINO";"ESTADOS UNIDOS DE AMERICA";"PATERSON";"6"
"1196";"2022";"MAYO";"NACIMIENTO";"MASCULINO";"ESTADOS UNIDOS DE AMERICA";"PENNSYLVANIA";"2"
"1197";"2022";"MAYO";"NACIMIENTO";"MASCULINO";"ESTADOS UNIDOS DE AMERICA";"SAN ANTONIO";"1"
"1198";"2022";"MAYO";"NACIMIENTO";"MASCULINO";"ESTADOS UNIDOS DE AMERICA";"SAN DIEGO";"2"
"1199";"2022";"MAYO";"NACIMIENTO";"MASCULINO";"ESTADOS UNIDOS DE AMERICA";"SAN FRANCISCO";"4"
"1200";"2022";"MAYO";"NACIMIENTO";"MASCULINO";"ESTADOS UNIDOS DE AMERICA";"SEATLE";"1"
"1201";"2022";"MAYO";"NACIMIENTO";"MASCULINO";"ESTADOS UNIDOS DE AMERICA";"TAMPA";"9"
"1202";"2022";"MAYO";"NACIMIENTO";"MASCULINO";"ESTADOS UNIDOS DE AMERICA";"TENNESSEE";"1"
"1203";"2022";"MAYO";"NACIMIENTO";"MASCULINO";"ESTADOS UNIDOS DE AMERICA";"TEXAS";"1"
"1204";"2022";"MAYO";"NACIMIENTO";"MASCULINO";"ESTADOS UNIDOS DE AMERICA";"UTAH";"3"
"1205";"2022";"MAYO";"NACIMIENTO";"MASCULINO";"ESTADOS UNIDOS DE AMERICA";"VIRGINIA";"11"
"1206";"2022";"MAYO";"NACIMIENTO";"MASCULINO";"FRANCIA";"ILE DE FRANCE";"2"
"1207";"2022";"MAYO";"NACIMIENTO";"MASCULINO";"FRANCIA";"LANGUEDOC-ROUSSILLON";"1"
"1208";"2022";"MAYO";"NACIMIENTO";"MASCULINO";"FRANCIA";"PARIS";"4"
"1209";"2022";"MAYO";"NACIMIENTO";"MASCULINO";"GRAN BRETAŃA";"LONDRES";"1"
"1210";"2022";"MAYO";"NACIMIENTO";"MASCULINO";"HOLANDA";"AMSTERDAM";"1"
"1211";"2022";"MAYO";"NACIMIENTO";"MASCULINO";"HUANCAVELICA";"ACOBAMBA";"6"
"1212";"2022";"MAYO";"NACIMIENTO";"MASCULINO";"HUANCAVELICA";"ANGARAES";"16"
"1213";"2022";"MAYO";"NACIMIENTO";"MASCULINO";"HUANCAVELICA";"CASTROVIRREYNA";"1"
"1214";"2022";"MAYO";"NACIMIENTO";"MASCULINO";"HUANCAVELICA";"CHURCAMPA";"5"
"1215";"2022";"MAYO";"NACIMIENTO";"MASCULINO";"HUANCAVELICA";"HUANCAVELICA";"26"
"1216";"2022";"MAYO";"NACIMIENTO";"MASCULINO";"HUANCAVELICA";"HUAYTARA";"7"
"1217";"2022";"MAYO";"NACIMIENTO";"MASCULINO";"HUANCAVELICA";"TAYACAJA";"21"
"1218";"2022";"MAYO";"NACIMIENTO";"MASCULINO";"HUANUCO";"AMBO";"5"
"1219";"2022";"MAYO";"NACIMIENTO";"MASCULINO";"HUANUCO";"DOS DE MAYO";"2"
"1220";"2022";"MAYO";"NACIMIENTO";"MASCULINO";"HUANUCO";"HUACAYBAMBA";"1"
"1221";"2022";"MAYO";"NACIMIENTO";"MASCULINO";"HUANUCO";"HUAMALIES";"9"
"1222";"2022";"MAYO";"NACIMIENTO";"MASCULINO";"HUANUCO";"HUANUCO";"23"
"1223";"2022";"MAYO";"NACIMIENTO";"MASCULINO";"HUANUCO";"LAURICOCHA";"1"
"1224";"2022";"MAYO";"NACIMIENTO";"MASCULINO";"HUANUCO";"LEONCIO PRADO";"27"
"1225";"2022";"MAYO";"NACIMIENTO";"MASCULINO";"HUANUCO";"MARAŃON";"2"
"1226";"2022";"MAYO";"NACIMIENTO";"MASCULINO";"HUANUCO";"PACHITEA";"3"
"1227";"2022";"MAYO";"NACIMIENTO";"MASCULINO";"HUANUCO";"PUERTO INCA";"3"
"1228";"2022";"MAYO";"NACIMIENTO";"MASCULINO";"HUANUCO";"YAROWILCA";"4"
"1229";"2022";"MAYO";"NACIMIENTO";"MASCULINO";"ICA";"CHINCHA";"66"
"1230";"2022";"MAYO";"NACIMIENTO";"MASCULINO";"ICA";"ICA";"117"
"1231";"2022";"MAYO";"NACIMIENTO";"MASCULINO";"ICA";"NASCA";"13"
"1232";"2022";"MAYO";"NACIMIENTO";"MASCULINO";"ICA";"PALPA";"4"
"1233";"2022";"MAYO";"NACIMIENTO";"MASCULINO";"ICA";"PISCO";"34"
"1234";"2022";"MAYO";"NACIMIENTO";"MASCULINO";"ITALIA";"BOLONIA";"1"
"1235";"2022";"MAYO";"NACIMIENTO";"MASCULINO";"ITALIA";"FLORENCIA";"2"
"1236";"2022";"MAYO";"NACIMIENTO";"MASCULINO";"ITALIA";"GENOVA";"3"
"1237";"2022";"MAYO";"NACIMIENTO";"MASCULINO";"ITALIA";"LIVORNO";"3"
"1238";"2022";"MAYO";"NACIMIENTO";"MASCULINO";"ITALIA";"LOMBARDIA";"1"
"1239";"2022";"MAYO";"NACIMIENTO";"MASCULINO";"ITALIA";"MILAN";"22"
"1240";"2022";"MAYO";"NACIMIENTO";"MASCULINO";"ITALIA";"ROMA";"4"
"1241";"2022";"MAYO";"NACIMIENTO";"MASCULINO";"ITALIA";"TURIN";"3"
"1242";"2022";"MAYO";"NACIMIENTO";"MASCULINO";"ITALIA";"UMBRIA";"1"
"1243";"2022";"MAYO";"NACIMIENTO";"MASCULINO";"JAPON";"AICHI";"1"
"1244";"2022";"MAYO";"NACIMIENTO";"MASCULINO";"JAPON";"CHIBA";"1"
"1245";"2022";"MAYO";"NACIMIENTO";"MASCULINO";"JAPON";"GIFU";"1"
"1246";"2022";"MAYO";"NACIMIENTO";"MASCULINO";"JAPON";"GUNMA";"1"
"1247";"2022";"MAYO";"NACIMIENTO";"MASCULINO";"JAPON";"HIROSHIMA";"5"
"1248";"2022";"MAYO";"NACIMIENTO";"MASCULINO";"JAPON";"KANAGAWA";"1"
"1249";"2022";"MAYO";"NACIMIENTO";"MASCULINO";"JAPON";"OSAKA";"1"
"1250";"2022";"MAYO";"NACIMIENTO";"MASCULINO";"JAPON";"SHIZUOKA";"1"
"1251";"2022";"MAYO";"NACIMIENTO";"MASCULINO";"JAPON";"TOCHIGI";"3"
"1252";"2022";"MAYO";"NACIMIENTO";"MASCULINO";"JAPON";"YAMANASHI";"1"
"1253";"2022";"MAYO";"NACIMIENTO";"MASCULINO";"JUNIN";"CHANCHAMAYO";"11"
"1254";"2022";"MAYO";"NACIMIENTO";"MASCULINO";"JUNIN";"CHUPACA";"8"
"1255";"2022";"MAYO";"NACIMIENTO";"MASCULINO";"JUNIN";"CONCEPCION";"8"
"1256";"2022";"MAYO";"NACIMIENTO";"MASCULINO";"JUNIN";"HUANCAYO";"199"
"1257";"2022";"MAYO";"NACIMIENTO";"MASCULINO";"JUNIN";"JAUJA";"10"
"1258";"2022";"MAYO";"NACIMIENTO";"MASCULINO";"JUNIN";"JUNIN";"1"
"1259";"2022";"MAYO";"NACIMIENTO";"MASCULINO";"JUNIN";"SATIPO";"11"
"1260";"2022";"MAYO";"NACIMIENTO";"MASCULINO";"JUNIN";"TARMA";"3"
"1261";"2022";"MAYO";"NACIMIENTO";"MASCULINO";"JUNIN";"YAULI";"6"
"1262";"2022";"MAYO";"NACIMIENTO";"MASCULINO";"LA LIBERTAD";"ASCOPE";"46"
"1263";"2022";"MAYO";"NACIMIENTO";"MASCULINO";"LA LIBERTAD";"CHEPEN";"25"
"1264";"2022";"MAYO";"NACIMIENTO";"MASCULINO";"LA LIBERTAD";"GRAN CHIMU";"2"
"1265";"2022";"MAYO";"NACIMIENTO";"MASCULINO";"LA LIBERTAD";"JULCAN";"2"
"1266";"2022";"MAYO";"NACIMIENTO";"MASCULINO";"LA LIBERTAD";"OTUZCO";"13"
"1267";"2022";"MAYO";"NACIMIENTO";"MASCULINO";"LA LIBERTAD";"PACASMAYO";"12"
"1268";"2022";"MAYO";"NACIMIENTO";"MASCULINO";"LA LIBERTAD";"PATAZ";"5"
"1269";"2022";"MAYO";"NACIMIENTO";"MASCULINO";"LA LIBERTAD";"SANCHEZ CARRION";"9"
"1270";"2022";"MAYO";"NACIMIENTO";"MASCULINO";"LA LIBERTAD";"SANTIAGO DE CHUCO";"2"
"1271";"2022";"MAYO";"NACIMIENTO";"MASCULINO";"LA LIBERTAD";"TRUJILLO";"722"
"1272";"2022";"MAYO";"NACIMIENTO";"MASCULINO";"LA LIBERTAD";"VIRU";"18"
"1273";"2022";"MAYO";"NACIMIENTO";"MASCULINO";"LAMBAYEQUE";"CHICLAYO";"210"
"1274";"2022";"MAYO";"NACIMIENTO";"MASCULINO";"LAMBAYEQUE";"FERREŃAFE";"11"
"1275";"2022";"MAYO";"NACIMIENTO";"MASCULINO";"LAMBAYEQUE";"LAMBAYEQUE";"22"
"1276";"2022";"MAYO";"NACIMIENTO";"MASCULINO";"LIMA";"BARRANCA";"31"
"1277";"2022";"MAYO";"NACIMIENTO";"MASCULINO";"LIMA";"CANTA";"6"
"1278";"2022";"MAYO";"NACIMIENTO";"MASCULINO";"LIMA";"CAŃETE";"51"
"1279";"2022";"MAYO";"NACIMIENTO";"MASCULINO";"LIMA";"HUARAL";"64"
"1280";"2022";"MAYO";"NACIMIENTO";"MASCULINO";"LIMA";"HUAROCHIRI";"39"
"1281";"2022";"MAYO";"NACIMIENTO";"MASCULINO";"LIMA";"HUAURA";"53"
"1282";"2022";"MAYO";"NACIMIENTO";"MASCULINO";"LIMA";"LIMA";"12508"
"1283";"2022";"MAYO";"NACIMIENTO";"MASCULINO";"LIMA";"OYON";"1"
"1284";"2022";"MAYO";"NACIMIENTO";"MASCULINO";"LIMA";"YAUYOS";"9"
"1285";"2022";"MAYO";"NACIMIENTO";"MASCULINO";"LORETO";"ALTO AMAZONAS";"8"
"1286";"2022";"MAYO";"NACIMIENTO";"MASCULINO";"LORETO";"DATEM DEL MARAŃON";"9"
"1287";"2022";"MAYO";"NACIMIENTO";"MASCULINO";"LORETO";"LORETO";"2"
"1288";"2022";"MAYO";"NACIMIENTO";"MASCULINO";"LORETO";"MARISCAL RAMON CASTILLA";"3"
"1289";"2022";"MAYO";"NACIMIENTO";"MASCULINO";"LORETO";"MAYNAS";"194"
"1290";"2022";"MAYO";"NACIMIENTO";"MASCULINO";"LORETO";"PUTUMAYO";"1"
"1291";"2022";"MAYO";"NACIMIENTO";"MASCULINO";"LORETO";"UCAYALI";"2"
"1292";"2022";"MAYO";"NACIMIENTO";"MASCULINO";"MADRE DE DIOS";"MANU";"4"
"1293";"2022";"MAYO";"NACIMIENTO";"MASCULINO";"MADRE DE DIOS";"TAHUAMANU";"2"
"1294";"2022";"MAYO";"NACIMIENTO";"MASCULINO";"MADRE DE DIOS";"TAMBOPATA";"20"
"1295";"2022";"MAYO";"NACIMIENTO";"MASCULINO";"MEXICO";"CIUDAD DE MEXICO";"1"
"1296";"2022";"MAYO";"NACIMIENTO";"MASCULINO";"MEXICO";"JALISCO";"1"
"1297";"2022";"MAYO";"NACIMIENTO";"MASCULINO";"MEXICO";"SAN LUIS POTOSI";"1"
"1298";"2022";"MAYO";"NACIMIENTO";"MASCULINO";"MOQUEGUA";"GENERAL SANCHEZ CERRO";"3"
"1299";"2022";"MAYO";"NACIMIENTO";"MASCULINO";"MOQUEGUA";"ILO";"6"
"1300";"2022";"MAYO";"NACIMIENTO";"MASCULINO";"MOQUEGUA";"MARISCAL NIETO";"8"
"1301";"2022";"MAYO";"NACIMIENTO";"MASCULINO";"PASCO";"DANIEL ALCIDES CARRION";"3"
"1302";"2022";"MAYO";"NACIMIENTO";"MASCULINO";"PASCO";"OXAPAMPA";"10"
"1303";"2022";"MAYO";"NACIMIENTO";"MASCULINO";"PASCO";"PASCO";"22"
"1304";"2022";"MAYO";"NACIMIENTO";"MASCULINO";"PIURA";"AYABACA";"9"
"1305";"2022";"MAYO";"NACIMIENTO";"MASCULINO";"PIURA";"HUANCABAMBA";"8"
"1306";"2022";"MAYO";"NACIMIENTO";"MASCULINO";"PIURA";"MORROPON";"11"
"1307";"2022";"MAYO";"NACIMIENTO";"MASCULINO";"PIURA";"PAITA";"22"
"1308";"2022";"MAYO";"NACIMIENTO";"MASCULINO";"PIURA";"PIURA";"250"
"1309";"2022";"MAYO";"NACIMIENTO";"MASCULINO";"PIURA";"SECHURA";"2"
"1310";"2022";"MAYO";"NACIMIENTO";"MASCULINO";"PIURA";"SULLANA";"46"
"1311";"2022";"MAYO";"NACIMIENTO";"MASCULINO";"PIURA";"TALARA";"41"
"1312";"2022";"MAYO";"NACIMIENTO";"MASCULINO";"PRINCIPADO DE ANDORRA";"LES ESCALDES";"1"
"1313";"2022";"MAYO";"NACIMIENTO";"MASCULINO";"PUERTO RICO";"CAGUAS";"1"
"1314";"2022";"MAYO";"NACIMIENTO";"MASCULINO";"PUNO";"AZANGARO";"3"
"1315";"2022";"MAYO";"NACIMIENTO";"MASCULINO";"PUNO";"CARABAYA";"1"
"1316";"2022";"MAYO";"NACIMIENTO";"MASCULINO";"PUNO";"CHUCUITO";"1"
"1317";"2022";"MAYO";"NACIMIENTO";"MASCULINO";"PUNO";"EL COLLAO";"3"
"1318";"2022";"MAYO";"NACIMIENTO";"MASCULINO";"PUNO";"HUANCANE";"9"
"1319";"2022";"MAYO";"NACIMIENTO";"MASCULINO";"PUNO";"LAMPA";"3"
"1320";"2022";"MAYO";"NACIMIENTO";"MASCULINO";"PUNO";"MELGAR";"2"
"1321";"2022";"MAYO";"NACIMIENTO";"MASCULINO";"PUNO";"MOHO";"3"
"1322";"2022";"MAYO";"NACIMIENTO";"MASCULINO";"PUNO";"PUNO";"13"
"1323";"2022";"MAYO";"NACIMIENTO";"MASCULINO";"PUNO";"SAN ANTONIO DE PUTINA";"1"
"1324";"2022";"MAYO";"NACIMIENTO";"MASCULINO";"PUNO";"SAN ROMAN";"30"
"1325";"2022";"MAYO";"NACIMIENTO";"MASCULINO";"PUNO";"SANDIA";"2"
"1326";"2022";"MAYO";"NACIMIENTO";"MASCULINO";"PUNO";"YUNGUYO";"1"
"1327";"2022";"MAYO";"NACIMIENTO";"MASCULINO";"REPUBLICA DE PANAMA";"PANAMA";"1"
"1328";"2022";"MAYO";"NACIMIENTO";"MASCULINO";"REPUBLICA DOMINICANA";"SANTO DOMINGO";"1"
"1329";"2022";"MAYO";"NACIMIENTO";"MASCULINO";"SAN MARTIN";"BELLAVISTA";"1"
"1330";"2022";"MAYO";"NACIMIENTO";"MASCULINO";"SAN MARTIN";"HUALLAGA";"2"
"1331";"2022";"MAYO";"NACIMIENTO";"MASCULINO";"SAN MARTIN";"LAMAS";"4"
"1332";"2022";"MAYO";"NACIMIENTO";"MASCULINO";"SAN MARTIN";"MARISCAL CACERES";"8"
"1333";"2022";"MAYO";"NACIMIENTO";"MASCULINO";"SAN MARTIN";"MOYOBAMBA";"8"
"1334";"2022";"MAYO";"NACIMIENTO";"MASCULINO";"SAN MARTIN";"PICOTA";"1"
"1335";"2022";"MAYO";"NACIMIENTO";"MASCULINO";"SAN MARTIN";"RIOJA";"10"
"1336";"2022";"MAYO";"NACIMIENTO";"MASCULINO";"SAN MARTIN";"SAN MARTIN";"40"
"1337";"2022";"MAYO";"NACIMIENTO";"MASCULINO";"SAN MARTIN";"TOCACHE";"6"
"1338";"2022";"MAYO";"NACIMIENTO";"MASCULINO";"SUECIA";"ESTOCOLMO";"3"
"1339";"2022";"MAYO";"NACIMIENTO";"MASCULINO";"SUIZA";"GINEBRA";"7"
"1340";"2022";"MAYO";"NACIMIENTO";"MASCULINO";"SUIZA";"ZURICH";"1"
"1341";"2022";"MAYO";"NACIMIENTO";"MASCULINO";"TACNA";"CANDARAVE";"1"
"1342";"2022";"MAYO";"NACIMIENTO";"MASCULINO";"TACNA";"JORGE BASADRE";"2"
"1343";"2022";"MAYO";"NACIMIENTO";"MASCULINO";"TACNA";"TACNA";"64"
"1344";"2022";"MAYO";"NACIMIENTO";"MASCULINO";"TACNA";"TARATA";"5"
"1345";"2022";"MAYO";"NACIMIENTO";"MASCULINO";"TUMBES";"CONTRALMIRANTE VILLAR";"8"
"1346";"2022";"MAYO";"NACIMIENTO";"MASCULINO";"TUMBES";"TUMBES";"104"
"1347";"2022";"MAYO";"NACIMIENTO";"MASCULINO";"TUMBES";"ZARUMILLA";"14"
"1348";"2022";"MAYO";"NACIMIENTO";"MASCULINO";"UCAYALI";"ATALAYA";"2"
"1349";"2022";"MAYO";"NACIMIENTO";"MASCULINO";"UCAYALI";"CORONEL PORTILLO";"70"
"1350";"2022";"MAYO";"NACIMIENTO";"MASCULINO";"UCAYALI";"PADRE ABAD";"7"
"1351";"2022";"MAYO";"NACIMIENTO";"MASCULINO";"UCAYALI";"PURUS";"2"
"1352";"2022";"MAYO";"NACIMIENTO";"MASCULINO";"VENEZUELA";"ARAGUA";"1"
"1353";"2022";"MAYO";"NACIMIENTO";"MASCULINO";"VENEZUELA";"MIRANDA";"1"
