,ANIO_REGISTRO,MES_REGISTRO,TIPO_ACTA,DE_GENERO,DEPART_CIUDAD_ESTADO_DOM_SOL,PROVINCIA_DOM_SOL,CANT_COPIAS_EMITIDAS
1,2022,AGOSTO,DEFUNCION,FEMENINO,ALEMANIA,BERLIN,1
2,2022,AGOSTO,DEFUNCION,FEMENINO,AMAZONAS,BAGUA,14
3,2022,AGOSTO,DEFUNCION,FEMENINO,AMAZONAS,BONGARA,3
4,2022,AGOSTO,DEFUNCION,FEMENINO,AMAZONAS,CHACHAPOYAS,1
5,2022,AGOSTO,DEFUNCION,FEMENINO,AMAZONAS,RODRIGUEZ DE MENDOZA,5
6,2022,AGOSTO,DEFUNCION,FEMENINO,AMAZONAS,UTCUBAMBA,5
7,2022,AGOSTO,DEFUNCION,FEMENINO,ANCASH,AIJA,3
8,2022,AGOSTO,DEFUNCION,FEMENINO,ANCASH,ANTONIO RAIMONDI,1
9,2022,AGOSTO,DEFUNCION,FEMENINO,ANCASH,ASUNCION,6
10,2022,AGOSTO,DEFUNCION,FEMENINO,ANCASH,BOLOGNESI,5
11,2022,AGOSTO,DEFUNCION,FEMENINO,ANCASH,CARHUAZ,7
12,2022,AGOSTO,DEFUNCION,FEMENINO,ANCASH,CASMA,3
13,2022,AGOSTO,DEFUNCION,FEMENINO,ANCASH,HUARAZ,30
14,2022,AGOSTO,DEFUNCION,FEMENINO,ANCASH,HUARI,8
15,2022,AGOSTO,DEFUNCION,FEMENINO,ANCASH,HUAYLAS,9
16,2022,AGOSTO,DEFUNCION,FEMENINO,ANCASH,PALLASCA,1
17,2022,AGOSTO,DEFUNCION,FEMENINO,ANCASH,RECUAY,4
18,2022,AGOSTO,DEFUNCION,FEMENINO,ANCASH,SANTA,69
19,2022,AGOSTO,DEFUNCION,FEMENINO,ANCASH,SIHUAS,1
20,2022,AGOSTO,DEFUNCION,FEMENINO,APURIMAC,ABANCAY,7
21,2022,AGOSTO,DEFUNCION,FEMENINO,APURIMAC,ANDAHUAYLAS,7
22,2022,AGOSTO,DEFUNCION,FEMENINO,APURIMAC,ANTABAMBA,1
23,2022,AGOSTO,DEFUNCION,FEMENINO,APURIMAC,AYMARAES,3
24,2022,AGOSTO,DEFUNCION,FEMENINO,APURIMAC,CHINCHEROS,8
25,2022,AGOSTO,DEFUNCION,FEMENINO,APURIMAC,COTABAMBAS,2
26,2022,AGOSTO,DEFUNCION,FEMENINO,APURIMAC,GRAU,4
27,2022,AGOSTO,DEFUNCION,FEMENINO,AREQUIPA,AREQUIPA,406
28,2022,AGOSTO,DEFUNCION,FEMENINO,AREQUIPA,CAMANA,11
29,2022,AGOSTO,DEFUNCION,FEMENINO,AREQUIPA,CARAVELI,8
30,2022,AGOSTO,DEFUNCION,FEMENINO,AREQUIPA,CASTILLA,15
31,2022,AGOSTO,DEFUNCION,FEMENINO,AREQUIPA,CAYLLOMA,12
32,2022,AGOSTO,DEFUNCION,FEMENINO,AREQUIPA,CONDESUYOS,1
33,2022,AGOSTO,DEFUNCION,FEMENINO,AREQUIPA,ISLAY,18
34,2022,AGOSTO,DEFUNCION,FEMENINO,AREQUIPA,LA UNION,1
35,2022,AGOSTO,DEFUNCION,FEMENINO,ARGENTINA,BUENOS AIRES,5
36,2022,AGOSTO,DEFUNCION,FEMENINO,ARGENTINA,CORDOBA,2
37,2022,AGOSTO,DEFUNCION,FEMENINO,AYACUCHO,CANGALLO,4
38,2022,AGOSTO,DEFUNCION,FEMENINO,AYACUCHO,HUAMANGA,95
39,2022,AGOSTO,DEFUNCION,FEMENINO,AYACUCHO,HUANCA SANCOS,3
40,2022,AGOSTO,DEFUNCION,FEMENINO,AYACUCHO,HUANTA,30
41,2022,AGOSTO,DEFUNCION,FEMENINO,AYACUCHO,LA MAR,5
42,2022,AGOSTO,DEFUNCION,FEMENINO,AYACUCHO,LUCANAS,8
43,2022,AGOSTO,DEFUNCION,FEMENINO,AYACUCHO,PARINACOCHAS,6
44,2022,AGOSTO,DEFUNCION,FEMENINO,AYACUCHO,VICTOR FAJARDO,1
45,2022,AGOSTO,DEFUNCION,FEMENINO,BRASIL,PARANA,1
46,2022,AGOSTO,DEFUNCION,FEMENINO,BRASIL,RIO DE JANEIRO,2
47,2022,AGOSTO,DEFUNCION,FEMENINO,CAJAMARCA,CAJABAMBA,3
48,2022,AGOSTO,DEFUNCION,FEMENINO,CAJAMARCA,CAJAMARCA,61
49,2022,AGOSTO,DEFUNCION,FEMENINO,CAJAMARCA,CELENDIN,1
50,2022,AGOSTO,DEFUNCION,FEMENINO,CAJAMARCA,CHOTA,2
51,2022,AGOSTO,DEFUNCION,FEMENINO,CAJAMARCA,CONTUMAZA,3
52,2022,AGOSTO,DEFUNCION,FEMENINO,CAJAMARCA,CUTERVO,7
53,2022,AGOSTO,DEFUNCION,FEMENINO,CAJAMARCA,HUALGAYOC,1
54,2022,AGOSTO,DEFUNCION,FEMENINO,CAJAMARCA,JAEN,18
55,2022,AGOSTO,DEFUNCION,FEMENINO,CAJAMARCA,SAN IGNACIO,38
56,2022,AGOSTO,DEFUNCION,FEMENINO,CAJAMARCA,SAN MARCOS,5
57,2022,AGOSTO,DEFUNCION,FEMENINO,CAJAMARCA,SAN MIGUEL,12
58,2022,AGOSTO,DEFUNCION,FEMENINO,CALLAO,CALLAO,451
59,2022,AGOSTO,DEFUNCION,FEMENINO,CANADA,MONTREAL,1
60,2022,AGOSTO,DEFUNCION,FEMENINO,CANADA,QUEBEC,2
61,2022,AGOSTO,DEFUNCION,FEMENINO,CHILE,ANTOFAGASTA,1
62,2022,AGOSTO,DEFUNCION,FEMENINO,CHILE,ARICA,1
63,2022,AGOSTO,DEFUNCION,FEMENINO,CHILE,IQUIQUE,1
64,2022,AGOSTO,DEFUNCION,FEMENINO,CHILE,SANTIAGO,7
65,2022,AGOSTO,DEFUNCION,FEMENINO,CHILE,VALPARAISO,2
66,2022,AGOSTO,DEFUNCION,FEMENINO,CUSCO,ACOMAYO,4
67,2022,AGOSTO,DEFUNCION,FEMENINO,CUSCO,ANTA,10
68,2022,AGOSTO,DEFUNCION,FEMENINO,CUSCO,CALCA,7
69,2022,AGOSTO,DEFUNCION,FEMENINO,CUSCO,CANAS,5
70,2022,AGOSTO,DEFUNCION,FEMENINO,CUSCO,CANCHIS,19
71,2022,AGOSTO,DEFUNCION,FEMENINO,CUSCO,CHUMBIVILCAS,3
72,2022,AGOSTO,DEFUNCION,FEMENINO,CUSCO,CUSCO,153
73,2022,AGOSTO,DEFUNCION,FEMENINO,CUSCO,ESPINAR,7
74,2022,AGOSTO,DEFUNCION,FEMENINO,CUSCO,LA CONVENCION,29
75,2022,AGOSTO,DEFUNCION,FEMENINO,CUSCO,PARURO,1
76,2022,AGOSTO,DEFUNCION,FEMENINO,CUSCO,PAUCARTAMBO,3
77,2022,AGOSTO,DEFUNCION,FEMENINO,CUSCO,QUISPICANCHI,31
78,2022,AGOSTO,DEFUNCION,FEMENINO,CUSCO,URUBAMBA,26
79,2022,AGOSTO,DEFUNCION,FEMENINO,ESPAŃA,ASTURIAS,2
80,2022,AGOSTO,DEFUNCION,FEMENINO,ESPAŃA,BARCELONA,4
81,2022,AGOSTO,DEFUNCION,FEMENINO,ESPAŃA,LEON,1
82,2022,AGOSTO,DEFUNCION,FEMENINO,ESPAŃA,MADRID,7
83,2022,AGOSTO,DEFUNCION,FEMENINO,ESTADOS UNIDOS DE AMERICA,ARKANSAS,1
84,2022,AGOSTO,DEFUNCION,FEMENINO,ESTADOS UNIDOS DE AMERICA,CALIFORNIA,1
85,2022,AGOSTO,DEFUNCION,FEMENINO,ESTADOS UNIDOS DE AMERICA,CONNECTICUT,1
86,2022,AGOSTO,DEFUNCION,FEMENINO,ESTADOS UNIDOS DE AMERICA,DENVER,1
87,2022,AGOSTO,DEFUNCION,FEMENINO,ESTADOS UNIDOS DE AMERICA,LOS ANGELES,1
88,2022,AGOSTO,DEFUNCION,FEMENINO,ESTADOS UNIDOS DE AMERICA,LOUISIANA,1
89,2022,AGOSTO,DEFUNCION,FEMENINO,ESTADOS UNIDOS DE AMERICA,MARYLAND,1
90,2022,AGOSTO,DEFUNCION,FEMENINO,ESTADOS UNIDOS DE AMERICA,MIAMI,1
91,2022,AGOSTO,DEFUNCION,FEMENINO,ESTADOS UNIDOS DE AMERICA,MISSOURI,2
92,2022,AGOSTO,DEFUNCION,FEMENINO,ESTADOS UNIDOS DE AMERICA,NUEVA YORK,3
93,2022,AGOSTO,DEFUNCION,FEMENINO,ESTADOS UNIDOS DE AMERICA,ORLANDO,2
94,2022,AGOSTO,DEFUNCION,FEMENINO,ESTADOS UNIDOS DE AMERICA,PATERSON,1
95,2022,AGOSTO,DEFUNCION,FEMENINO,ESTADOS UNIDOS DE AMERICA,SAN ANTONIO,1
96,2022,AGOSTO,DEFUNCION,FEMENINO,ESTADOS UNIDOS DE AMERICA,SAN DIEGO,2
97,2022,AGOSTO,DEFUNCION,FEMENINO,ESTADOS UNIDOS DE AMERICA,SAN FRANCISCO,3
98,2022,AGOSTO,DEFUNCION,FEMENINO,ESTADOS UNIDOS DE AMERICA,VIRGINIA,3
99,2022,AGOSTO,DEFUNCION,FEMENINO,FRANCIA,NORMANDIA,1
100,2022,AGOSTO,DEFUNCION,FEMENINO,HOLANDA,HOLANDA SEPTENTRIONAL,1
101,2022,AGOSTO,DEFUNCION,FEMENINO,HUANCAVELICA,ANGARAES,5
102,2022,AGOSTO,DEFUNCION,FEMENINO,HUANCAVELICA,CASTROVIRREYNA,8
103,2022,AGOSTO,DEFUNCION,FEMENINO,HUANCAVELICA,CHURCAMPA,4
104,2022,AGOSTO,DEFUNCION,FEMENINO,HUANCAVELICA,HUANCAVELICA,8
105,2022,AGOSTO,DEFUNCION,FEMENINO,HUANCAVELICA,HUAYTARA,5
106,2022,AGOSTO,DEFUNCION,FEMENINO,HUANCAVELICA,TAYACAJA,14
107,2022,AGOSTO,DEFUNCION,FEMENINO,HUANUCO,AMBO,14
108,2022,AGOSTO,DEFUNCION,FEMENINO,HUANUCO,DOS DE MAYO,3
109,2022,AGOSTO,DEFUNCION,FEMENINO,HUANUCO,HUAMALIES,9
110,2022,AGOSTO,DEFUNCION,FEMENINO,HUANUCO,HUANUCO,57
111,2022,AGOSTO,DEFUNCION,FEMENINO,HUANUCO,LAURICOCHA,5
112,2022,AGOSTO,DEFUNCION,FEMENINO,HUANUCO,LEONCIO PRADO,41
113,2022,AGOSTO,DEFUNCION,FEMENINO,HUANUCO,MARAŃON,3
114,2022,AGOSTO,DEFUNCION,FEMENINO,HUANUCO,PACHITEA,3
115,2022,AGOSTO,DEFUNCION,FEMENINO,HUANUCO,PUERTO INCA,2
116,2022,AGOSTO,DEFUNCION,FEMENINO,HUANUCO,YAROWILCA,5
117,2022,AGOSTO,DEFUNCION,FEMENINO,ICA,CHINCHA,109
118,2022,AGOSTO,DEFUNCION,FEMENINO,ICA,ICA,218
119,2022,AGOSTO,DEFUNCION,FEMENINO,ICA,NASCA,31
120,2022,AGOSTO,DEFUNCION,FEMENINO,ICA,PALPA,3
121,2022,AGOSTO,DEFUNCION,FEMENINO,ICA,PISCO,87
122,2022,AGOSTO,DEFUNCION,FEMENINO,ITALIA,GENOVA,1
123,2022,AGOSTO,DEFUNCION,FEMENINO,ITALIA,LOMBARDIA,1
124,2022,AGOSTO,DEFUNCION,FEMENINO,ITALIA,MILAN,6
125,2022,AGOSTO,DEFUNCION,FEMENINO,ITALIA,TURIN,1
126,2022,AGOSTO,DEFUNCION,FEMENINO,JAPON,SHIZUOKA,1
127,2022,AGOSTO,DEFUNCION,FEMENINO,JUNIN,CHANCHAMAYO,19
128,2022,AGOSTO,DEFUNCION,FEMENINO,JUNIN,CHUPACA,30
129,2022,AGOSTO,DEFUNCION,FEMENINO,JUNIN,CONCEPCION,16
130,2022,AGOSTO,DEFUNCION,FEMENINO,JUNIN,HUANCAYO,212
131,2022,AGOSTO,DEFUNCION,FEMENINO,JUNIN,JAUJA,20
132,2022,AGOSTO,DEFUNCION,FEMENINO,JUNIN,JUNIN,3
133,2022,AGOSTO,DEFUNCION,FEMENINO,JUNIN,SATIPO,34
134,2022,AGOSTO,DEFUNCION,FEMENINO,JUNIN,TARMA,23
135,2022,AGOSTO,DEFUNCION,FEMENINO,JUNIN,YAULI,20
136,2022,AGOSTO,DEFUNCION,FEMENINO,LA LIBERTAD,ASCOPE,73
137,2022,AGOSTO,DEFUNCION,FEMENINO,LA LIBERTAD,CHEPEN,18
138,2022,AGOSTO,DEFUNCION,FEMENINO,LA LIBERTAD,GRAN CHIMU,23
139,2022,AGOSTO,DEFUNCION,FEMENINO,LA LIBERTAD,JULCAN,2
140,2022,AGOSTO,DEFUNCION,FEMENINO,LA LIBERTAD,OTUZCO,14
141,2022,AGOSTO,DEFUNCION,FEMENINO,LA LIBERTAD,PACASMAYO,19
142,2022,AGOSTO,DEFUNCION,FEMENINO,LA LIBERTAD,PATAZ,1
143,2022,AGOSTO,DEFUNCION,FEMENINO,LA LIBERTAD,SANCHEZ CARRION,5
144,2022,AGOSTO,DEFUNCION,FEMENINO,LA LIBERTAD,SANTIAGO DE CHUCO,3
145,2022,AGOSTO,DEFUNCION,FEMENINO,LA LIBERTAD,TRUJILLO,838
146,2022,AGOSTO,DEFUNCION,FEMENINO,LA LIBERTAD,VIRU,36
147,2022,AGOSTO,DEFUNCION,FEMENINO,LAMBAYEQUE,CHICLAYO,116
148,2022,AGOSTO,DEFUNCION,FEMENINO,LAMBAYEQUE,FERREŃAFE,8
149,2022,AGOSTO,DEFUNCION,FEMENINO,LAMBAYEQUE,LAMBAYEQUE,16
150,2022,AGOSTO,DEFUNCION,FEMENINO,LIMA,BARRANCA,53
151,2022,AGOSTO,DEFUNCION,FEMENINO,LIMA,CANTA,4
152,2022,AGOSTO,DEFUNCION,FEMENINO,LIMA,CAŃETE,61
153,2022,AGOSTO,DEFUNCION,FEMENINO,LIMA,HUARAL,79
154,2022,AGOSTO,DEFUNCION,FEMENINO,LIMA,HUAROCHIRI,27
155,2022,AGOSTO,DEFUNCION,FEMENINO,LIMA,HUAURA,61
156,2022,AGOSTO,DEFUNCION,FEMENINO,LIMA,LIMA,4935
157,2022,AGOSTO,DEFUNCION,FEMENINO,LIMA,OYON,3
158,2022,AGOSTO,DEFUNCION,FEMENINO,LIMA,YAUYOS,10
159,2022,AGOSTO,DEFUNCION,FEMENINO,LORETO,ALTO AMAZONAS,24
160,2022,AGOSTO,DEFUNCION,FEMENINO,LORETO,DATEM DEL MARAŃON,1
161,2022,AGOSTO,DEFUNCION,FEMENINO,LORETO,LORETO,2
162,2022,AGOSTO,DEFUNCION,FEMENINO,LORETO,MARISCAL RAMON CASTILLA,1
163,2022,AGOSTO,DEFUNCION,FEMENINO,LORETO,MAYNAS,67
164,2022,AGOSTO,DEFUNCION,FEMENINO,LORETO,PUTUMAYO,2
165,2022,AGOSTO,DEFUNCION,FEMENINO,LORETO,UCAYALI,2
166,2022,AGOSTO,DEFUNCION,FEMENINO,MADRE DE DIOS,MANU,3
167,2022,AGOSTO,DEFUNCION,FEMENINO,MADRE DE DIOS,TAHUAMANU,4
168,2022,AGOSTO,DEFUNCION,FEMENINO,MADRE DE DIOS,TAMBOPATA,48
169,2022,AGOSTO,DEFUNCION,FEMENINO,MEXICO,JALISCO,1
170,2022,AGOSTO,DEFUNCION,FEMENINO,MOQUEGUA,GENERAL SANCHEZ CERRO,2
171,2022,AGOSTO,DEFUNCION,FEMENINO,MOQUEGUA,ILO,13
172,2022,AGOSTO,DEFUNCION,FEMENINO,MOQUEGUA,MARISCAL NIETO,22
173,2022,AGOSTO,DEFUNCION,FEMENINO,PASCO,DANIEL ALCIDES CARRION,2
174,2022,AGOSTO,DEFUNCION,FEMENINO,PASCO,OXAPAMPA,13
175,2022,AGOSTO,DEFUNCION,FEMENINO,PASCO,PASCO,15
176,2022,AGOSTO,DEFUNCION,FEMENINO,PIURA,AYABACA,13
177,2022,AGOSTO,DEFUNCION,FEMENINO,PIURA,HUANCABAMBA,9
178,2022,AGOSTO,DEFUNCION,FEMENINO,PIURA,MORROPON,45
179,2022,AGOSTO,DEFUNCION,FEMENINO,PIURA,PAITA,48
180,2022,AGOSTO,DEFUNCION,FEMENINO,PIURA,PIURA,140
181,2022,AGOSTO,DEFUNCION,FEMENINO,PIURA,SECHURA,20
182,2022,AGOSTO,DEFUNCION,FEMENINO,PIURA,SULLANA,95
183,2022,AGOSTO,DEFUNCION,FEMENINO,PIURA,TALARA,44
184,2022,AGOSTO,DEFUNCION,FEMENINO,PUNO,AZANGARO,12
185,2022,AGOSTO,DEFUNCION,FEMENINO,PUNO,CARABAYA,4
186,2022,AGOSTO,DEFUNCION,FEMENINO,PUNO,CHUCUITO,12
187,2022,AGOSTO,DEFUNCION,FEMENINO,PUNO,EL COLLAO,15
188,2022,AGOSTO,DEFUNCION,FEMENINO,PUNO,HUANCANE,13
189,2022,AGOSTO,DEFUNCION,FEMENINO,PUNO,LAMPA,11
190,2022,AGOSTO,DEFUNCION,FEMENINO,PUNO,MELGAR,5
191,2022,AGOSTO,DEFUNCION,FEMENINO,PUNO,MOHO,8
192,2022,AGOSTO,DEFUNCION,FEMENINO,PUNO,PUNO,67
193,2022,AGOSTO,DEFUNCION,FEMENINO,PUNO,SAN ANTONIO DE PUTINA,6
194,2022,AGOSTO,DEFUNCION,FEMENINO,PUNO,SAN ROMAN,62
195,2022,AGOSTO,DEFUNCION,FEMENINO,PUNO,SANDIA,9
196,2022,AGOSTO,DEFUNCION,FEMENINO,PUNO,YUNGUYO,1
197,2022,AGOSTO,DEFUNCION,FEMENINO,REINO UNIDO DE GRAN BRETAŃA E IRLANDA DEL NORTE,INGLATERRA,2
198,2022,AGOSTO,DEFUNCION,FEMENINO,SAN MARTIN,BELLAVISTA,5
199,2022,AGOSTO,DEFUNCION,FEMENINO,SAN MARTIN,EL DORADO,4
200,2022,AGOSTO,DEFUNCION,FEMENINO,SAN MARTIN,HUALLAGA,3
201,2022,AGOSTO,DEFUNCION,FEMENINO,SAN MARTIN,LAMAS,13
202,2022,AGOSTO,DEFUNCION,FEMENINO,SAN MARTIN,MARISCAL CACERES,10
203,2022,AGOSTO,DEFUNCION,FEMENINO,SAN MARTIN,MOYOBAMBA,9
204,2022,AGOSTO,DEFUNCION,FEMENINO,SAN MARTIN,PICOTA,14
205,2022,AGOSTO,DEFUNCION,FEMENINO,SAN MARTIN,RIOJA,13
206,2022,AGOSTO,DEFUNCION,FEMENINO,SAN MARTIN,SAN MARTIN,42
207,2022,AGOSTO,DEFUNCION,FEMENINO,SAN MARTIN,TOCACHE,3
208,2022,AGOSTO,DEFUNCION,FEMENINO,SUIZA,GINEBRA,1
209,2022,AGOSTO,DEFUNCION,FEMENINO,TACNA,JORGE BASADRE,1
210,2022,AGOSTO,DEFUNCION,FEMENINO,TACNA,TACNA,145
211,2022,AGOSTO,DEFUNCION,FEMENINO,TACNA,TARATA,1
212,2022,AGOSTO,DEFUNCION,FEMENINO,TUMBES,CONTRALMIRANTE VILLAR,4
213,2022,AGOSTO,DEFUNCION,FEMENINO,TUMBES,TUMBES,42
214,2022,AGOSTO,DEFUNCION,FEMENINO,TUMBES,ZARUMILLA,6
215,2022,AGOSTO,DEFUNCION,FEMENINO,UCAYALI,ATALAYA,10
216,2022,AGOSTO,DEFUNCION,FEMENINO,UCAYALI,CORONEL PORTILLO,138
217,2022,AGOSTO,DEFUNCION,FEMENINO,UCAYALI,PADRE ABAD,2
218,2022,AGOSTO,DEFUNCION,MASCULINO,AMAZONAS,BAGUA,4
219,2022,AGOSTO,DEFUNCION,MASCULINO,AMAZONAS,BONGARA,3
220,2022,AGOSTO,DEFUNCION,MASCULINO,AMAZONAS,CHACHAPOYAS,1
221,2022,AGOSTO,DEFUNCION,MASCULINO,AMAZONAS,CONDORCANQUI,2
222,2022,AGOSTO,DEFUNCION,MASCULINO,AMAZONAS,LUYA,1
223,2022,AGOSTO,DEFUNCION,MASCULINO,AMAZONAS,RODRIGUEZ DE MENDOZA,1
224,2022,AGOSTO,DEFUNCION,MASCULINO,AMAZONAS,UTCUBAMBA,1
225,2022,AGOSTO,DEFUNCION,MASCULINO,ANCASH,ANTONIO RAIMONDI,2
226,2022,AGOSTO,DEFUNCION,MASCULINO,ANCASH,ASUNCION,1
227,2022,AGOSTO,DEFUNCION,MASCULINO,ANCASH,BOLOGNESI,1
228,2022,AGOSTO,DEFUNCION,MASCULINO,ANCASH,CARHUAZ,8
229,2022,AGOSTO,DEFUNCION,MASCULINO,ANCASH,CARLOS FERMIN FITZCARRALD,1
230,2022,AGOSTO,DEFUNCION,MASCULINO,ANCASH,CASMA,14
231,2022,AGOSTO,DEFUNCION,MASCULINO,ANCASH,CORONGO,1
232,2022,AGOSTO,DEFUNCION,MASCULINO,ANCASH,HUARAZ,35
233,2022,AGOSTO,DEFUNCION,MASCULINO,ANCASH,HUARI,7
234,2022,AGOSTO,DEFUNCION,MASCULINO,ANCASH,HUARMEY,1
235,2022,AGOSTO,DEFUNCION,MASCULINO,ANCASH,HUAYLAS,27
236,2022,AGOSTO,DEFUNCION,MASCULINO,ANCASH,MARISCAL LUZURIAGA,2
237,2022,AGOSTO,DEFUNCION,MASCULINO,ANCASH,PALLASCA,2
238,2022,AGOSTO,DEFUNCION,MASCULINO,ANCASH,POMABAMBA,2
239,2022,AGOSTO,DEFUNCION,MASCULINO,ANCASH,RECUAY,3
240,2022,AGOSTO,DEFUNCION,MASCULINO,ANCASH,SANTA,100
241,2022,AGOSTO,DEFUNCION,MASCULINO,ANCASH,SIHUAS,1
242,2022,AGOSTO,DEFUNCION,MASCULINO,ANCASH,YUNGAY,35
243,2022,AGOSTO,DEFUNCION,MASCULINO,APURIMAC,ABANCAY,5
244,2022,AGOSTO,DEFUNCION,MASCULINO,APURIMAC,ANDAHUAYLAS,7
245,2022,AGOSTO,DEFUNCION,MASCULINO,APURIMAC,ANTABAMBA,4
246,2022,AGOSTO,DEFUNCION,MASCULINO,APURIMAC,AYMARAES,10
247,2022,AGOSTO,DEFUNCION,MASCULINO,APURIMAC,CHINCHEROS,8
248,2022,AGOSTO,DEFUNCION,MASCULINO,APURIMAC,COTABAMBAS,3
249,2022,AGOSTO,DEFUNCION,MASCULINO,AREQUIPA,AREQUIPA,251
250,2022,AGOSTO,DEFUNCION,MASCULINO,AREQUIPA,CAMANA,32
251,2022,AGOSTO,DEFUNCION,MASCULINO,AREQUIPA,CARAVELI,6
252,2022,AGOSTO,DEFUNCION,MASCULINO,AREQUIPA,CASTILLA,27
253,2022,AGOSTO,DEFUNCION,MASCULINO,AREQUIPA,CAYLLOMA,7
254,2022,AGOSTO,DEFUNCION,MASCULINO,AREQUIPA,ISLAY,9
255,2022,AGOSTO,DEFUNCION,MASCULINO,ARGENTINA,BUENOS AIRES,2
256,2022,AGOSTO,DEFUNCION,MASCULINO,ARGENTINA,CORDOBA,1
257,2022,AGOSTO,DEFUNCION,MASCULINO,AYACUCHO,CANGALLO,17
258,2022,AGOSTO,DEFUNCION,MASCULINO,AYACUCHO,HUAMANGA,64
259,2022,AGOSTO,DEFUNCION,MASCULINO,AYACUCHO,HUANTA,5
260,2022,AGOSTO,DEFUNCION,MASCULINO,AYACUCHO,LA MAR,5
261,2022,AGOSTO,DEFUNCION,MASCULINO,AYACUCHO,LUCANAS,1
262,2022,AGOSTO,DEFUNCION,MASCULINO,AYACUCHO,PARINACOCHAS,5
263,2022,AGOSTO,DEFUNCION,MASCULINO,AYACUCHO,PAUCAR DEL SARA SARA,1
264,2022,AGOSTO,DEFUNCION,MASCULINO,AYACUCHO,VILCAS HUAMAN,2
265,2022,AGOSTO,DEFUNCION,MASCULINO,BRASIL,MANAOS,1
266,2022,AGOSTO,DEFUNCION,MASCULINO,BRASIL,SAO PAULO,2
267,2022,AGOSTO,DEFUNCION,MASCULINO,BRASIL,TOCANTINS,1
268,2022,AGOSTO,DEFUNCION,MASCULINO,CAJAMARCA,CAJABAMBA,3
269,2022,AGOSTO,DEFUNCION,MASCULINO,CAJAMARCA,CAJAMARCA,88
270,2022,AGOSTO,DEFUNCION,MASCULINO,CAJAMARCA,CELENDIN,4
271,2022,AGOSTO,DEFUNCION,MASCULINO,CAJAMARCA,CHOTA,3
272,2022,AGOSTO,DEFUNCION,MASCULINO,CAJAMARCA,CONTUMAZA,1
273,2022,AGOSTO,DEFUNCION,MASCULINO,CAJAMARCA,CUTERVO,14
274,2022,AGOSTO,DEFUNCION,MASCULINO,CAJAMARCA,HUALGAYOC,11
275,2022,AGOSTO,DEFUNCION,MASCULINO,CAJAMARCA,JAEN,68
276,2022,AGOSTO,DEFUNCION,MASCULINO,CAJAMARCA,SAN IGNACIO,13
277,2022,AGOSTO,DEFUNCION,MASCULINO,CAJAMARCA,SAN MARCOS,4
278,2022,AGOSTO,DEFUNCION,MASCULINO,CAJAMARCA,SAN MIGUEL,8
279,2022,AGOSTO,DEFUNCION,MASCULINO,CAJAMARCA,SAN PABLO,1
280,2022,AGOSTO,DEFUNCION,MASCULINO,CAJAMARCA,SANTA CRUZ,2
281,2022,AGOSTO,DEFUNCION,MASCULINO,CALLAO,CALLAO,483
282,2022,AGOSTO,DEFUNCION,MASCULINO,CANADA,MONTREAL,1
283,2022,AGOSTO,DEFUNCION,MASCULINO,CANADA,QUEBEC,2
284,2022,AGOSTO,DEFUNCION,MASCULINO,CANADA,TORONTO,1
285,2022,AGOSTO,DEFUNCION,MASCULINO,CHILE,IQUIQUE,1
286,2022,AGOSTO,DEFUNCION,MASCULINO,CHILE,SANTIAGO,2
287,2022,AGOSTO,DEFUNCION,MASCULINO,COLOMBIA,BOGOTA,1
288,2022,AGOSTO,DEFUNCION,MASCULINO,CUSCO,ACOMAYO,3
289,2022,AGOSTO,DEFUNCION,MASCULINO,CUSCO,ANTA,13
290,2022,AGOSTO,DEFUNCION,MASCULINO,CUSCO,CALCA,3
291,2022,AGOSTO,DEFUNCION,MASCULINO,CUSCO,CANAS,6
292,2022,AGOSTO,DEFUNCION,MASCULINO,CUSCO,CANCHIS,26
293,2022,AGOSTO,DEFUNCION,MASCULINO,CUSCO,CHUMBIVILCAS,9
294,2022,AGOSTO,DEFUNCION,MASCULINO,CUSCO,CUSCO,111
295,2022,AGOSTO,DEFUNCION,MASCULINO,CUSCO,ESPINAR,11
296,2022,AGOSTO,DEFUNCION,MASCULINO,CUSCO,LA CONVENCION,20
297,2022,AGOSTO,DEFUNCION,MASCULINO,CUSCO,PARURO,1
298,2022,AGOSTO,DEFUNCION,MASCULINO,CUSCO,PAUCARTAMBO,1
299,2022,AGOSTO,DEFUNCION,MASCULINO,CUSCO,QUISPICANCHI,22
300,2022,AGOSTO,DEFUNCION,MASCULINO,CUSCO,URUBAMBA,18
301,2022,AGOSTO,DEFUNCION,MASCULINO,ECUADOR,QUITO,1
302,2022,AGOSTO,DEFUNCION,MASCULINO,ESPAŃA,BARCELONA,2
303,2022,AGOSTO,DEFUNCION,MASCULINO,ESPAŃA,CANTABRIA,1
304,2022,AGOSTO,DEFUNCION,MASCULINO,ESPAŃA,MADRID,7
305,2022,AGOSTO,DEFUNCION,MASCULINO,ESPAŃA,SEVILLA,1
306,2022,AGOSTO,DEFUNCION,MASCULINO,ESTADOS UNIDOS DE AMERICA,HOUSTON,1
307,2022,AGOSTO,DEFUNCION,MASCULINO,ESTADOS UNIDOS DE AMERICA,LOS ANGELES,1
308,2022,AGOSTO,DEFUNCION,MASCULINO,ESTADOS UNIDOS DE AMERICA,MARYLAND,2
309,2022,AGOSTO,DEFUNCION,MASCULINO,ESTADOS UNIDOS DE AMERICA,MIAMI,2
310,2022,AGOSTO,DEFUNCION,MASCULINO,ESTADOS UNIDOS DE AMERICA,NUEVA JERSEY,3
311,2022,AGOSTO,DEFUNCION,MASCULINO,ESTADOS UNIDOS DE AMERICA,NUEVA YORK,2
312,2022,AGOSTO,DEFUNCION,MASCULINO,ESTADOS UNIDOS DE AMERICA,TENNESSEE,1
313,2022,AGOSTO,DEFUNCION,MASCULINO,ESTADOS UNIDOS DE AMERICA,VIRGINIA,1
314,2022,AGOSTO,DEFUNCION,MASCULINO,FRANCIA,ILE DE FRANCE,1
315,2022,AGOSTO,DEFUNCION,MASCULINO,FRANCIA,PARIS,1
316,2022,AGOSTO,DEFUNCION,MASCULINO,GRAN BRETAŃA,LONDRES,2
317,2022,AGOSTO,DEFUNCION,MASCULINO,HUANCAVELICA,ACOBAMBA,2
318,2022,AGOSTO,DEFUNCION,MASCULINO,HUANCAVELICA,CASTROVIRREYNA,2
319,2022,AGOSTO,DEFUNCION,MASCULINO,HUANCAVELICA,CHURCAMPA,12
320,2022,AGOSTO,DEFUNCION,MASCULINO,HUANCAVELICA,HUANCAVELICA,8
321,2022,AGOSTO,DEFUNCION,MASCULINO,HUANCAVELICA,HUAYTARA,5
322,2022,AGOSTO,DEFUNCION,MASCULINO,HUANCAVELICA,TAYACAJA,16
323,2022,AGOSTO,DEFUNCION,MASCULINO,HUANUCO,AMBO,8
324,2022,AGOSTO,DEFUNCION,MASCULINO,HUANUCO,HUACAYBAMBA,1
325,2022,AGOSTO,DEFUNCION,MASCULINO,HUANUCO,HUAMALIES,5
326,2022,AGOSTO,DEFUNCION,MASCULINO,HUANUCO,HUANUCO,45
327,2022,AGOSTO,DEFUNCION,MASCULINO,HUANUCO,LAURICOCHA,5
328,2022,AGOSTO,DEFUNCION,MASCULINO,HUANUCO,LEONCIO PRADO,18
329,2022,AGOSTO,DEFUNCION,MASCULINO,HUANUCO,MARAŃON,4
330,2022,AGOSTO,DEFUNCION,MASCULINO,HUANUCO,PACHITEA,8
331,2022,AGOSTO,DEFUNCION,MASCULINO,HUANUCO,PUERTO INCA,2
332,2022,AGOSTO,DEFUNCION,MASCULINO,HUANUCO,YAROWILCA,4
333,2022,AGOSTO,DEFUNCION,MASCULINO,ICA,CHINCHA,133
334,2022,AGOSTO,DEFUNCION,MASCULINO,ICA,ICA,218
335,2022,AGOSTO,DEFUNCION,MASCULINO,ICA,NASCA,19
336,2022,AGOSTO,DEFUNCION,MASCULINO,ICA,PALPA,9
337,2022,AGOSTO,DEFUNCION,MASCULINO,ICA,PISCO,41
338,2022,AGOSTO,DEFUNCION,MASCULINO,ITALIA,IMPERIA,1
339,2022,AGOSTO,DEFUNCION,MASCULINO,ITALIA,MILAN,1
340,2022,AGOSTO,DEFUNCION,MASCULINO,ITALIA,PERUGIA,1
341,2022,AGOSTO,DEFUNCION,MASCULINO,JAPON,MIE,1
342,2022,AGOSTO,DEFUNCION,MASCULINO,JUNIN,CHANCHAMAYO,10
343,2022,AGOSTO,DEFUNCION,MASCULINO,JUNIN,CHUPACA,15
344,2022,AGOSTO,DEFUNCION,MASCULINO,JUNIN,CONCEPCION,13
345,2022,AGOSTO,DEFUNCION,MASCULINO,JUNIN,HUANCAYO,225
346,2022,AGOSTO,DEFUNCION,MASCULINO,JUNIN,JAUJA,21
347,2022,AGOSTO,DEFUNCION,MASCULINO,JUNIN,JUNIN,6
348,2022,AGOSTO,DEFUNCION,MASCULINO,JUNIN,SATIPO,5
349,2022,AGOSTO,DEFUNCION,MASCULINO,JUNIN,TARMA,18
350,2022,AGOSTO,DEFUNCION,MASCULINO,JUNIN,YAULI,9
351,2022,AGOSTO,DEFUNCION,MASCULINO,LA LIBERTAD,ASCOPE,35
352,2022,AGOSTO,DEFUNCION,MASCULINO,LA LIBERTAD,CHEPEN,40
353,2022,AGOSTO,DEFUNCION,MASCULINO,LA LIBERTAD,GRAN CHIMU,2
354,2022,AGOSTO,DEFUNCION,MASCULINO,LA LIBERTAD,JULCAN,3
355,2022,AGOSTO,DEFUNCION,MASCULINO,LA LIBERTAD,OTUZCO,11
356,2022,AGOSTO,DEFUNCION,MASCULINO,LA LIBERTAD,PACASMAYO,33
357,2022,AGOSTO,DEFUNCION,MASCULINO,LA LIBERTAD,PATAZ,4
358,2022,AGOSTO,DEFUNCION,MASCULINO,LA LIBERTAD,SANCHEZ CARRION,8
359,2022,AGOSTO,DEFUNCION,MASCULINO,LA LIBERTAD,SANTIAGO DE CHUCO,20
360,2022,AGOSTO,DEFUNCION,MASCULINO,LA LIBERTAD,TRUJILLO,444
361,2022,AGOSTO,DEFUNCION,MASCULINO,LA LIBERTAD,VIRU,23
362,2022,AGOSTO,DEFUNCION,MASCULINO,LAMBAYEQUE,CHICLAYO,117
363,2022,AGOSTO,DEFUNCION,MASCULINO,LAMBAYEQUE,FERREŃAFE,8
364,2022,AGOSTO,DEFUNCION,MASCULINO,LAMBAYEQUE,LAMBAYEQUE,24
365,2022,AGOSTO,DEFUNCION,MASCULINO,LIMA,BARRANCA,23
366,2022,AGOSTO,DEFUNCION,MASCULINO,LIMA,CAJATAMBO,2
367,2022,AGOSTO,DEFUNCION,MASCULINO,LIMA,CANTA,5
368,2022,AGOSTO,DEFUNCION,MASCULINO,LIMA,CAŃETE,62
369,2022,AGOSTO,DEFUNCION,MASCULINO,LIMA,HUARAL,38
370,2022,AGOSTO,DEFUNCION,MASCULINO,LIMA,HUAROCHIRI,24
371,2022,AGOSTO,DEFUNCION,MASCULINO,LIMA,HUAURA,103
372,2022,AGOSTO,DEFUNCION,MASCULINO,LIMA,LIMA,5591
373,2022,AGOSTO,DEFUNCION,MASCULINO,LIMA,OYON,1
374,2022,AGOSTO,DEFUNCION,MASCULINO,LIMA,YAUYOS,6
375,2022,AGOSTO,DEFUNCION,MASCULINO,LORETO,ALTO AMAZONAS,18
376,2022,AGOSTO,DEFUNCION,MASCULINO,LORETO,DATEM DEL MARAŃON,1
377,2022,AGOSTO,DEFUNCION,MASCULINO,LORETO,LORETO,6
378,2022,AGOSTO,DEFUNCION,MASCULINO,LORETO,MARISCAL RAMON CASTILLA,1
379,2022,AGOSTO,DEFUNCION,MASCULINO,LORETO,MAYNAS,52
380,2022,AGOSTO,DEFUNCION,MASCULINO,LORETO,REQUENA,1
381,2022,AGOSTO,DEFUNCION,MASCULINO,LORETO,UCAYALI,2
382,2022,AGOSTO,DEFUNCION,MASCULINO,MADRE DE DIOS,TAMBOPATA,35
383,2022,AGOSTO,DEFUNCION,MASCULINO,MOQUEGUA,GENERAL SANCHEZ CERRO,1
384,2022,AGOSTO,DEFUNCION,MASCULINO,MOQUEGUA,ILO,40
385,2022,AGOSTO,DEFUNCION,MASCULINO,MOQUEGUA,MARISCAL NIETO,31
386,2022,AGOSTO,DEFUNCION,MASCULINO,PASCO,DANIEL ALCIDES CARRION,4
387,2022,AGOSTO,DEFUNCION,MASCULINO,PASCO,OXAPAMPA,15
388,2022,AGOSTO,DEFUNCION,MASCULINO,PASCO,PASCO,18
389,2022,AGOSTO,DEFUNCION,MASCULINO,PIURA,AYABACA,9
390,2022,AGOSTO,DEFUNCION,MASCULINO,PIURA,HUANCABAMBA,9
391,2022,AGOSTO,DEFUNCION,MASCULINO,PIURA,MORROPON,22
392,2022,AGOSTO,DEFUNCION,MASCULINO,PIURA,PAITA,40
393,2022,AGOSTO,DEFUNCION,MASCULINO,PIURA,PIURA,180
394,2022,AGOSTO,DEFUNCION,MASCULINO,PIURA,SECHURA,16
395,2022,AGOSTO,DEFUNCION,MASCULINO,PIURA,SULLANA,81
396,2022,AGOSTO,DEFUNCION,MASCULINO,PIURA,TALARA,18
397,2022,AGOSTO,DEFUNCION,MASCULINO,PUNO,AZANGARO,10
398,2022,AGOSTO,DEFUNCION,MASCULINO,PUNO,CARABAYA,3
399,2022,AGOSTO,DEFUNCION,MASCULINO,PUNO,CHUCUITO,10
400,2022,AGOSTO,DEFUNCION,MASCULINO,PUNO,EL COLLAO,13
401,2022,AGOSTO,DEFUNCION,MASCULINO,PUNO,HUANCANE,16
402,2022,AGOSTO,DEFUNCION,MASCULINO,PUNO,LAMPA,8
403,2022,AGOSTO,DEFUNCION,MASCULINO,PUNO,MELGAR,3
404,2022,AGOSTO,DEFUNCION,MASCULINO,PUNO,MOHO,5
405,2022,AGOSTO,DEFUNCION,MASCULINO,PUNO,PUNO,54
406,2022,AGOSTO,DEFUNCION,MASCULINO,PUNO,SAN ANTONIO DE PUTINA,6
407,2022,AGOSTO,DEFUNCION,MASCULINO,PUNO,SAN ROMAN,72
408,2022,AGOSTO,DEFUNCION,MASCULINO,PUNO,SANDIA,6
409,2022,AGOSTO,DEFUNCION,MASCULINO,PUNO,YUNGUYO,5
410,2022,AGOSTO,DEFUNCION,MASCULINO,REPUBLICA DEMOCRATICA DE TIMOR ORIENTAL,DILI,2
411,2022,AGOSTO,DEFUNCION,MASCULINO,SAN MARTIN,BELLAVISTA,4
412,2022,AGOSTO,DEFUNCION,MASCULINO,SAN MARTIN,EL DORADO,4
413,2022,AGOSTO,DEFUNCION,MASCULINO,SAN MARTIN,HUALLAGA,3
414,2022,AGOSTO,DEFUNCION,MASCULINO,SAN MARTIN,LAMAS,7
415,2022,AGOSTO,DEFUNCION,MASCULINO,SAN MARTIN,MARISCAL CACERES,4
416,2022,AGOSTO,DEFUNCION,MASCULINO,SAN MARTIN,MOYOBAMBA,3
417,2022,AGOSTO,DEFUNCION,MASCULINO,SAN MARTIN,PICOTA,4
418,2022,AGOSTO,DEFUNCION,MASCULINO,SAN MARTIN,RIOJA,25
419,2022,AGOSTO,DEFUNCION,MASCULINO,SAN MARTIN,SAN MARTIN,32
420,2022,AGOSTO,DEFUNCION,MASCULINO,SAN MARTIN,TOCACHE,2
421,2022,AGOSTO,DEFUNCION,MASCULINO,TACNA,TACNA,64
422,2022,AGOSTO,DEFUNCION,MASCULINO,TUMBES,CONTRALMIRANTE VILLAR,2
423,2022,AGOSTO,DEFUNCION,MASCULINO,TUMBES,TUMBES,22
424,2022,AGOSTO,DEFUNCION,MASCULINO,TUMBES,ZARUMILLA,6
425,2022,AGOSTO,DEFUNCION,MASCULINO,UCAYALI,CORONEL PORTILLO,58
426,2022,AGOSTO,DEFUNCION,MASCULINO,UCAYALI,PADRE ABAD,2
427,2022,AGOSTO,MATRIMONIO,FEMENINO,ALEMANIA,BERLIN,1
428,2022,AGOSTO,MATRIMONIO,FEMENINO,AMAZONAS,BAGUA,1
429,2022,AGOSTO,MATRIMONIO,FEMENINO,AMAZONAS,CHACHAPOYAS,1
430,2022,AGOSTO,MATRIMONIO,FEMENINO,AMAZONAS,RODRIGUEZ DE MENDOZA,1
431,2022,AGOSTO,MATRIMONIO,FEMENINO,ANCASH,BOLOGNESI,1
432,2022,AGOSTO,MATRIMONIO,FEMENINO,ANCASH,HUARAZ,4
433,2022,AGOSTO,MATRIMONIO,FEMENINO,ANCASH,HUARI,1
434,2022,AGOSTO,MATRIMONIO,FEMENINO,ANCASH,HUARMEY,1
435,2022,AGOSTO,MATRIMONIO,FEMENINO,ANCASH,SANTA,20
436,2022,AGOSTO,MATRIMONIO,FEMENINO,ANCASH,YUNGAY,1
437,2022,AGOSTO,MATRIMONIO,FEMENINO,APURIMAC,ABANCAY,3
438,2022,AGOSTO,MATRIMONIO,FEMENINO,APURIMAC,ANDAHUAYLAS,1
439,2022,AGOSTO,MATRIMONIO,FEMENINO,APURIMAC,AYMARAES,1
440,2022,AGOSTO,MATRIMONIO,FEMENINO,APURIMAC,CHINCHEROS,1
441,2022,AGOSTO,MATRIMONIO,FEMENINO,APURIMAC,GRAU,1
442,2022,AGOSTO,MATRIMONIO,FEMENINO,AREQUIPA,AREQUIPA,75
443,2022,AGOSTO,MATRIMONIO,FEMENINO,AREQUIPA,CAMANA,3
444,2022,AGOSTO,MATRIMONIO,FEMENINO,AREQUIPA,CAYLLOMA,1
445,2022,AGOSTO,MATRIMONIO,FEMENINO,AREQUIPA,ISLAY,4
446,2022,AGOSTO,MATRIMONIO,FEMENINO,ARGENTINA,BUENOS AIRES,5
447,2022,AGOSTO,MATRIMONIO,FEMENINO,ARGENTINA,CORDOBA,1
448,2022,AGOSTO,MATRIMONIO,FEMENINO,AUSTRALIA,SIDNEY,1
449,2022,AGOSTO,MATRIMONIO,FEMENINO,AYACUCHO,HUAMANGA,21
450,2022,AGOSTO,MATRIMONIO,FEMENINO,AYACUCHO,LUCANAS,1
451,2022,AGOSTO,MATRIMONIO,FEMENINO,AYACUCHO,SUCRE,1
452,2022,AGOSTO,MATRIMONIO,FEMENINO,BRASIL,BRASILIA,1
453,2022,AGOSTO,MATRIMONIO,FEMENINO,CAJAMARCA,CAJAMARCA,31
454,2022,AGOSTO,MATRIMONIO,FEMENINO,CAJAMARCA,CELENDIN,2
455,2022,AGOSTO,MATRIMONIO,FEMENINO,CAJAMARCA,CHOTA,1
456,2022,AGOSTO,MATRIMONIO,FEMENINO,CAJAMARCA,CUTERVO,22
457,2022,AGOSTO,MATRIMONIO,FEMENINO,CAJAMARCA,JAEN,5
458,2022,AGOSTO,MATRIMONIO,FEMENINO,CAJAMARCA,SAN IGNACIO,1
459,2022,AGOSTO,MATRIMONIO,FEMENINO,CALLAO,CALLAO,352
460,2022,AGOSTO,MATRIMONIO,FEMENINO,CANADA,ONTARIO,1
461,2022,AGOSTO,MATRIMONIO,FEMENINO,CANADA,QUEBEC,1
462,2022,AGOSTO,MATRIMONIO,FEMENINO,CHILE,IQUIQUE,2
463,2022,AGOSTO,MATRIMONIO,FEMENINO,CHILE,O'HIGGINS,1
464,2022,AGOSTO,MATRIMONIO,FEMENINO,CHILE,SANTIAGO,3
465,2022,AGOSTO,MATRIMONIO,FEMENINO,CUSCO,ANTA,1
466,2022,AGOSTO,MATRIMONIO,FEMENINO,CUSCO,CANCHIS,2
467,2022,AGOSTO,MATRIMONIO,FEMENINO,CUSCO,CHUMBIVILCAS,1
468,2022,AGOSTO,MATRIMONIO,FEMENINO,CUSCO,CUSCO,38
469,2022,AGOSTO,MATRIMONIO,FEMENINO,CUSCO,LA CONVENCION,4
470,2022,AGOSTO,MATRIMONIO,FEMENINO,CUSCO,PARURO,1
471,2022,AGOSTO,MATRIMONIO,FEMENINO,CUSCO,QUISPICANCHI,2
472,2022,AGOSTO,MATRIMONIO,FEMENINO,CUSCO,URUBAMBA,5
473,2022,AGOSTO,MATRIMONIO,FEMENINO,ECUADOR,QUITO,1
474,2022,AGOSTO,MATRIMONIO,FEMENINO,ESPAŃA,ALICANTE,1
475,2022,AGOSTO,MATRIMONIO,FEMENINO,ESPAŃA,BARCELONA,6
476,2022,AGOSTO,MATRIMONIO,FEMENINO,ESPAŃA,GUIPUZCOA,1
477,2022,AGOSTO,MATRIMONIO,FEMENINO,ESPAŃA,LA CORUŃA,1
478,2022,AGOSTO,MATRIMONIO,FEMENINO,ESPAŃA,MADRID,22
479,2022,AGOSTO,MATRIMONIO,FEMENINO,ESPAŃA,SEVILLA,1
480,2022,AGOSTO,MATRIMONIO,FEMENINO,ESPAŃA,TARRAGONA,1
481,2022,AGOSTO,MATRIMONIO,FEMENINO,ESTADOS UNIDOS DE AMERICA,ARIZONA,1
482,2022,AGOSTO,MATRIMONIO,FEMENINO,ESTADOS UNIDOS DE AMERICA,ARKANSAS,1
483,2022,AGOSTO,MATRIMONIO,FEMENINO,ESTADOS UNIDOS DE AMERICA,CALIFORNIA,1
484,2022,AGOSTO,MATRIMONIO,FEMENINO,ESTADOS UNIDOS DE AMERICA,CAROLINA DEL NORTE,1
485,2022,AGOSTO,MATRIMONIO,FEMENINO,ESTADOS UNIDOS DE AMERICA,FLORIDA,2
486,2022,AGOSTO,MATRIMONIO,FEMENINO,ESTADOS UNIDOS DE AMERICA,GEORGIA,1
487,2022,AGOSTO,MATRIMONIO,FEMENINO,ESTADOS UNIDOS DE AMERICA,HOUSTON,1
488,2022,AGOSTO,MATRIMONIO,FEMENINO,ESTADOS UNIDOS DE AMERICA,IDAHO,1
489,2022,AGOSTO,MATRIMONIO,FEMENINO,ESTADOS UNIDOS DE AMERICA,LOS ANGELES,5
490,2022,AGOSTO,MATRIMONIO,FEMENINO,ESTADOS UNIDOS DE AMERICA,MARYLAND,2
491,2022,AGOSTO,MATRIMONIO,FEMENINO,ESTADOS UNIDOS DE AMERICA,MIAMI,3
492,2022,AGOSTO,MATRIMONIO,FEMENINO,ESTADOS UNIDOS DE AMERICA,NUEVA JERSEY,4
493,2022,AGOSTO,MATRIMONIO,FEMENINO,ESTADOS UNIDOS DE AMERICA,NUEVA YORK,3
494,2022,AGOSTO,MATRIMONIO,FEMENINO,ESTADOS UNIDOS DE AMERICA,ORLANDO,1
495,2022,AGOSTO,MATRIMONIO,FEMENINO,ESTADOS UNIDOS DE AMERICA,PATERSON,1
496,2022,AGOSTO,MATRIMONIO,FEMENINO,ESTADOS UNIDOS DE AMERICA,SAN DIEGO,1
497,2022,AGOSTO,MATRIMONIO,FEMENINO,ESTADOS UNIDOS DE AMERICA,SAN FRANCISCO,3
498,2022,AGOSTO,MATRIMONIO,FEMENINO,ESTADOS UNIDOS DE AMERICA,UTAH,1
499,2022,AGOSTO,MATRIMONIO,FEMENINO,ESTADOS UNIDOS DE AMERICA,VIRGINIA,5
500,2022,AGOSTO,MATRIMONIO,FEMENINO,ESTADOS UNIDOS DE AMERICA,WASHINGTON D. C.,1
501,2022,AGOSTO,MATRIMONIO,FEMENINO,FRANCIA,BRETAŃA,1
502,2022,AGOSTO,MATRIMONIO,FEMENINO,FRANCIA,TOULOUSE,2
503,2022,AGOSTO,MATRIMONIO,FEMENINO,GRAN BRETAŃA,HAMPSHIRE,1
504,2022,AGOSTO,MATRIMONIO,FEMENINO,HUANCAVELICA,ANGARAES,1
505,2022,AGOSTO,MATRIMONIO,FEMENINO,HUANCAVELICA,CHURCAMPA,1
506,2022,AGOSTO,MATRIMONIO,FEMENINO,HUANCAVELICA,HUAYTARA,1
507,2022,AGOSTO,MATRIMONIO,FEMENINO,HUANCAVELICA,TAYACAJA,2
508,2022,AGOSTO,MATRIMONIO,FEMENINO,HUANUCO,AMBO,1
509,2022,AGOSTO,MATRIMONIO,FEMENINO,HUANUCO,DOS DE MAYO,1
510,2022,AGOSTO,MATRIMONIO,FEMENINO,HUANUCO,HUAMALIES,1
511,2022,AGOSTO,MATRIMONIO,FEMENINO,HUANUCO,HUANUCO,8
512,2022,AGOSTO,MATRIMONIO,FEMENINO,HUANUCO,LEONCIO PRADO,5
513,2022,AGOSTO,MATRIMONIO,FEMENINO,HUANUCO,YAROWILCA,1
514,2022,AGOSTO,MATRIMONIO,FEMENINO,ICA,CHINCHA,21
515,2022,AGOSTO,MATRIMONIO,FEMENINO,ICA,ICA,23
516,2022,AGOSTO,MATRIMONIO,FEMENINO,ICA,NASCA,2
517,2022,AGOSTO,MATRIMONIO,FEMENINO,ICA,PISCO,6
518,2022,AGOSTO,MATRIMONIO,FEMENINO,ITALIA,FLORENCIA,1
519,2022,AGOSTO,MATRIMONIO,FEMENINO,ITALIA,LACIO,3
520,2022,AGOSTO,MATRIMONIO,FEMENINO,ITALIA,LOMBARDIA,1
521,2022,AGOSTO,MATRIMONIO,FEMENINO,ITALIA,MILAN,1
522,2022,AGOSTO,MATRIMONIO,FEMENINO,ITALIA,ROMA,1
523,2022,AGOSTO,MATRIMONIO,FEMENINO,ITALIA,TOSCANA,1
524,2022,AGOSTO,MATRIMONIO,FEMENINO,ITALIA,TRENTINO ALTO ADIGIO,1
525,2022,AGOSTO,MATRIMONIO,FEMENINO,JAPON,CHIBA,1
526,2022,AGOSTO,MATRIMONIO,FEMENINO,JAPON,YAMANASHI,1
527,2022,AGOSTO,MATRIMONIO,FEMENINO,JUNIN,CHANCHAMAYO,5
528,2022,AGOSTO,MATRIMONIO,FEMENINO,JUNIN,CHUPACA,4
529,2022,AGOSTO,MATRIMONIO,FEMENINO,JUNIN,HUANCAYO,24
530,2022,AGOSTO,MATRIMONIO,FEMENINO,JUNIN,JAUJA,1
531,2022,AGOSTO,MATRIMONIO,FEMENINO,JUNIN,SATIPO,1
532,2022,AGOSTO,MATRIMONIO,FEMENINO,JUNIN,TARMA,2
533,2022,AGOSTO,MATRIMONIO,FEMENINO,LA LIBERTAD,ASCOPE,5
534,2022,AGOSTO,MATRIMONIO,FEMENINO,LA LIBERTAD,GRAN CHIMU,1
535,2022,AGOSTO,MATRIMONIO,FEMENINO,LA LIBERTAD,OTUZCO,3
536,2022,AGOSTO,MATRIMONIO,FEMENINO,LA LIBERTAD,PACASMAYO,2
537,2022,AGOSTO,MATRIMONIO,FEMENINO,LA LIBERTAD,SANCHEZ CARRION,1
538,2022,AGOSTO,MATRIMONIO,FEMENINO,LA LIBERTAD,TRUJILLO,171
539,2022,AGOSTO,MATRIMONIO,FEMENINO,LA LIBERTAD,VIRU,1
540,2022,AGOSTO,MATRIMONIO,FEMENINO,LAMBAYEQUE,CHICLAYO,64
541,2022,AGOSTO,MATRIMONIO,FEMENINO,LAMBAYEQUE,FERREŃAFE,2
542,2022,AGOSTO,MATRIMONIO,FEMENINO,LAMBAYEQUE,LAMBAYEQUE,12
543,2022,AGOSTO,MATRIMONIO,FEMENINO,LIMA,BARRANCA,13
544,2022,AGOSTO,MATRIMONIO,FEMENINO,LIMA,CANTA,1
545,2022,AGOSTO,MATRIMONIO,FEMENINO,LIMA,CAŃETE,12
546,2022,AGOSTO,MATRIMONIO,FEMENINO,LIMA,HUARAL,7
547,2022,AGOSTO,MATRIMONIO,FEMENINO,LIMA,HUAROCHIRI,9
548,2022,AGOSTO,MATRIMONIO,FEMENINO,LIMA,HUAURA,12
549,2022,AGOSTO,MATRIMONIO,FEMENINO,LIMA,LIMA,4607
550,2022,AGOSTO,MATRIMONIO,FEMENINO,LIMA,YAUYOS,1
551,2022,AGOSTO,MATRIMONIO,FEMENINO,LORETO,ALTO AMAZONAS,2
552,2022,AGOSTO,MATRIMONIO,FEMENINO,LORETO,MAYNAS,54
553,2022,AGOSTO,MATRIMONIO,FEMENINO,MADRE DE DIOS,MANU,1
554,2022,AGOSTO,MATRIMONIO,FEMENINO,MADRE DE DIOS,TAMBOPATA,9
555,2022,AGOSTO,MATRIMONIO,FEMENINO,MOQUEGUA,ILO,4
556,2022,AGOSTO,MATRIMONIO,FEMENINO,MOQUEGUA,MARISCAL NIETO,2
557,2022,AGOSTO,MATRIMONIO,FEMENINO,PASCO,OXAPAMPA,2
558,2022,AGOSTO,MATRIMONIO,FEMENINO,PASCO,PASCO,3
559,2022,AGOSTO,MATRIMONIO,FEMENINO,PIURA,AYABACA,1
560,2022,AGOSTO,MATRIMONIO,FEMENINO,PIURA,HUANCABAMBA,1
561,2022,AGOSTO,MATRIMONIO,FEMENINO,PIURA,MORROPON,14
562,2022,AGOSTO,MATRIMONIO,FEMENINO,PIURA,PAITA,3
563,2022,AGOSTO,MATRIMONIO,FEMENINO,PIURA,PIURA,125
564,2022,AGOSTO,MATRIMONIO,FEMENINO,PIURA,SECHURA,1
565,2022,AGOSTO,MATRIMONIO,FEMENINO,PIURA,SULLANA,18
566,2022,AGOSTO,MATRIMONIO,FEMENINO,PIURA,TALARA,12
567,2022,AGOSTO,MATRIMONIO,FEMENINO,PUNO,CARABAYA,1
568,2022,AGOSTO,MATRIMONIO,FEMENINO,PUNO,CHUCUITO,1
569,2022,AGOSTO,MATRIMONIO,FEMENINO,PUNO,HUANCANE,2
570,2022,AGOSTO,MATRIMONIO,FEMENINO,PUNO,PUNO,3
571,2022,AGOSTO,MATRIMONIO,FEMENINO,PUNO,SAN ANTONIO DE PUTINA,1
572,2022,AGOSTO,MATRIMONIO,FEMENINO,PUNO,SAN ROMAN,5
573,2022,AGOSTO,MATRIMONIO,FEMENINO,PUNO,SANDIA,1
574,2022,AGOSTO,MATRIMONIO,FEMENINO,REINO UNIDO DE GRAN BRETAŃA E IRLANDA DEL NORTE,INGLATERRA,1
575,2022,AGOSTO,MATRIMONIO,FEMENINO,SAN MARTIN,BELLAVISTA,1
576,2022,AGOSTO,MATRIMONIO,FEMENINO,SAN MARTIN,MARISCAL CACERES,1
577,2022,AGOSTO,MATRIMONIO,FEMENINO,SAN MARTIN,MOYOBAMBA,5
578,2022,AGOSTO,MATRIMONIO,FEMENINO,SAN MARTIN,PICOTA,3
579,2022,AGOSTO,MATRIMONIO,FEMENINO,SAN MARTIN,RIOJA,1
580,2022,AGOSTO,MATRIMONIO,FEMENINO,SAN MARTIN,SAN MARTIN,10
581,2022,AGOSTO,MATRIMONIO,FEMENINO,SAN MARTIN,TOCACHE,2
582,2022,AGOSTO,MATRIMONIO,FEMENINO,SUIZA,GINEBRA,1
583,2022,AGOSTO,MATRIMONIO,FEMENINO,SUIZA,VALAIS,1
584,2022,AGOSTO,MATRIMONIO,FEMENINO,TACNA,CANDARAVE,1
585,2022,AGOSTO,MATRIMONIO,FEMENINO,TACNA,TACNA,14
586,2022,AGOSTO,MATRIMONIO,FEMENINO,TUMBES,CONTRALMIRANTE VILLAR,1
587,2022,AGOSTO,MATRIMONIO,FEMENINO,TUMBES,TUMBES,34
588,2022,AGOSTO,MATRIMONIO,FEMENINO,TUMBES,ZARUMILLA,1
589,2022,AGOSTO,MATRIMONIO,FEMENINO,UCAYALI,CORONEL PORTILLO,31
590,2022,AGOSTO,MATRIMONIO,FEMENINO,UCAYALI,PADRE ABAD,1
591,2022,AGOSTO,MATRIMONIO,MASCULINO,ALEMANIA,MUNICH,1
592,2022,AGOSTO,MATRIMONIO,MASCULINO,AMAZONAS,BONGARA,1
593,2022,AGOSTO,MATRIMONIO,MASCULINO,AMAZONAS,CHACHAPOYAS,4
594,2022,AGOSTO,MATRIMONIO,MASCULINO,ANCASH,ANTONIO RAIMONDI,1
595,2022,AGOSTO,MATRIMONIO,MASCULINO,ANCASH,BOLOGNESI,1
596,2022,AGOSTO,MATRIMONIO,MASCULINO,ANCASH,CASMA,2
597,2022,AGOSTO,MATRIMONIO,MASCULINO,ANCASH,HUARAZ,9
598,2022,AGOSTO,MATRIMONIO,MASCULINO,ANCASH,HUARI,2
599,2022,AGOSTO,MATRIMONIO,MASCULINO,ANCASH,OCROS,1
600,2022,AGOSTO,MATRIMONIO,MASCULINO,ANCASH,SANTA,32
601,2022,AGOSTO,MATRIMONIO,MASCULINO,APURIMAC,ABANCAY,3
602,2022,AGOSTO,MATRIMONIO,MASCULINO,APURIMAC,CHINCHEROS,1
603,2022,AGOSTO,MATRIMONIO,MASCULINO,AREQUIPA,AREQUIPA,72
604,2022,AGOSTO,MATRIMONIO,MASCULINO,AREQUIPA,CAMANA,4
605,2022,AGOSTO,MATRIMONIO,MASCULINO,AREQUIPA,ISLAY,2
606,2022,AGOSTO,MATRIMONIO,MASCULINO,ARGENTINA,BUENOS AIRES,2
607,2022,AGOSTO,MATRIMONIO,MASCULINO,ARGENTINA,CORDOBA,1
608,2022,AGOSTO,MATRIMONIO,MASCULINO,AYACUCHO,CANGALLO,9
609,2022,AGOSTO,MATRIMONIO,MASCULINO,AYACUCHO,HUAMANGA,13
610,2022,AGOSTO,MATRIMONIO,MASCULINO,AYACUCHO,HUANCA SANCOS,1
611,2022,AGOSTO,MATRIMONIO,MASCULINO,AYACUCHO,PAUCAR DEL SARA SARA,2
612,2022,AGOSTO,MATRIMONIO,MASCULINO,AYACUCHO,VILCAS HUAMAN,2
613,2022,AGOSTO,MATRIMONIO,MASCULINO,CAJAMARCA,CAJAMARCA,50
614,2022,AGOSTO,MATRIMONIO,MASCULINO,CAJAMARCA,CELENDIN,1
615,2022,AGOSTO,MATRIMONIO,MASCULINO,CAJAMARCA,CONTUMAZA,1
616,2022,AGOSTO,MATRIMONIO,MASCULINO,CAJAMARCA,JAEN,3
617,2022,AGOSTO,MATRIMONIO,MASCULINO,CAJAMARCA,SAN IGNACIO,5
618,2022,AGOSTO,MATRIMONIO,MASCULINO,CAJAMARCA,SAN MIGUEL,2
619,2022,AGOSTO,MATRIMONIO,MASCULINO,CAJAMARCA,SAN PABLO,2
620,2022,AGOSTO,MATRIMONIO,MASCULINO,CAJAMARCA,SANTA CRUZ,1
621,2022,AGOSTO,MATRIMONIO,MASCULINO,CALLAO,CALLAO,396
622,2022,AGOSTO,MATRIMONIO,MASCULINO,CANADA,COLUMBIA BRITANICA,2
623,2022,AGOSTO,MATRIMONIO,MASCULINO,CANADA,MONTREAL,2
624,2022,AGOSTO,MATRIMONIO,MASCULINO,CANADA,ONTARIO,2
625,2022,AGOSTO,MATRIMONIO,MASCULINO,CANADA,TORONTO,2
626,2022,AGOSTO,MATRIMONIO,MASCULINO,CHILE,SANTIAGO,6
627,2022,AGOSTO,MATRIMONIO,MASCULINO,CUSCO,ACOMAYO,1
628,2022,AGOSTO,MATRIMONIO,MASCULINO,CUSCO,ANTA,1
629,2022,AGOSTO,MATRIMONIO,MASCULINO,CUSCO,CALCA,3
630,2022,AGOSTO,MATRIMONIO,MASCULINO,CUSCO,CANCHIS,3
631,2022,AGOSTO,MATRIMONIO,MASCULINO,CUSCO,CUSCO,49
632,2022,AGOSTO,MATRIMONIO,MASCULINO,CUSCO,LA CONVENCION,4
633,2022,AGOSTO,MATRIMONIO,MASCULINO,CUSCO,URUBAMBA,2
634,2022,AGOSTO,MATRIMONIO,MASCULINO,ESPAŃA,BADAJOZ,1
635,2022,AGOSTO,MATRIMONIO,MASCULINO,ESPAŃA,BARCELONA,1
636,2022,AGOSTO,MATRIMONIO,MASCULINO,ESPAŃA,BILBAO,1
637,2022,AGOSTO,MATRIMONIO,MASCULINO,ESPAŃA,CASTELLON,1
638,2022,AGOSTO,MATRIMONIO,MASCULINO,ESPAŃA,GERONA,1
639,2022,AGOSTO,MATRIMONIO,MASCULINO,ESPAŃA,LERIDA,1
640,2022,AGOSTO,MATRIMONIO,MASCULINO,ESPAŃA,MADRID,8
641,2022,AGOSTO,MATRIMONIO,MASCULINO,ESPAŃA,SANTANDER,1
642,2022,AGOSTO,MATRIMONIO,MASCULINO,ESPAŃA,VALENCIA,1
643,2022,AGOSTO,MATRIMONIO,MASCULINO,ESTADOS UNIDOS DE AMERICA,BOSTON,1
644,2022,AGOSTO,MATRIMONIO,MASCULINO,ESTADOS UNIDOS DE AMERICA,CONNECTICUT,1
645,2022,AGOSTO,MATRIMONIO,MASCULINO,ESTADOS UNIDOS DE AMERICA,FLORIDA,1
646,2022,AGOSTO,MATRIMONIO,MASCULINO,ESTADOS UNIDOS DE AMERICA,GEORGIA,2
647,2022,AGOSTO,MATRIMONIO,MASCULINO,ESTADOS UNIDOS DE AMERICA,HARTFORD,1
648,2022,AGOSTO,MATRIMONIO,MASCULINO,ESTADOS UNIDOS DE AMERICA,LOS ANGELES,3
649,2022,AGOSTO,MATRIMONIO,MASCULINO,ESTADOS UNIDOS DE AMERICA,LOUISIANA,1
650,2022,AGOSTO,MATRIMONIO,MASCULINO,ESTADOS UNIDOS DE AMERICA,MIAMI,1
651,2022,AGOSTO,MATRIMONIO,MASCULINO,ESTADOS UNIDOS DE AMERICA,NUEVA JERSEY,5
652,2022,AGOSTO,MATRIMONIO,MASCULINO,ESTADOS UNIDOS DE AMERICA,NUEVA YORK,6
653,2022,AGOSTO,MATRIMONIO,MASCULINO,ESTADOS UNIDOS DE AMERICA,PATERSON,1
654,2022,AGOSTO,MATRIMONIO,MASCULINO,ESTADOS UNIDOS DE AMERICA,SAN FRANCISCO,2
655,2022,AGOSTO,MATRIMONIO,MASCULINO,ESTADOS UNIDOS DE AMERICA,VIRGINIA,3
656,2022,AGOSTO,MATRIMONIO,MASCULINO,FRANCIA,LORENA,1
657,2022,AGOSTO,MATRIMONIO,MASCULINO,HUANCAVELICA,ANGARAES,2
658,2022,AGOSTO,MATRIMONIO,MASCULINO,HUANCAVELICA,CASTROVIRREYNA,2
659,2022,AGOSTO,MATRIMONIO,MASCULINO,HUANCAVELICA,CHURCAMPA,4
660,2022,AGOSTO,MATRIMONIO,MASCULINO,HUANCAVELICA,HUANCAVELICA,4
661,2022,AGOSTO,MATRIMONIO,MASCULINO,HUANCAVELICA,TAYACAJA,5
662,2022,AGOSTO,MATRIMONIO,MASCULINO,HUANUCO,DOS DE MAYO,1
663,2022,AGOSTO,MATRIMONIO,MASCULINO,HUANUCO,HUAMALIES,1
664,2022,AGOSTO,MATRIMONIO,MASCULINO,HUANUCO,HUANUCO,5
665,2022,AGOSTO,MATRIMONIO,MASCULINO,HUANUCO,LEONCIO PRADO,8
666,2022,AGOSTO,MATRIMONIO,MASCULINO,HUANUCO,YAROWILCA,1
667,2022,AGOSTO,MATRIMONIO,MASCULINO,ICA,CHINCHA,14
668,2022,AGOSTO,MATRIMONIO,MASCULINO,ICA,ICA,40
669,2022,AGOSTO,MATRIMONIO,MASCULINO,ICA,NASCA,3
670,2022,AGOSTO,MATRIMONIO,MASCULINO,ICA,PALPA,2
671,2022,AGOSTO,MATRIMONIO,MASCULINO,ICA,PISCO,8
672,2022,AGOSTO,MATRIMONIO,MASCULINO,ITALIA,GENOVA,1
673,2022,AGOSTO,MATRIMONIO,MASCULINO,ITALIA,LACIO,1
674,2022,AGOSTO,MATRIMONIO,MASCULINO,ITALIA,ROMA,2
675,2022,AGOSTO,MATRIMONIO,MASCULINO,JAPON,AICHI,1
676,2022,AGOSTO,MATRIMONIO,MASCULINO,JAPON,HYOGO,1
677,2022,AGOSTO,MATRIMONIO,MASCULINO,JAPON,SHIZUOKA,1
678,2022,AGOSTO,MATRIMONIO,MASCULINO,JAPON,TOKIO,1
679,2022,AGOSTO,MATRIMONIO,MASCULINO,JUNIN,CHANCHAMAYO,2
680,2022,AGOSTO,MATRIMONIO,MASCULINO,JUNIN,CHUPACA,4
681,2022,AGOSTO,MATRIMONIO,MASCULINO,JUNIN,CONCEPCION,1
682,2022,AGOSTO,MATRIMONIO,MASCULINO,JUNIN,HUANCAYO,55
683,2022,AGOSTO,MATRIMONIO,MASCULINO,JUNIN,JAUJA,1
684,2022,AGOSTO,MATRIMONIO,MASCULINO,JUNIN,TARMA,5
685,2022,AGOSTO,MATRIMONIO,MASCULINO,JUNIN,YAULI,2
686,2022,AGOSTO,MATRIMONIO,MASCULINO,LA LIBERTAD,ASCOPE,5
687,2022,AGOSTO,MATRIMONIO,MASCULINO,LA LIBERTAD,CHEPEN,1
688,2022,AGOSTO,MATRIMONIO,MASCULINO,LA LIBERTAD,OTUZCO,1
689,2022,AGOSTO,MATRIMONIO,MASCULINO,LA LIBERTAD,PACASMAYO,1
690,2022,AGOSTO,MATRIMONIO,MASCULINO,LA LIBERTAD,PATAZ,1
691,2022,AGOSTO,MATRIMONIO,MASCULINO,LA LIBERTAD,SANCHEZ CARRION,1
692,2022,AGOSTO,MATRIMONIO,MASCULINO,LA LIBERTAD,SANTIAGO DE CHUCO,5
693,2022,AGOSTO,MATRIMONIO,MASCULINO,LA LIBERTAD,TRUJILLO,167
694,2022,AGOSTO,MATRIMONIO,MASCULINO,LA LIBERTAD,VIRU,3
695,2022,AGOSTO,MATRIMONIO,MASCULINO,LAMBAYEQUE,CHICLAYO,105
696,2022,AGOSTO,MATRIMONIO,MASCULINO,LAMBAYEQUE,FERREŃAFE,3
697,2022,AGOSTO,MATRIMONIO,MASCULINO,LAMBAYEQUE,LAMBAYEQUE,10
698,2022,AGOSTO,MATRIMONIO,MASCULINO,LIMA,BARRANCA,12
699,2022,AGOSTO,MATRIMONIO,MASCULINO,LIMA,CANTA,3
700,2022,AGOSTO,MATRIMONIO,MASCULINO,LIMA,CAŃETE,14
701,2022,AGOSTO,MATRIMONIO,MASCULINO,LIMA,HUARAL,6
702,2022,AGOSTO,MATRIMONIO,MASCULINO,LIMA,HUAROCHIRI,13
703,2022,AGOSTO,MATRIMONIO,MASCULINO,LIMA,HUAURA,12
704,2022,AGOSTO,MATRIMONIO,MASCULINO,LIMA,LIMA,4775
705,2022,AGOSTO,MATRIMONIO,MASCULINO,LIMA,OYON,2
706,2022,AGOSTO,MATRIMONIO,MASCULINO,LIMA,YAUYOS,1
707,2022,AGOSTO,MATRIMONIO,MASCULINO,LORETO,MARISCAL RAMON CASTILLA,1
708,2022,AGOSTO,MATRIMONIO,MASCULINO,LORETO,MAYNAS,50
709,2022,AGOSTO,MATRIMONIO,MASCULINO,LORETO,PUTUMAYO,2
710,2022,AGOSTO,MATRIMONIO,MASCULINO,LORETO,REQUENA,1
711,2022,AGOSTO,MATRIMONIO,MASCULINO,MADRE DE DIOS,MANU,3
712,2022,AGOSTO,MATRIMONIO,MASCULINO,MADRE DE DIOS,TAMBOPATA,11
713,2022,AGOSTO,MATRIMONIO,MASCULINO,MEXICO,VERACRUZ,1
714,2022,AGOSTO,MATRIMONIO,MASCULINO,MOQUEGUA,ILO,3
715,2022,AGOSTO,MATRIMONIO,MASCULINO,MOQUEGUA,MARISCAL NIETO,7
716,2022,AGOSTO,MATRIMONIO,MASCULINO,PASCO,DANIEL ALCIDES CARRION,1
717,2022,AGOSTO,MATRIMONIO,MASCULINO,PASCO,OXAPAMPA,1
718,2022,AGOSTO,MATRIMONIO,MASCULINO,PASCO,PASCO,2
719,2022,AGOSTO,MATRIMONIO,MASCULINO,PIURA,HUANCABAMBA,3
720,2022,AGOSTO,MATRIMONIO,MASCULINO,PIURA,MORROPON,3
721,2022,AGOSTO,MATRIMONIO,MASCULINO,PIURA,PAITA,9
722,2022,AGOSTO,MATRIMONIO,MASCULINO,PIURA,PIURA,106
723,2022,AGOSTO,MATRIMONIO,MASCULINO,PIURA,SECHURA,4
724,2022,AGOSTO,MATRIMONIO,MASCULINO,PIURA,SULLANA,9
725,2022,AGOSTO,MATRIMONIO,MASCULINO,PIURA,TALARA,12
726,2022,AGOSTO,MATRIMONIO,MASCULINO,PUNO,AZANGARO,1
727,2022,AGOSTO,MATRIMONIO,MASCULINO,PUNO,EL COLLAO,1
728,2022,AGOSTO,MATRIMONIO,MASCULINO,PUNO,PUNO,5
729,2022,AGOSTO,MATRIMONIO,MASCULINO,PUNO,SAN ANTONIO DE PUTINA,1
730,2022,AGOSTO,MATRIMONIO,MASCULINO,PUNO,SAN ROMAN,10
731,2022,AGOSTO,MATRIMONIO,MASCULINO,REPUBLICA DE PANAMA,PANAMA,1
732,2022,AGOSTO,MATRIMONIO,MASCULINO,SAN MARTIN,EL DORADO,1
733,2022,AGOSTO,MATRIMONIO,MASCULINO,SAN MARTIN,LAMAS,3
734,2022,AGOSTO,MATRIMONIO,MASCULINO,SAN MARTIN,MOYOBAMBA,2
735,2022,AGOSTO,MATRIMONIO,MASCULINO,SAN MARTIN,PICOTA,3
736,2022,AGOSTO,MATRIMONIO,MASCULINO,SAN MARTIN,RIOJA,2
737,2022,AGOSTO,MATRIMONIO,MASCULINO,SAN MARTIN,SAN MARTIN,7
738,2022,AGOSTO,MATRIMONIO,MASCULINO,SAN MARTIN,TOCACHE,4
739,2022,AGOSTO,MATRIMONIO,MASCULINO,SUIZA,GINEBRA,1
740,2022,AGOSTO,MATRIMONIO,MASCULINO,TACNA,TACNA,12
741,2022,AGOSTO,MATRIMONIO,MASCULINO,TACNA,TARATA,1
742,2022,AGOSTO,MATRIMONIO,MASCULINO,TUMBES,CONTRALMIRANTE VILLAR,2
743,2022,AGOSTO,MATRIMONIO,MASCULINO,TUMBES,TUMBES,23
744,2022,AGOSTO,MATRIMONIO,MASCULINO,TUMBES,ZARUMILLA,6
745,2022,AGOSTO,MATRIMONIO,MASCULINO,UCAYALI,ATALAYA,3
746,2022,AGOSTO,MATRIMONIO,MASCULINO,UCAYALI,CORONEL PORTILLO,36
747,2022,AGOSTO,MATRIMONIO,MASCULINO,UCAYALI,PADRE ABAD,2
748,2022,AGOSTO,MATRIMONIO,MASCULINO,VENEZUELA,MONAGAS,1
749,2022,AGOSTO,NACIMIENTO,FEMENINO,ALEMANIA,BAVIERA,3
750,2022,AGOSTO,NACIMIENTO,FEMENINO,ALEMANIA,BERLIN,1
751,2022,AGOSTO,NACIMIENTO,FEMENINO,ALEMANIA,HAMBURGO,5
752,2022,AGOSTO,NACIMIENTO,FEMENINO,ALEMANIA,HESSEN,1
753,2022,AGOSTO,NACIMIENTO,FEMENINO,ALEMANIA,RENANIA DEL NORTE-WESTFA,1
754,2022,AGOSTO,NACIMIENTO,FEMENINO,AMAZONAS,BAGUA,16
755,2022,AGOSTO,NACIMIENTO,FEMENINO,AMAZONAS,BONGARA,2
756,2022,AGOSTO,NACIMIENTO,FEMENINO,AMAZONAS,CHACHAPOYAS,4
757,2022,AGOSTO,NACIMIENTO,FEMENINO,AMAZONAS,CONDORCANQUI,12
758,2022,AGOSTO,NACIMIENTO,FEMENINO,AMAZONAS,RODRIGUEZ DE MENDOZA,8
759,2022,AGOSTO,NACIMIENTO,FEMENINO,AMAZONAS,UTCUBAMBA,16
760,2022,AGOSTO,NACIMIENTO,FEMENINO,ANCASH,ANTONIO RAIMONDI,1
761,2022,AGOSTO,NACIMIENTO,FEMENINO,ANCASH,ASUNCION,1
762,2022,AGOSTO,NACIMIENTO,FEMENINO,ANCASH,BOLOGNESI,5
763,2022,AGOSTO,NACIMIENTO,FEMENINO,ANCASH,CARHUAZ,2
764,2022,AGOSTO,NACIMIENTO,FEMENINO,ANCASH,CARLOS FERMIN FITZCARRALD,2
765,2022,AGOSTO,NACIMIENTO,FEMENINO,ANCASH,CASMA,5
766,2022,AGOSTO,NACIMIENTO,FEMENINO,ANCASH,HUARAZ,13
767,2022,AGOSTO,NACIMIENTO,FEMENINO,ANCASH,HUARI,25
768,2022,AGOSTO,NACIMIENTO,FEMENINO,ANCASH,HUARMEY,9
769,2022,AGOSTO,NACIMIENTO,FEMENINO,ANCASH,HUAYLAS,24
770,2022,AGOSTO,NACIMIENTO,FEMENINO,ANCASH,MARISCAL LUZURIAGA,5
771,2022,AGOSTO,NACIMIENTO,FEMENINO,ANCASH,OCROS,4
772,2022,AGOSTO,NACIMIENTO,FEMENINO,ANCASH,PALLASCA,4
773,2022,AGOSTO,NACIMIENTO,FEMENINO,ANCASH,RECUAY,5
774,2022,AGOSTO,NACIMIENTO,FEMENINO,ANCASH,SANTA,166
775,2022,AGOSTO,NACIMIENTO,FEMENINO,ANCASH,SIHUAS,1
776,2022,AGOSTO,NACIMIENTO,FEMENINO,ANCASH,YUNGAY,8
777,2022,AGOSTO,NACIMIENTO,FEMENINO,ANTILLAS HOLANDESAS,ARUBA,1
778,2022,AGOSTO,NACIMIENTO,FEMENINO,APURIMAC,ABANCAY,21
779,2022,AGOSTO,NACIMIENTO,FEMENINO,APURIMAC,ANDAHUAYLAS,19
780,2022,AGOSTO,NACIMIENTO,FEMENINO,APURIMAC,ANTABAMBA,3
781,2022,AGOSTO,NACIMIENTO,FEMENINO,APURIMAC,AYMARAES,2
782,2022,AGOSTO,NACIMIENTO,FEMENINO,APURIMAC,CHINCHEROS,6
783,2022,AGOSTO,NACIMIENTO,FEMENINO,APURIMAC,COTABAMBAS,4
784,2022,AGOSTO,NACIMIENTO,FEMENINO,APURIMAC,GRAU,1
785,2022,AGOSTO,NACIMIENTO,FEMENINO,AREQUIPA,AREQUIPA,445
786,2022,AGOSTO,NACIMIENTO,FEMENINO,AREQUIPA,CAMANA,7
787,2022,AGOSTO,NACIMIENTO,FEMENINO,AREQUIPA,CARAVELI,12
788,2022,AGOSTO,NACIMIENTO,FEMENINO,AREQUIPA,CASTILLA,2
789,2022,AGOSTO,NACIMIENTO,FEMENINO,AREQUIPA,CAYLLOMA,25
790,2022,AGOSTO,NACIMIENTO,FEMENINO,AREQUIPA,ISLAY,13
791,2022,AGOSTO,NACIMIENTO,FEMENINO,AREQUIPA,LA UNION,4
792,2022,AGOSTO,NACIMIENTO,FEMENINO,ARGENTINA,BUENOS AIRES,30
793,2022,AGOSTO,NACIMIENTO,FEMENINO,ARGENTINA,CORDOBA,2
794,2022,AGOSTO,NACIMIENTO,FEMENINO,ARGENTINA,LA PLATA,3
795,2022,AGOSTO,NACIMIENTO,FEMENINO,ARGENTINA,MENDOZA,1
796,2022,AGOSTO,NACIMIENTO,FEMENINO,ARGENTINA,ROSARIO DE SANTA FE,2
797,2022,AGOSTO,NACIMIENTO,FEMENINO,AUSTRALIA,BRISBANE,1
798,2022,AGOSTO,NACIMIENTO,FEMENINO,AUSTRALIA,QUEENSLAND,1
799,2022,AGOSTO,NACIMIENTO,FEMENINO,AUSTRALIA,VICTORIA,1
800,2022,AGOSTO,NACIMIENTO,FEMENINO,AUSTRIA,ALTA AUSTRIA,1
801,2022,AGOSTO,NACIMIENTO,FEMENINO,AUSTRIA,CARINTHIA,1
802,2022,AGOSTO,NACIMIENTO,FEMENINO,AYACUCHO,CANGALLO,4
803,2022,AGOSTO,NACIMIENTO,FEMENINO,AYACUCHO,HUAMANGA,65
804,2022,AGOSTO,NACIMIENTO,FEMENINO,AYACUCHO,HUANTA,15
805,2022,AGOSTO,NACIMIENTO,FEMENINO,AYACUCHO,LA MAR,9
806,2022,AGOSTO,NACIMIENTO,FEMENINO,AYACUCHO,LUCANAS,6
807,2022,AGOSTO,NACIMIENTO,FEMENINO,AYACUCHO,PARINACOCHAS,11
808,2022,AGOSTO,NACIMIENTO,FEMENINO,AYACUCHO,PAUCAR DEL SARA SARA,5
809,2022,AGOSTO,NACIMIENTO,FEMENINO,AYACUCHO,SUCRE,2
810,2022,AGOSTO,NACIMIENTO,FEMENINO,AYACUCHO,VICTOR FAJARDO,2
811,2022,AGOSTO,NACIMIENTO,FEMENINO,AYACUCHO,VILCAS HUAMAN,1
812,2022,AGOSTO,NACIMIENTO,FEMENINO,BELGICA,BRUSELAS,5
813,2022,AGOSTO,NACIMIENTO,FEMENINO,BRASIL,MANAOS,1
814,2022,AGOSTO,NACIMIENTO,FEMENINO,BRASIL,RIO DE JANEIRO,1
815,2022,AGOSTO,NACIMIENTO,FEMENINO,BRASIL,SANTA CATARINA,1
816,2022,AGOSTO,NACIMIENTO,FEMENINO,CAJAMARCA,CAJABAMBA,10
817,2022,AGOSTO,NACIMIENTO,FEMENINO,CAJAMARCA,CAJAMARCA,297
818,2022,AGOSTO,NACIMIENTO,FEMENINO,CAJAMARCA,CELENDIN,17
819,2022,AGOSTO,NACIMIENTO,FEMENINO,CAJAMARCA,CHOTA,8
820,2022,AGOSTO,NACIMIENTO,FEMENINO,CAJAMARCA,CONTUMAZA,4
821,2022,AGOSTO,NACIMIENTO,FEMENINO,CAJAMARCA,CUTERVO,18
822,2022,AGOSTO,NACIMIENTO,FEMENINO,CAJAMARCA,HUALGAYOC,7
823,2022,AGOSTO,NACIMIENTO,FEMENINO,CAJAMARCA,JAEN,41
824,2022,AGOSTO,NACIMIENTO,FEMENINO,CAJAMARCA,SAN IGNACIO,21
825,2022,AGOSTO,NACIMIENTO,FEMENINO,CAJAMARCA,SAN MARCOS,8
826,2022,AGOSTO,NACIMIENTO,FEMENINO,CAJAMARCA,SAN MIGUEL,12
827,2022,AGOSTO,NACIMIENTO,FEMENINO,CAJAMARCA,SAN PABLO,3
828,2022,AGOSTO,NACIMIENTO,FEMENINO,CAJAMARCA,SANTA CRUZ,9
829,2022,AGOSTO,NACIMIENTO,FEMENINO,CALLAO,CALLAO,1459
830,2022,AGOSTO,NACIMIENTO,FEMENINO,CANADA,COLUMBIA BRITANICA,1
831,2022,AGOSTO,NACIMIENTO,FEMENINO,CANADA,MONTREAL,2
832,2022,AGOSTO,NACIMIENTO,FEMENINO,CANADA,ONTARIO,4
833,2022,AGOSTO,NACIMIENTO,FEMENINO,CANADA,OTTAWA,1
834,2022,AGOSTO,NACIMIENTO,FEMENINO,CANADA,QUEBEC,1
835,2022,AGOSTO,NACIMIENTO,FEMENINO,CANADA,VANCOUVER,1
836,2022,AGOSTO,NACIMIENTO,FEMENINO,CATAR,DOHA,1
837,2022,AGOSTO,NACIMIENTO,FEMENINO,CHILE,ANTOFAGASTA,1
838,2022,AGOSTO,NACIMIENTO,FEMENINO,CHILE,ARICA,2
839,2022,AGOSTO,NACIMIENTO,FEMENINO,CHILE,CALAMA,1
840,2022,AGOSTO,NACIMIENTO,FEMENINO,CHILE,IQUIQUE,2
841,2022,AGOSTO,NACIMIENTO,FEMENINO,CHILE,O'HIGGINS,2
842,2022,AGOSTO,NACIMIENTO,FEMENINO,CHILE,SANTIAGO,31
843,2022,AGOSTO,NACIMIENTO,FEMENINO,COLOMBIA,BOGOTA,1
844,2022,AGOSTO,NACIMIENTO,FEMENINO,COLOMBIA,CALI,1
845,2022,AGOSTO,NACIMIENTO,FEMENINO,COSTA RICA,HEREDIA,1
846,2022,AGOSTO,NACIMIENTO,FEMENINO,COSTA RICA,SAN JOSE,2
847,2022,AGOSTO,NACIMIENTO,FEMENINO,CROACIA,DUBROVNIK,1
848,2022,AGOSTO,NACIMIENTO,FEMENINO,CUSCO,ACOMAYO,8
849,2022,AGOSTO,NACIMIENTO,FEMENINO,CUSCO,ANTA,43
850,2022,AGOSTO,NACIMIENTO,FEMENINO,CUSCO,CALCA,11
851,2022,AGOSTO,NACIMIENTO,FEMENINO,CUSCO,CANAS,11
852,2022,AGOSTO,NACIMIENTO,FEMENINO,CUSCO,CANCHIS,23
853,2022,AGOSTO,NACIMIENTO,FEMENINO,CUSCO,CHUMBIVILCAS,6
854,2022,AGOSTO,NACIMIENTO,FEMENINO,CUSCO,CUSCO,411
855,2022,AGOSTO,NACIMIENTO,FEMENINO,CUSCO,ESPINAR,4
856,2022,AGOSTO,NACIMIENTO,FEMENINO,CUSCO,LA CONVENCION,22
857,2022,AGOSTO,NACIMIENTO,FEMENINO,CUSCO,PARURO,19
858,2022,AGOSTO,NACIMIENTO,FEMENINO,CUSCO,PAUCARTAMBO,11
859,2022,AGOSTO,NACIMIENTO,FEMENINO,CUSCO,QUISPICANCHI,15
860,2022,AGOSTO,NACIMIENTO,FEMENINO,CUSCO,URUBAMBA,46
861,2022,AGOSTO,NACIMIENTO,FEMENINO,DINAMARCA,COPENHAGUE,1
862,2022,AGOSTO,NACIMIENTO,FEMENINO,DINAMARCA,JUTLANDIA CENTRAL,1
863,2022,AGOSTO,NACIMIENTO,FEMENINO,ECUADOR,GUAYAQUIL,1
864,2022,AGOSTO,NACIMIENTO,FEMENINO,ESPAŃA,ALBACETE,1
865,2022,AGOSTO,NACIMIENTO,FEMENINO,ESPAŃA,ALICANTE,2
866,2022,AGOSTO,NACIMIENTO,FEMENINO,ESPAŃA,ALMERIA,1
867,2022,AGOSTO,NACIMIENTO,FEMENINO,ESPAŃA,ASTURIAS,2
868,2022,AGOSTO,NACIMIENTO,FEMENINO,ESPAŃA,BARCELONA,31
869,2022,AGOSTO,NACIMIENTO,FEMENINO,ESPAŃA,CADIZ,2
870,2022,AGOSTO,NACIMIENTO,FEMENINO,ESPAŃA,CORDOBA,1
871,2022,AGOSTO,NACIMIENTO,FEMENINO,ESPAŃA,GUADALAJARA,1
872,2022,AGOSTO,NACIMIENTO,FEMENINO,ESPAŃA,JAEN,1
873,2022,AGOSTO,NACIMIENTO,FEMENINO,ESPAŃA,LA CORUŃA,1
874,2022,AGOSTO,NACIMIENTO,FEMENINO,ESPAŃA,LA RIOJA,2
875,2022,AGOSTO,NACIMIENTO,FEMENINO,ESPAŃA,MADRID,62
876,2022,AGOSTO,NACIMIENTO,FEMENINO,ESPAŃA,MALLORCA,1
877,2022,AGOSTO,NACIMIENTO,FEMENINO,ESPAŃA,NAVARRA,3
878,2022,AGOSTO,NACIMIENTO,FEMENINO,ESPAŃA,PONTEVEDRA,1
879,2022,AGOSTO,NACIMIENTO,FEMENINO,ESPAŃA,SALAMANCA,2
880,2022,AGOSTO,NACIMIENTO,FEMENINO,ESPAŃA,SEVILLA,2
881,2022,AGOSTO,NACIMIENTO,FEMENINO,ESPAŃA,TARRAGONA,1
882,2022,AGOSTO,NACIMIENTO,FEMENINO,ESPAŃA,TOLEDO,1
883,2022,AGOSTO,NACIMIENTO,FEMENINO,ESPAŃA,VIGO,3
884,2022,AGOSTO,NACIMIENTO,FEMENINO,ESPAŃA,VIZCAYA,1
885,2022,AGOSTO,NACIMIENTO,FEMENINO,ESPAŃA,ZARAGOZA,5
886,2022,AGOSTO,NACIMIENTO,FEMENINO,ESTADOS UNIDOS DE AMERICA,ATLANTA,1
887,2022,AGOSTO,NACIMIENTO,FEMENINO,ESTADOS UNIDOS DE AMERICA,BOSTON,2
888,2022,AGOSTO,NACIMIENTO,FEMENINO,ESTADOS UNIDOS DE AMERICA,CAROLINA DEL NORTE,2
889,2022,AGOSTO,NACIMIENTO,FEMENINO,ESTADOS UNIDOS DE AMERICA,CAROLINA DEL SUR,2
890,2022,AGOSTO,NACIMIENTO,FEMENINO,ESTADOS UNIDOS DE AMERICA,COLORADO,1
891,2022,AGOSTO,NACIMIENTO,FEMENINO,ESTADOS UNIDOS DE AMERICA,CONNECTICUT,9
892,2022,AGOSTO,NACIMIENTO,FEMENINO,ESTADOS UNIDOS DE AMERICA,DALLAS,2
893,2022,AGOSTO,NACIMIENTO,FEMENINO,ESTADOS UNIDOS DE AMERICA,FLORIDA,8
894,2022,AGOSTO,NACIMIENTO,FEMENINO,ESTADOS UNIDOS DE AMERICA,FORT LAUDERDALE,2
895,2022,AGOSTO,NACIMIENTO,FEMENINO,ESTADOS UNIDOS DE AMERICA,GEORGIA,1
896,2022,AGOSTO,NACIMIENTO,FEMENINO,ESTADOS UNIDOS DE AMERICA,HOUSTON,3
897,2022,AGOSTO,NACIMIENTO,FEMENINO,ESTADOS UNIDOS DE AMERICA,ILLINOIS,2
898,2022,AGOSTO,NACIMIENTO,FEMENINO,ESTADOS UNIDOS DE AMERICA,JACKSONVILLE,1
899,2022,AGOSTO,NACIMIENTO,FEMENINO,ESTADOS UNIDOS DE AMERICA,LAS VEGAS,1
900,2022,AGOSTO,NACIMIENTO,FEMENINO,ESTADOS UNIDOS DE AMERICA,LOS ANGELES,12
901,2022,AGOSTO,NACIMIENTO,FEMENINO,ESTADOS UNIDOS DE AMERICA,LOUISIANA,1
902,2022,AGOSTO,NACIMIENTO,FEMENINO,ESTADOS UNIDOS DE AMERICA,MARYLAND,7
903,2022,AGOSTO,NACIMIENTO,FEMENINO,ESTADOS UNIDOS DE AMERICA,MASSACHUSETTS,1
904,2022,AGOSTO,NACIMIENTO,FEMENINO,ESTADOS UNIDOS DE AMERICA,MIAMI,14
905,2022,AGOSTO,NACIMIENTO,FEMENINO,ESTADOS UNIDOS DE AMERICA,MINNESOTA,1
906,2022,AGOSTO,NACIMIENTO,FEMENINO,ESTADOS UNIDOS DE AMERICA,NUEVA JERSEY,38
907,2022,AGOSTO,NACIMIENTO,FEMENINO,ESTADOS UNIDOS DE AMERICA,NUEVA YORK,24
908,2022,AGOSTO,NACIMIENTO,FEMENINO,ESTADOS UNIDOS DE AMERICA,OKLAHOMA,1
909,2022,AGOSTO,NACIMIENTO,FEMENINO,ESTADOS UNIDOS DE AMERICA,OREGON,1
910,2022,AGOSTO,NACIMIENTO,FEMENINO,ESTADOS UNIDOS DE AMERICA,PATERSON,1
911,2022,AGOSTO,NACIMIENTO,FEMENINO,ESTADOS UNIDOS DE AMERICA,PENNSYLVANIA,3
912,2022,AGOSTO,NACIMIENTO,FEMENINO,ESTADOS UNIDOS DE AMERICA,RHODE ISLAND,1
913,2022,AGOSTO,NACIMIENTO,FEMENINO,ESTADOS UNIDOS DE AMERICA,SAN DIEGO,1
914,2022,AGOSTO,NACIMIENTO,FEMENINO,ESTADOS UNIDOS DE AMERICA,SAN FRANCISCO,18
915,2022,AGOSTO,NACIMIENTO,FEMENINO,ESTADOS UNIDOS DE AMERICA,SEATLE,4
916,2022,AGOSTO,NACIMIENTO,FEMENINO,ESTADOS UNIDOS DE AMERICA,TEXAS,2
917,2022,AGOSTO,NACIMIENTO,FEMENINO,ESTADOS UNIDOS DE AMERICA,UTAH,3
918,2022,AGOSTO,NACIMIENTO,FEMENINO,ESTADOS UNIDOS DE AMERICA,VIRGINIA,15
919,2022,AGOSTO,NACIMIENTO,FEMENINO,ESTADOS UNIDOS DE AMERICA,WYOMING,1
920,2022,AGOSTO,NACIMIENTO,FEMENINO,FRANCIA,BRETAŃA,2
921,2022,AGOSTO,NACIMIENTO,FEMENINO,FRANCIA,BURDEOS,1
922,2022,AGOSTO,NACIMIENTO,FEMENINO,FRANCIA,CENTRO VALLE DEL LOIRA,1
923,2022,AGOSTO,NACIMIENTO,FEMENINO,FRANCIA,GUAYANA FRANCESA CAYENA,1
924,2022,AGOSTO,NACIMIENTO,FEMENINO,FRANCIA,ILE DE FRANCE,4
925,2022,AGOSTO,NACIMIENTO,FEMENINO,FRANCIA,PARIS,2
926,2022,AGOSTO,NACIMIENTO,FEMENINO,FRANCIA,RHONE - ALPES,2
927,2022,AGOSTO,NACIMIENTO,FEMENINO,GRAN BRETAŃA,EDIMBURGO,1
928,2022,AGOSTO,NACIMIENTO,FEMENINO,GRAN BRETAŃA,LONDRES,2
929,2022,AGOSTO,NACIMIENTO,FEMENINO,GRAN BRETAŃA,SURREY,1
930,2022,AGOSTO,NACIMIENTO,FEMENINO,GUATEMALA,GUATEMALA,1
931,2022,AGOSTO,NACIMIENTO,FEMENINO,HOLANDA,AMSTERDAM,2
932,2022,AGOSTO,NACIMIENTO,FEMENINO,HOLANDA,HOLANDA SEPTENTRIONAL,1
933,2022,AGOSTO,NACIMIENTO,FEMENINO,HOLANDA,LA HAYA,1
934,2022,AGOSTO,NACIMIENTO,FEMENINO,HUANCAVELICA,ACOBAMBA,3
935,2022,AGOSTO,NACIMIENTO,FEMENINO,HUANCAVELICA,ANGARAES,26
936,2022,AGOSTO,NACIMIENTO,FEMENINO,HUANCAVELICA,CASTROVIRREYNA,8
937,2022,AGOSTO,NACIMIENTO,FEMENINO,HUANCAVELICA,CHURCAMPA,27
938,2022,AGOSTO,NACIMIENTO,FEMENINO,HUANCAVELICA,HUANCAVELICA,28
939,2022,AGOSTO,NACIMIENTO,FEMENINO,HUANCAVELICA,HUAYTARA,6
940,2022,AGOSTO,NACIMIENTO,FEMENINO,HUANCAVELICA,TAYACAJA,43
941,2022,AGOSTO,NACIMIENTO,FEMENINO,HUANUCO,AMBO,10
942,2022,AGOSTO,NACIMIENTO,FEMENINO,HUANUCO,DOS DE MAYO,9
943,2022,AGOSTO,NACIMIENTO,FEMENINO,HUANUCO,HUACAYBAMBA,3
944,2022,AGOSTO,NACIMIENTO,FEMENINO,HUANUCO,HUAMALIES,17
945,2022,AGOSTO,NACIMIENTO,FEMENINO,HUANUCO,HUANUCO,30
946,2022,AGOSTO,NACIMIENTO,FEMENINO,HUANUCO,LAURICOCHA,8
947,2022,AGOSTO,NACIMIENTO,FEMENINO,HUANUCO,LEONCIO PRADO,59
948,2022,AGOSTO,NACIMIENTO,FEMENINO,HUANUCO,MARAŃON,3
949,2022,AGOSTO,NACIMIENTO,FEMENINO,HUANUCO,PACHITEA,12
950,2022,AGOSTO,NACIMIENTO,FEMENINO,HUANUCO,PUERTO INCA,11
951,2022,AGOSTO,NACIMIENTO,FEMENINO,HUANUCO,YAROWILCA,14
952,2022,AGOSTO,NACIMIENTO,FEMENINO,ICA,CHINCHA,162
953,2022,AGOSTO,NACIMIENTO,FEMENINO,ICA,ICA,268
954,2022,AGOSTO,NACIMIENTO,FEMENINO,ICA,NASCA,41
955,2022,AGOSTO,NACIMIENTO,FEMENINO,ICA,PALPA,8
956,2022,AGOSTO,NACIMIENTO,FEMENINO,ICA,PISCO,85
957,2022,AGOSTO,NACIMIENTO,FEMENINO,ITALIA,BOLONIA,2
958,2022,AGOSTO,NACIMIENTO,FEMENINO,ITALIA,BRESCIA,1
959,2022,AGOSTO,NACIMIENTO,FEMENINO,ITALIA,CUNEO,1
960,2022,AGOSTO,NACIMIENTO,FEMENINO,ITALIA,FLORENCIA,2
961,2022,AGOSTO,NACIMIENTO,FEMENINO,ITALIA,GENOVA,2
962,2022,AGOSTO,NACIMIENTO,FEMENINO,ITALIA,LACIO,8
963,2022,AGOSTO,NACIMIENTO,FEMENINO,ITALIA,LIVORNO,2
964,2022,AGOSTO,NACIMIENTO,FEMENINO,ITALIA,LOMBARDIA,8
965,2022,AGOSTO,NACIMIENTO,FEMENINO,ITALIA,MILAN,38
966,2022,AGOSTO,NACIMIENTO,FEMENINO,ITALIA,NAPOLES,1
967,2022,AGOSTO,NACIMIENTO,FEMENINO,ITALIA,ROMA,9
968,2022,AGOSTO,NACIMIENTO,FEMENINO,ITALIA,TRIESTE,1
969,2022,AGOSTO,NACIMIENTO,FEMENINO,ITALIA,TURIN,3
970,2022,AGOSTO,NACIMIENTO,FEMENINO,ITALIA,VARESE,1
971,2022,AGOSTO,NACIMIENTO,FEMENINO,JAPON,AICHI,1
972,2022,AGOSTO,NACIMIENTO,FEMENINO,JAPON,CHIBA,1
973,2022,AGOSTO,NACIMIENTO,FEMENINO,JAPON,GIFU,1
974,2022,AGOSTO,NACIMIENTO,FEMENINO,JAPON,GUNMA,1
975,2022,AGOSTO,NACIMIENTO,FEMENINO,JAPON,KANAGAWA,2
976,2022,AGOSTO,NACIMIENTO,FEMENINO,JAPON,NARA,2
977,2022,AGOSTO,NACIMIENTO,FEMENINO,JAPON,OKINAWA,1
978,2022,AGOSTO,NACIMIENTO,FEMENINO,JAPON,SAITAMA,1
979,2022,AGOSTO,NACIMIENTO,FEMENINO,JAPON,TOCHIGI,1
980,2022,AGOSTO,NACIMIENTO,FEMENINO,JAPON,YAMANASHI,1
981,2022,AGOSTO,NACIMIENTO,FEMENINO,JUNIN,CHANCHAMAYO,21
982,2022,AGOSTO,NACIMIENTO,FEMENINO,JUNIN,CHUPACA,49
983,2022,AGOSTO,NACIMIENTO,FEMENINO,JUNIN,CONCEPCION,22
984,2022,AGOSTO,NACIMIENTO,FEMENINO,JUNIN,HUANCAYO,254
985,2022,AGOSTO,NACIMIENTO,FEMENINO,JUNIN,JAUJA,21
986,2022,AGOSTO,NACIMIENTO,FEMENINO,JUNIN,JUNIN,2
987,2022,AGOSTO,NACIMIENTO,FEMENINO,JUNIN,SATIPO,20
988,2022,AGOSTO,NACIMIENTO,FEMENINO,JUNIN,TARMA,8
989,2022,AGOSTO,NACIMIENTO,FEMENINO,JUNIN,YAULI,8
990,2022,AGOSTO,NACIMIENTO,FEMENINO,LA LIBERTAD,ASCOPE,60
991,2022,AGOSTO,NACIMIENTO,FEMENINO,LA LIBERTAD,CHEPEN,20
992,2022,AGOSTO,NACIMIENTO,FEMENINO,LA LIBERTAD,GRAN CHIMU,6
993,2022,AGOSTO,NACIMIENTO,FEMENINO,LA LIBERTAD,JULCAN,4
994,2022,AGOSTO,NACIMIENTO,FEMENINO,LA LIBERTAD,OTUZCO,29
995,2022,AGOSTO,NACIMIENTO,FEMENINO,LA LIBERTAD,PACASMAYO,33
996,2022,AGOSTO,NACIMIENTO,FEMENINO,LA LIBERTAD,PATAZ,15
997,2022,AGOSTO,NACIMIENTO,FEMENINO,LA LIBERTAD,SANCHEZ CARRION,23
998,2022,AGOSTO,NACIMIENTO,FEMENINO,LA LIBERTAD,SANTIAGO DE CHUCO,4
999,2022,AGOSTO,NACIMIENTO,FEMENINO,LA LIBERTAD,TRUJILLO,1237
1000,2022,AGOSTO,NACIMIENTO,FEMENINO,LA LIBERTAD,VIRU,39
1001,2022,AGOSTO,NACIMIENTO,FEMENINO,LAMBAYEQUE,CHICLAYO,483
1002,2022,AGOSTO,NACIMIENTO,FEMENINO,LAMBAYEQUE,FERREŃAFE,15
1003,2022,AGOSTO,NACIMIENTO,FEMENINO,LAMBAYEQUE,LAMBAYEQUE,63
1004,2022,AGOSTO,NACIMIENTO,FEMENINO,LIMA,BARRANCA,67
1005,2022,AGOSTO,NACIMIENTO,FEMENINO,LIMA,CAJATAMBO,2
1006,2022,AGOSTO,NACIMIENTO,FEMENINO,LIMA,CANTA,20
1007,2022,AGOSTO,NACIMIENTO,FEMENINO,LIMA,CAŃETE,70
1008,2022,AGOSTO,NACIMIENTO,FEMENINO,LIMA,HUARAL,70
1009,2022,AGOSTO,NACIMIENTO,FEMENINO,LIMA,HUAROCHIRI,117
1010,2022,AGOSTO,NACIMIENTO,FEMENINO,LIMA,HUAURA,69
1011,2022,AGOSTO,NACIMIENTO,FEMENINO,LIMA,LIMA,18070
1012,2022,AGOSTO,NACIMIENTO,FEMENINO,LIMA,OYON,8
1013,2022,AGOSTO,NACIMIENTO,FEMENINO,LIMA,YAUYOS,12
1014,2022,AGOSTO,NACIMIENTO,FEMENINO,LORETO,ALTO AMAZONAS,23
1015,2022,AGOSTO,NACIMIENTO,FEMENINO,LORETO,DATEM DEL MARAŃON,2
1016,2022,AGOSTO,NACIMIENTO,FEMENINO,LORETO,LORETO,9
1017,2022,AGOSTO,NACIMIENTO,FEMENINO,LORETO,MARISCAL RAMON CASTILLA,7
1018,2022,AGOSTO,NACIMIENTO,FEMENINO,LORETO,MAYNAS,293
1019,2022,AGOSTO,NACIMIENTO,FEMENINO,LORETO,REQUENA,5
1020,2022,AGOSTO,NACIMIENTO,FEMENINO,LORETO,UCAYALI,7
1021,2022,AGOSTO,NACIMIENTO,FEMENINO,MADRE DE DIOS,MANU,10
1022,2022,AGOSTO,NACIMIENTO,FEMENINO,MADRE DE DIOS,TAHUAMANU,4
1023,2022,AGOSTO,NACIMIENTO,FEMENINO,MADRE DE DIOS,TAMBOPATA,74
1024,2022,AGOSTO,NACIMIENTO,FEMENINO,MEXICO,CIUDAD DE MEXICO,1
1025,2022,AGOSTO,NACIMIENTO,FEMENINO,MEXICO,JALISCO,1
1026,2022,AGOSTO,NACIMIENTO,FEMENINO,MEXICO,TABASCO,1
1027,2022,AGOSTO,NACIMIENTO,FEMENINO,MOQUEGUA,GENERAL SANCHEZ CERRO,4
1028,2022,AGOSTO,NACIMIENTO,FEMENINO,MOQUEGUA,ILO,13
1029,2022,AGOSTO,NACIMIENTO,FEMENINO,MOQUEGUA,MARISCAL NIETO,12
1030,2022,AGOSTO,NACIMIENTO,FEMENINO,NORUEGA,BERGEN,1
1031,2022,AGOSTO,NACIMIENTO,FEMENINO,NUEVA ZELANDA,AUCKLAND,3
1032,2022,AGOSTO,NACIMIENTO,FEMENINO,NUEVA ZELANDA,WELLINGTON,1
1033,2022,AGOSTO,NACIMIENTO,FEMENINO,PASCO,DANIEL ALCIDES CARRION,5
1034,2022,AGOSTO,NACIMIENTO,FEMENINO,PASCO,OXAPAMPA,15
1035,2022,AGOSTO,NACIMIENTO,FEMENINO,PASCO,PASCO,26
1036,2022,AGOSTO,NACIMIENTO,FEMENINO,PIURA,AYABACA,17
1037,2022,AGOSTO,NACIMIENTO,FEMENINO,PIURA,HUANCABAMBA,9
1038,2022,AGOSTO,NACIMIENTO,FEMENINO,PIURA,MORROPON,55
1039,2022,AGOSTO,NACIMIENTO,FEMENINO,PIURA,PAITA,58
1040,2022,AGOSTO,NACIMIENTO,FEMENINO,PIURA,PIURA,413
1041,2022,AGOSTO,NACIMIENTO,FEMENINO,PIURA,SECHURA,10
1042,2022,AGOSTO,NACIMIENTO,FEMENINO,PIURA,SULLANA,129
1043,2022,AGOSTO,NACIMIENTO,FEMENINO,PIURA,TALARA,38
1044,2022,AGOSTO,NACIMIENTO,FEMENINO,PUNO,AZANGARO,8
1045,2022,AGOSTO,NACIMIENTO,FEMENINO,PUNO,CARABAYA,5
1046,2022,AGOSTO,NACIMIENTO,FEMENINO,PUNO,CHUCUITO,10
1047,2022,AGOSTO,NACIMIENTO,FEMENINO,PUNO,EL COLLAO,15
1048,2022,AGOSTO,NACIMIENTO,FEMENINO,PUNO,HUANCANE,6
1049,2022,AGOSTO,NACIMIENTO,FEMENINO,PUNO,LAMPA,5
1050,2022,AGOSTO,NACIMIENTO,FEMENINO,PUNO,MELGAR,4
1051,2022,AGOSTO,NACIMIENTO,FEMENINO,PUNO,MOHO,1
1052,2022,AGOSTO,NACIMIENTO,FEMENINO,PUNO,PUNO,40
1053,2022,AGOSTO,NACIMIENTO,FEMENINO,PUNO,SAN ANTONIO DE PUTINA,3
1054,2022,AGOSTO,NACIMIENTO,FEMENINO,PUNO,SAN ROMAN,64
1055,2022,AGOSTO,NACIMIENTO,FEMENINO,PUNO,SANDIA,2
1056,2022,AGOSTO,NACIMIENTO,FEMENINO,PUNO,YUNGUYO,4
1057,2022,AGOSTO,NACIMIENTO,FEMENINO,REINO UNIDO DE GRAN BRETAŃA E IRLANDA DEL NORTE,INGLATERRA,1
1058,2022,AGOSTO,NACIMIENTO,FEMENINO,REPUBLICA DE COREA,SEUL,1
1059,2022,AGOSTO,NACIMIENTO,FEMENINO,REPUBLICA DE PANAMA,PANAMA,3
1060,2022,AGOSTO,NACIMIENTO,FEMENINO,REPUBLICA DOMINICANA,SANTO DOMINGO,1
1061,2022,AGOSTO,NACIMIENTO,FEMENINO,SAN MARTIN,BELLAVISTA,6
1062,2022,AGOSTO,NACIMIENTO,FEMENINO,SAN MARTIN,EL DORADO,6
1063,2022,AGOSTO,NACIMIENTO,FEMENINO,SAN MARTIN,HUALLAGA,2
1064,2022,AGOSTO,NACIMIENTO,FEMENINO,SAN MARTIN,LAMAS,14
1065,2022,AGOSTO,NACIMIENTO,FEMENINO,SAN MARTIN,MARISCAL CACERES,12
1066,2022,AGOSTO,NACIMIENTO,FEMENINO,SAN MARTIN,MOYOBAMBA,31
1067,2022,AGOSTO,NACIMIENTO,FEMENINO,SAN MARTIN,PICOTA,10
1068,2022,AGOSTO,NACIMIENTO,FEMENINO,SAN MARTIN,RIOJA,17
1069,2022,AGOSTO,NACIMIENTO,FEMENINO,SAN MARTIN,SAN MARTIN,39
1070,2022,AGOSTO,NACIMIENTO,FEMENINO,SAN MARTIN,TOCACHE,9
1071,2022,AGOSTO,NACIMIENTO,FEMENINO,SUECIA,ESTOCOLMO,2
1072,2022,AGOSTO,NACIMIENTO,FEMENINO,SUIZA,GINEBRA,1
1073,2022,AGOSTO,NACIMIENTO,FEMENINO,SUIZA,VALAIS,1
1074,2022,AGOSTO,NACIMIENTO,FEMENINO,TACNA,JORGE BASADRE,5
1075,2022,AGOSTO,NACIMIENTO,FEMENINO,TACNA,TACNA,137
1076,2022,AGOSTO,NACIMIENTO,FEMENINO,TACNA,TARATA,1
1077,2022,AGOSTO,NACIMIENTO,FEMENINO,TUMBES,CONTRALMIRANTE VILLAR,15
1078,2022,AGOSTO,NACIMIENTO,FEMENINO,TUMBES,TUMBES,169
1079,2022,AGOSTO,NACIMIENTO,FEMENINO,TUMBES,ZARUMILLA,15
1080,2022,AGOSTO,NACIMIENTO,FEMENINO,UCAYALI,ATALAYA,7
1081,2022,AGOSTO,NACIMIENTO,FEMENINO,UCAYALI,CORONEL PORTILLO,168
1082,2022,AGOSTO,NACIMIENTO,FEMENINO,UCAYALI,PADRE ABAD,9
1083,2022,AGOSTO,NACIMIENTO,FEMENINO,VENEZUELA,CARACAS,1
1084,2022,AGOSTO,NACIMIENTO,FEMENINO,VENEZUELA,MIRANDA,1
1085,2022,AGOSTO,NACIMIENTO,FEMENINO,VENEZUELA,TACHIRA,1
1086,2022,AGOSTO,NACIMIENTO,MASCULINO,ALEMANIA,BAVIERA,1
1087,2022,AGOSTO,NACIMIENTO,MASCULINO,ALEMANIA,BERLIN,1
1088,2022,AGOSTO,NACIMIENTO,MASCULINO,ALEMANIA,BREMEN,1
1089,2022,AGOSTO,NACIMIENTO,MASCULINO,ALEMANIA,HAMBURGO,1
1090,2022,AGOSTO,NACIMIENTO,MASCULINO,ALEMANIA,HANNOVER,1
1091,2022,AGOSTO,NACIMIENTO,MASCULINO,ALEMANIA,MANNHEIM,1
1092,2022,AGOSTO,NACIMIENTO,MASCULINO,AMAZONAS,BAGUA,7
1093,2022,AGOSTO,NACIMIENTO,MASCULINO,AMAZONAS,CHACHAPOYAS,3
1094,2022,AGOSTO,NACIMIENTO,MASCULINO,AMAZONAS,CONDORCANQUI,1
1095,2022,AGOSTO,NACIMIENTO,MASCULINO,AMAZONAS,LUYA,1
1096,2022,AGOSTO,NACIMIENTO,MASCULINO,AMAZONAS,RODRIGUEZ DE MENDOZA,3
1097,2022,AGOSTO,NACIMIENTO,MASCULINO,AMAZONAS,UTCUBAMBA,4
1098,2022,AGOSTO,NACIMIENTO,MASCULINO,ANCASH,ANTONIO RAIMONDI,2
1099,2022,AGOSTO,NACIMIENTO,MASCULINO,ANCASH,ASUNCION,1
1100,2022,AGOSTO,NACIMIENTO,MASCULINO,ANCASH,BOLOGNESI,3
1101,2022,AGOSTO,NACIMIENTO,MASCULINO,ANCASH,CARHUAZ,6
1102,2022,AGOSTO,NACIMIENTO,MASCULINO,ANCASH,CASMA,3
1103,2022,AGOSTO,NACIMIENTO,MASCULINO,ANCASH,CORONGO,1
1104,2022,AGOSTO,NACIMIENTO,MASCULINO,ANCASH,HUARAZ,13
1105,2022,AGOSTO,NACIMIENTO,MASCULINO,ANCASH,HUARI,12
1106,2022,AGOSTO,NACIMIENTO,MASCULINO,ANCASH,HUARMEY,1
1107,2022,AGOSTO,NACIMIENTO,MASCULINO,ANCASH,HUAYLAS,16
1108,2022,AGOSTO,NACIMIENTO,MASCULINO,ANCASH,MARISCAL LUZURIAGA,1
1109,2022,AGOSTO,NACIMIENTO,MASCULINO,ANCASH,OCROS,1
1110,2022,AGOSTO,NACIMIENTO,MASCULINO,ANCASH,RECUAY,1
1111,2022,AGOSTO,NACIMIENTO,MASCULINO,ANCASH,SANTA,105
1112,2022,AGOSTO,NACIMIENTO,MASCULINO,ANCASH,YUNGAY,3
1113,2022,AGOSTO,NACIMIENTO,MASCULINO,ANTILLAS HOLANDESAS,ARUBA,1
1114,2022,AGOSTO,NACIMIENTO,MASCULINO,APURIMAC,ABANCAY,11
1115,2022,AGOSTO,NACIMIENTO,MASCULINO,APURIMAC,ANDAHUAYLAS,12
1116,2022,AGOSTO,NACIMIENTO,MASCULINO,APURIMAC,AYMARAES,6
1117,2022,AGOSTO,NACIMIENTO,MASCULINO,APURIMAC,CHINCHEROS,1
1118,2022,AGOSTO,NACIMIENTO,MASCULINO,APURIMAC,COTABAMBAS,1
1119,2022,AGOSTO,NACIMIENTO,MASCULINO,APURIMAC,GRAU,3
1120,2022,AGOSTO,NACIMIENTO,MASCULINO,AREQUIPA,AREQUIPA,267
1121,2022,AGOSTO,NACIMIENTO,MASCULINO,AREQUIPA,CAMANA,6
1122,2022,AGOSTO,NACIMIENTO,MASCULINO,AREQUIPA,CARAVELI,4
1123,2022,AGOSTO,NACIMIENTO,MASCULINO,AREQUIPA,CASTILLA,4
1124,2022,AGOSTO,NACIMIENTO,MASCULINO,AREQUIPA,CAYLLOMA,14
1125,2022,AGOSTO,NACIMIENTO,MASCULINO,AREQUIPA,CONDESUYOS,3
1126,2022,AGOSTO,NACIMIENTO,MASCULINO,AREQUIPA,ISLAY,9
1127,2022,AGOSTO,NACIMIENTO,MASCULINO,AREQUIPA,LA UNION,4
1128,2022,AGOSTO,NACIMIENTO,MASCULINO,ARGENTINA,BUENOS AIRES,21
1129,2022,AGOSTO,NACIMIENTO,MASCULINO,ARGENTINA,CATAMARCA,1
1130,2022,AGOSTO,NACIMIENTO,MASCULINO,ARGENTINA,CORDOBA,1
1131,2022,AGOSTO,NACIMIENTO,MASCULINO,ARGENTINA,LA PLATA,2
1132,2022,AGOSTO,NACIMIENTO,MASCULINO,AUSTRALIA,NUEVA GALES DEL SUR,1
1133,2022,AGOSTO,NACIMIENTO,MASCULINO,AUSTRALIA,PERTH,3
1134,2022,AGOSTO,NACIMIENTO,MASCULINO,AUSTRALIA,SOUTH AUSTRALIA,1
1135,2022,AGOSTO,NACIMIENTO,MASCULINO,AUSTRIA,VIENA,1
1136,2022,AGOSTO,NACIMIENTO,MASCULINO,AYACUCHO,CANGALLO,24
1137,2022,AGOSTO,NACIMIENTO,MASCULINO,AYACUCHO,HUAMANGA,39
1138,2022,AGOSTO,NACIMIENTO,MASCULINO,AYACUCHO,HUANTA,4
1139,2022,AGOSTO,NACIMIENTO,MASCULINO,AYACUCHO,LA MAR,5
1140,2022,AGOSTO,NACIMIENTO,MASCULINO,AYACUCHO,LUCANAS,6
1141,2022,AGOSTO,NACIMIENTO,MASCULINO,AYACUCHO,PARINACOCHAS,9
1142,2022,AGOSTO,NACIMIENTO,MASCULINO,AYACUCHO,PAUCAR DEL SARA SARA,2
1143,2022,AGOSTO,NACIMIENTO,MASCULINO,AYACUCHO,SUCRE,1
1144,2022,AGOSTO,NACIMIENTO,MASCULINO,AYACUCHO,VICTOR FAJARDO,4
1145,2022,AGOSTO,NACIMIENTO,MASCULINO,AYACUCHO,VILCAS HUAMAN,1
1146,2022,AGOSTO,NACIMIENTO,MASCULINO,BELGICA,AMBERES,1
1147,2022,AGOSTO,NACIMIENTO,MASCULINO,BELGICA,LIMBURGO,1
1148,2022,AGOSTO,NACIMIENTO,MASCULINO,BOLIVIA,LA PAZ,1
1149,2022,AGOSTO,NACIMIENTO,MASCULINO,BRASIL,PARANA,1
1150,2022,AGOSTO,NACIMIENTO,MASCULINO,BRASIL,RIO DE JANEIRO,2
1151,2022,AGOSTO,NACIMIENTO,MASCULINO,BRASIL,SAO PAULO,6
1152,2022,AGOSTO,NACIMIENTO,MASCULINO,BRASIL,SERGIPE,1
1153,2022,AGOSTO,NACIMIENTO,MASCULINO,CAJAMARCA,CAJABAMBA,2
1154,2022,AGOSTO,NACIMIENTO,MASCULINO,CAJAMARCA,CAJAMARCA,269
1155,2022,AGOSTO,NACIMIENTO,MASCULINO,CAJAMARCA,CELENDIN,2
1156,2022,AGOSTO,NACIMIENTO,MASCULINO,CAJAMARCA,CHOTA,7
1157,2022,AGOSTO,NACIMIENTO,MASCULINO,CAJAMARCA,CONTUMAZA,4
1158,2022,AGOSTO,NACIMIENTO,MASCULINO,CAJAMARCA,CUTERVO,4
1159,2022,AGOSTO,NACIMIENTO,MASCULINO,CAJAMARCA,HUALGAYOC,5
1160,2022,AGOSTO,NACIMIENTO,MASCULINO,CAJAMARCA,JAEN,29
1161,2022,AGOSTO,NACIMIENTO,MASCULINO,CAJAMARCA,SAN IGNACIO,16
1162,2022,AGOSTO,NACIMIENTO,MASCULINO,CAJAMARCA,SAN MARCOS,1
1163,2022,AGOSTO,NACIMIENTO,MASCULINO,CAJAMARCA,SAN MIGUEL,7
1164,2022,AGOSTO,NACIMIENTO,MASCULINO,CAJAMARCA,SAN PABLO,2
1165,2022,AGOSTO,NACIMIENTO,MASCULINO,CAJAMARCA,SANTA CRUZ,1
1166,2022,AGOSTO,NACIMIENTO,MASCULINO,CALLAO,CALLAO,1165
1167,2022,AGOSTO,NACIMIENTO,MASCULINO,CANADA,COLUMBIA BRITANICA,1
1168,2022,AGOSTO,NACIMIENTO,MASCULINO,CANADA,MONTREAL,4
1169,2022,AGOSTO,NACIMIENTO,MASCULINO,CANADA,ONTARIO,4
1170,2022,AGOSTO,NACIMIENTO,MASCULINO,CANADA,OTTAWA,1
1171,2022,AGOSTO,NACIMIENTO,MASCULINO,CANADA,TORONTO,4
1172,2022,AGOSTO,NACIMIENTO,MASCULINO,CANADA,VANCOUVER,2
1173,2022,AGOSTO,NACIMIENTO,MASCULINO,CHILE,ANTOFAGASTA,2
1174,2022,AGOSTO,NACIMIENTO,MASCULINO,CHILE,IQUIQUE,1
1175,2022,AGOSTO,NACIMIENTO,MASCULINO,CHILE,SANTIAGO,16
1176,2022,AGOSTO,NACIMIENTO,MASCULINO,CHILE,VALPARAISO,1
1177,2022,AGOSTO,NACIMIENTO,MASCULINO,COLOMBIA,BARRANQUILLA,1
1178,2022,AGOSTO,NACIMIENTO,MASCULINO,COLOMBIA,BOGOTA,3
1179,2022,AGOSTO,NACIMIENTO,MASCULINO,COLOMBIA,RISARALDA,1
1180,2022,AGOSTO,NACIMIENTO,MASCULINO,COSTA RICA,ALAJUELA,2
1181,2022,AGOSTO,NACIMIENTO,MASCULINO,COSTA RICA,CARTAGO,1
1182,2022,AGOSTO,NACIMIENTO,MASCULINO,COSTA RICA,SAN JOSE,2
1183,2022,AGOSTO,NACIMIENTO,MASCULINO,CUSCO,ACOMAYO,3
1184,2022,AGOSTO,NACIMIENTO,MASCULINO,CUSCO,ANTA,15
1185,2022,AGOSTO,NACIMIENTO,MASCULINO,CUSCO,CALCA,3
1186,2022,AGOSTO,NACIMIENTO,MASCULINO,CUSCO,CANAS,7
1187,2022,AGOSTO,NACIMIENTO,MASCULINO,CUSCO,CANCHIS,13
1188,2022,AGOSTO,NACIMIENTO,MASCULINO,CUSCO,CHUMBIVILCAS,6
1189,2022,AGOSTO,NACIMIENTO,MASCULINO,CUSCO,CUSCO,238
1190,2022,AGOSTO,NACIMIENTO,MASCULINO,CUSCO,ESPINAR,3
1191,2022,AGOSTO,NACIMIENTO,MASCULINO,CUSCO,LA CONVENCION,10
1192,2022,AGOSTO,NACIMIENTO,MASCULINO,CUSCO,PARURO,8
1193,2022,AGOSTO,NACIMIENTO,MASCULINO,CUSCO,QUISPICANCHI,12
1194,2022,AGOSTO,NACIMIENTO,MASCULINO,CUSCO,URUBAMBA,21
1195,2022,AGOSTO,NACIMIENTO,MASCULINO,ECUADOR,QUITO,2
1196,2022,AGOSTO,NACIMIENTO,MASCULINO,EMIRATOS ARABES UNIDOS,DUBAI,1
1197,2022,AGOSTO,NACIMIENTO,MASCULINO,ESPAŃA,ALMERIA,1
1198,2022,AGOSTO,NACIMIENTO,MASCULINO,ESPAŃA,BARCELONA,24
1199,2022,AGOSTO,NACIMIENTO,MASCULINO,ESPAŃA,BURGOS,1
1200,2022,AGOSTO,NACIMIENTO,MASCULINO,ESPAŃA,CANTABRIA,1
1201,2022,AGOSTO,NACIMIENTO,MASCULINO,ESPAŃA,GUADALAJARA,1
1202,2022,AGOSTO,NACIMIENTO,MASCULINO,ESPAŃA,GUIPUZCOA,1
1203,2022,AGOSTO,NACIMIENTO,MASCULINO,ESPAŃA,LA RIOJA,1
1204,2022,AGOSTO,NACIMIENTO,MASCULINO,ESPAŃA,LAS PALMAS,1
1205,2022,AGOSTO,NACIMIENTO,MASCULINO,ESPAŃA,MADRID,33
1206,2022,AGOSTO,NACIMIENTO,MASCULINO,ESPAŃA,NAVARRA,1
1207,2022,AGOSTO,NACIMIENTO,MASCULINO,ESPAŃA,SANTANDER,4
1208,2022,AGOSTO,NACIMIENTO,MASCULINO,ESPAŃA,SEVILLA,1
1209,2022,AGOSTO,NACIMIENTO,MASCULINO,ESPAŃA,VALLADOLID,1
1210,2022,AGOSTO,NACIMIENTO,MASCULINO,ESTADOS UNIDOS DE AMERICA,ARIZONA,3
1211,2022,AGOSTO,NACIMIENTO,MASCULINO,ESTADOS UNIDOS DE AMERICA,CALIFORNIA,2
1212,2022,AGOSTO,NACIMIENTO,MASCULINO,ESTADOS UNIDOS DE AMERICA,CAROLINA DEL NORTE,2
1213,2022,AGOSTO,NACIMIENTO,MASCULINO,ESTADOS UNIDOS DE AMERICA,CAROLINA DEL SUR,1
1214,2022,AGOSTO,NACIMIENTO,MASCULINO,ESTADOS UNIDOS DE AMERICA,COLORADO,2
1215,2022,AGOSTO,NACIMIENTO,MASCULINO,ESTADOS UNIDOS DE AMERICA,CONNECTICUT,5
1216,2022,AGOSTO,NACIMIENTO,MASCULINO,ESTADOS UNIDOS DE AMERICA,DENVER,1
1217,2022,AGOSTO,NACIMIENTO,MASCULINO,ESTADOS UNIDOS DE AMERICA,FLORIDA,3
1218,2022,AGOSTO,NACIMIENTO,MASCULINO,ESTADOS UNIDOS DE AMERICA,FORT LAUDERDALE,2
1219,2022,AGOSTO,NACIMIENTO,MASCULINO,ESTADOS UNIDOS DE AMERICA,GEORGIA,2
1220,2022,AGOSTO,NACIMIENTO,MASCULINO,ESTADOS UNIDOS DE AMERICA,HOUSTON,1
1221,2022,AGOSTO,NACIMIENTO,MASCULINO,ESTADOS UNIDOS DE AMERICA,ILLINOIS,1
1222,2022,AGOSTO,NACIMIENTO,MASCULINO,ESTADOS UNIDOS DE AMERICA,KENTUCKY,1
1223,2022,AGOSTO,NACIMIENTO,MASCULINO,ESTADOS UNIDOS DE AMERICA,LOS ANGELES,19
1224,2022,AGOSTO,NACIMIENTO,MASCULINO,ESTADOS UNIDOS DE AMERICA,MARYLAND,4
1225,2022,AGOSTO,NACIMIENTO,MASCULINO,ESTADOS UNIDOS DE AMERICA,MASSACHUSETTS,1
1226,2022,AGOSTO,NACIMIENTO,MASCULINO,ESTADOS UNIDOS DE AMERICA,MIAMI,16
1227,2022,AGOSTO,NACIMIENTO,MASCULINO,ESTADOS UNIDOS DE AMERICA,MICHIGAN,2
1228,2022,AGOSTO,NACIMIENTO,MASCULINO,ESTADOS UNIDOS DE AMERICA,MINNESOTA,4
1229,2022,AGOSTO,NACIMIENTO,MASCULINO,ESTADOS UNIDOS DE AMERICA,NUEVA JERSEY,20
1230,2022,AGOSTO,NACIMIENTO,MASCULINO,ESTADOS UNIDOS DE AMERICA,NUEVA YORK,27
1231,2022,AGOSTO,NACIMIENTO,MASCULINO,ESTADOS UNIDOS DE AMERICA,OKLAHOMA,1
1232,2022,AGOSTO,NACIMIENTO,MASCULINO,ESTADOS UNIDOS DE AMERICA,ORLANDO,2
1233,2022,AGOSTO,NACIMIENTO,MASCULINO,ESTADOS UNIDOS DE AMERICA,PATERSON,3
1234,2022,AGOSTO,NACIMIENTO,MASCULINO,ESTADOS UNIDOS DE AMERICA,PENNSYLVANIA,4
1235,2022,AGOSTO,NACIMIENTO,MASCULINO,ESTADOS UNIDOS DE AMERICA,SAN DIEGO,1
1236,2022,AGOSTO,NACIMIENTO,MASCULINO,ESTADOS UNIDOS DE AMERICA,SAN FRANCISCO,6
1237,2022,AGOSTO,NACIMIENTO,MASCULINO,ESTADOS UNIDOS DE AMERICA,SEATLE,1
1238,2022,AGOSTO,NACIMIENTO,MASCULINO,ESTADOS UNIDOS DE AMERICA,TAMPA,2
1239,2022,AGOSTO,NACIMIENTO,MASCULINO,ESTADOS UNIDOS DE AMERICA,TENNESSEE,1
1240,2022,AGOSTO,NACIMIENTO,MASCULINO,ESTADOS UNIDOS DE AMERICA,VIRGINIA,11
1241,2022,AGOSTO,NACIMIENTO,MASCULINO,ESTADOS UNIDOS DE AMERICA,WASHINGTON D. C.,2
1242,2022,AGOSTO,NACIMIENTO,MASCULINO,ESTADOS UNIDOS DE AMERICA,WISCONSIN,1
1243,2022,AGOSTO,NACIMIENTO,MASCULINO,FRANCIA,ILE DE FRANCE,3
1244,2022,AGOSTO,NACIMIENTO,MASCULINO,FRANCIA,ISLA DE FRANCIA,1
1245,2022,AGOSTO,NACIMIENTO,MASCULINO,FRANCIA,PAIS DEL LOIRA,1
1246,2022,AGOSTO,NACIMIENTO,MASCULINO,FRANCIA,PARIS,4
1247,2022,AGOSTO,NACIMIENTO,MASCULINO,GRAN BRETAŃA,EDIMBURGO,1
1248,2022,AGOSTO,NACIMIENTO,MASCULINO,GRAN BRETAŃA,HAMPSHIRE,1
1249,2022,AGOSTO,NACIMIENTO,MASCULINO,GRAN BRETAŃA,LONDRES,1
1250,2022,AGOSTO,NACIMIENTO,MASCULINO,GUAYANA FRANCESA,CAYENA,1
1251,2022,AGOSTO,NACIMIENTO,MASCULINO,HUANCAVELICA,ACOBAMBA,6
1252,2022,AGOSTO,NACIMIENTO,MASCULINO,HUANCAVELICA,ANGARAES,21
1253,2022,AGOSTO,NACIMIENTO,MASCULINO,HUANCAVELICA,CASTROVIRREYNA,2
1254,2022,AGOSTO,NACIMIENTO,MASCULINO,HUANCAVELICA,CHURCAMPA,9
1255,2022,AGOSTO,NACIMIENTO,MASCULINO,HUANCAVELICA,HUANCAVELICA,28
1256,2022,AGOSTO,NACIMIENTO,MASCULINO,HUANCAVELICA,HUAYTARA,3
1257,2022,AGOSTO,NACIMIENTO,MASCULINO,HUANCAVELICA,TAYACAJA,22
1258,2022,AGOSTO,NACIMIENTO,MASCULINO,HUANUCO,AMBO,7
1259,2022,AGOSTO,NACIMIENTO,MASCULINO,HUANUCO,DOS DE MAYO,1
1260,2022,AGOSTO,NACIMIENTO,MASCULINO,HUANUCO,HUAMALIES,8
1261,2022,AGOSTO,NACIMIENTO,MASCULINO,HUANUCO,HUANUCO,28
1262,2022,AGOSTO,NACIMIENTO,MASCULINO,HUANUCO,LAURICOCHA,2
1263,2022,AGOSTO,NACIMIENTO,MASCULINO,HUANUCO,LEONCIO PRADO,21
1264,2022,AGOSTO,NACIMIENTO,MASCULINO,HUANUCO,MARAŃON,2
1265,2022,AGOSTO,NACIMIENTO,MASCULINO,HUANUCO,PACHITEA,3
1266,2022,AGOSTO,NACIMIENTO,MASCULINO,HUANUCO,PUERTO INCA,4
1267,2022,AGOSTO,NACIMIENTO,MASCULINO,HUANUCO,YAROWILCA,3
1268,2022,AGOSTO,NACIMIENTO,MASCULINO,ICA,CHINCHA,80
1269,2022,AGOSTO,NACIMIENTO,MASCULINO,ICA,ICA,154
1270,2022,AGOSTO,NACIMIENTO,MASCULINO,ICA,NASCA,13
1271,2022,AGOSTO,NACIMIENTO,MASCULINO,ICA,PALPA,2
1272,2022,AGOSTO,NACIMIENTO,MASCULINO,ICA,PISCO,30
1273,2022,AGOSTO,NACIMIENTO,MASCULINO,ITALIA,BOLONIA,1
1274,2022,AGOSTO,NACIMIENTO,MASCULINO,ITALIA,EMILIA ROMAGNA,1
1275,2022,AGOSTO,NACIMIENTO,MASCULINO,ITALIA,FLORENCIA,4
1276,2022,AGOSTO,NACIMIENTO,MASCULINO,ITALIA,GENOVA,1
1277,2022,AGOSTO,NACIMIENTO,MASCULINO,ITALIA,LACIO,1
1278,2022,AGOSTO,NACIMIENTO,MASCULINO,ITALIA,LOMBARDIA,4
1279,2022,AGOSTO,NACIMIENTO,MASCULINO,ITALIA,MILAN,13
1280,2022,AGOSTO,NACIMIENTO,MASCULINO,ITALIA,ROMA,2
1281,2022,AGOSTO,NACIMIENTO,MASCULINO,ITALIA,TURIN,4
1282,2022,AGOSTO,NACIMIENTO,MASCULINO,ITALIA,VENETO,1
1283,2022,AGOSTO,NACIMIENTO,MASCULINO,JAPON,AICHI,1
1284,2022,AGOSTO,NACIMIENTO,MASCULINO,JAPON,GUNMA,1
1285,2022,AGOSTO,NACIMIENTO,MASCULINO,JAPON,KANAGAWA,6
1286,2022,AGOSTO,NACIMIENTO,MASCULINO,JAPON,NARA,1
1287,2022,AGOSTO,NACIMIENTO,MASCULINO,JAPON,SHIGA,2
1288,2022,AGOSTO,NACIMIENTO,MASCULINO,JAPON,SHIZUOKA,1
1289,2022,AGOSTO,NACIMIENTO,MASCULINO,JUNIN,CHANCHAMAYO,7
1290,2022,AGOSTO,NACIMIENTO,MASCULINO,JUNIN,CHUPACA,9
1291,2022,AGOSTO,NACIMIENTO,MASCULINO,JUNIN,CONCEPCION,4
1292,2022,AGOSTO,NACIMIENTO,MASCULINO,JUNIN,HUANCAYO,235
1293,2022,AGOSTO,NACIMIENTO,MASCULINO,JUNIN,JAUJA,9
1294,2022,AGOSTO,NACIMIENTO,MASCULINO,JUNIN,SATIPO,13
1295,2022,AGOSTO,NACIMIENTO,MASCULINO,JUNIN,TARMA,3
1296,2022,AGOSTO,NACIMIENTO,MASCULINO,JUNIN,YAULI,9
1297,2022,AGOSTO,NACIMIENTO,MASCULINO,LA LIBERTAD,ASCOPE,34
1298,2022,AGOSTO,NACIMIENTO,MASCULINO,LA LIBERTAD,CHEPEN,34
1299,2022,AGOSTO,NACIMIENTO,MASCULINO,LA LIBERTAD,GRAN CHIMU,4
1300,2022,AGOSTO,NACIMIENTO,MASCULINO,LA LIBERTAD,JULCAN,10
1301,2022,AGOSTO,NACIMIENTO,MASCULINO,LA LIBERTAD,OTUZCO,21
1302,2022,AGOSTO,NACIMIENTO,MASCULINO,LA LIBERTAD,PACASMAYO,18
1303,2022,AGOSTO,NACIMIENTO,MASCULINO,LA LIBERTAD,PATAZ,9
1304,2022,AGOSTO,NACIMIENTO,MASCULINO,LA LIBERTAD,SANCHEZ CARRION,10
1305,2022,AGOSTO,NACIMIENTO,MASCULINO,LA LIBERTAD,SANTIAGO DE CHUCO,13
1306,2022,AGOSTO,NACIMIENTO,MASCULINO,LA LIBERTAD,TRUJILLO,815
1307,2022,AGOSTO,NACIMIENTO,MASCULINO,LA LIBERTAD,VIRU,24
1308,2022,AGOSTO,NACIMIENTO,MASCULINO,LAMBAYEQUE,CHICLAYO,377
1309,2022,AGOSTO,NACIMIENTO,MASCULINO,LAMBAYEQUE,FERREŃAFE,8
1310,2022,AGOSTO,NACIMIENTO,MASCULINO,LAMBAYEQUE,LAMBAYEQUE,27
1311,2022,AGOSTO,NACIMIENTO,MASCULINO,LIMA,BARRANCA,31
1312,2022,AGOSTO,NACIMIENTO,MASCULINO,LIMA,CANTA,4
1313,2022,AGOSTO,NACIMIENTO,MASCULINO,LIMA,CAŃETE,60
1314,2022,AGOSTO,NACIMIENTO,MASCULINO,LIMA,HUARAL,55
1315,2022,AGOSTO,NACIMIENTO,MASCULINO,LIMA,HUAROCHIRI,53
1316,2022,AGOSTO,NACIMIENTO,MASCULINO,LIMA,HUAURA,61
1317,2022,AGOSTO,NACIMIENTO,MASCULINO,LIMA,LIMA,13862
1318,2022,AGOSTO,NACIMIENTO,MASCULINO,LIMA,OYON,3
1319,2022,AGOSTO,NACIMIENTO,MASCULINO,LIMA,YAUYOS,8
1320,2022,AGOSTO,NACIMIENTO,MASCULINO,LORETO,ALTO AMAZONAS,10
1321,2022,AGOSTO,NACIMIENTO,MASCULINO,LORETO,DATEM DEL MARAŃON,1
1322,2022,AGOSTO,NACIMIENTO,MASCULINO,LORETO,LORETO,5
1323,2022,AGOSTO,NACIMIENTO,MASCULINO,LORETO,MARISCAL RAMON CASTILLA,3
1324,2022,AGOSTO,NACIMIENTO,MASCULINO,LORETO,MAYNAS,226
1325,2022,AGOSTO,NACIMIENTO,MASCULINO,LORETO,PUTUMAYO,2
1326,2022,AGOSTO,NACIMIENTO,MASCULINO,LORETO,REQUENA,5
1327,2022,AGOSTO,NACIMIENTO,MASCULINO,LORETO,UCAYALI,2
1328,2022,AGOSTO,NACIMIENTO,MASCULINO,MADRE DE DIOS,MANU,2
1329,2022,AGOSTO,NACIMIENTO,MASCULINO,MADRE DE DIOS,TAHUAMANU,3
1330,2022,AGOSTO,NACIMIENTO,MASCULINO,MADRE DE DIOS,TAMBOPATA,40
1331,2022,AGOSTO,NACIMIENTO,MASCULINO,MEXICO,CIUDAD DE MEXICO,2
1332,2022,AGOSTO,NACIMIENTO,MASCULINO,MOQUEGUA,GENERAL SANCHEZ CERRO,1
1333,2022,AGOSTO,NACIMIENTO,MASCULINO,MOQUEGUA,ILO,10
1334,2022,AGOSTO,NACIMIENTO,MASCULINO,MOQUEGUA,MARISCAL NIETO,18
1335,2022,AGOSTO,NACIMIENTO,MASCULINO,PARAGUAY,ASUNCION,2
1336,2022,AGOSTO,NACIMIENTO,MASCULINO,PASCO,DANIEL ALCIDES CARRION,1
1337,2022,AGOSTO,NACIMIENTO,MASCULINO,PASCO,OXAPAMPA,10
1338,2022,AGOSTO,NACIMIENTO,MASCULINO,PASCO,PASCO,20
1339,2022,AGOSTO,NACIMIENTO,MASCULINO,PIURA,AYABACA,8
1340,2022,AGOSTO,NACIMIENTO,MASCULINO,PIURA,HUANCABAMBA,5
1341,2022,AGOSTO,NACIMIENTO,MASCULINO,PIURA,MORROPON,22
1342,2022,AGOSTO,NACIMIENTO,MASCULINO,PIURA,PAITA,25
1343,2022,AGOSTO,NACIMIENTO,MASCULINO,PIURA,PIURA,251
1344,2022,AGOSTO,NACIMIENTO,MASCULINO,PIURA,SECHURA,10
1345,2022,AGOSTO,NACIMIENTO,MASCULINO,PIURA,SULLANA,49
1346,2022,AGOSTO,NACIMIENTO,MASCULINO,PIURA,TALARA,29
1347,2022,AGOSTO,NACIMIENTO,MASCULINO,PUNO,AZANGARO,7
1348,2022,AGOSTO,NACIMIENTO,MASCULINO,PUNO,CARABAYA,1
1349,2022,AGOSTO,NACIMIENTO,MASCULINO,PUNO,CHUCUITO,7
1350,2022,AGOSTO,NACIMIENTO,MASCULINO,PUNO,EL COLLAO,3
1351,2022,AGOSTO,NACIMIENTO,MASCULINO,PUNO,HUANCANE,5
1352,2022,AGOSTO,NACIMIENTO,MASCULINO,PUNO,LAMPA,1
1353,2022,AGOSTO,NACIMIENTO,MASCULINO,PUNO,MELGAR,4
1354,2022,AGOSTO,NACIMIENTO,MASCULINO,PUNO,MOHO,1
1355,2022,AGOSTO,NACIMIENTO,MASCULINO,PUNO,PUNO,10
1356,2022,AGOSTO,NACIMIENTO,MASCULINO,PUNO,SAN ANTONIO DE PUTINA,3
1357,2022,AGOSTO,NACIMIENTO,MASCULINO,PUNO,SAN ROMAN,52
1358,2022,AGOSTO,NACIMIENTO,MASCULINO,PUNO,SANDIA,9
1359,2022,AGOSTO,NACIMIENTO,MASCULINO,PUNO,YUNGUYO,3
1360,2022,AGOSTO,NACIMIENTO,MASCULINO,REPUBLICA DEMOCRATICA DE TIMOR ORIENTAL,DILI,1
1361,2022,AGOSTO,NACIMIENTO,MASCULINO,REPUBLICA POPULAR CHINA,GUANGDONG,1
1362,2022,AGOSTO,NACIMIENTO,MASCULINO,REPUBLICA POPULAR CHINA,SHANGHAI,1
1363,2022,AGOSTO,NACIMIENTO,MASCULINO,RUSIA,MOSCU,2
1364,2022,AGOSTO,NACIMIENTO,MASCULINO,SAN MARTIN,BELLAVISTA,3
1365,2022,AGOSTO,NACIMIENTO,MASCULINO,SAN MARTIN,EL DORADO,3
1366,2022,AGOSTO,NACIMIENTO,MASCULINO,SAN MARTIN,HUALLAGA,3
1367,2022,AGOSTO,NACIMIENTO,MASCULINO,SAN MARTIN,LAMAS,5
1368,2022,AGOSTO,NACIMIENTO,MASCULINO,SAN MARTIN,MARISCAL CACERES,6
1369,2022,AGOSTO,NACIMIENTO,MASCULINO,SAN MARTIN,MOYOBAMBA,9
1370,2022,AGOSTO,NACIMIENTO,MASCULINO,SAN MARTIN,PICOTA,2
1371,2022,AGOSTO,NACIMIENTO,MASCULINO,SAN MARTIN,RIOJA,15
1372,2022,AGOSTO,NACIMIENTO,MASCULINO,SAN MARTIN,SAN MARTIN,28
1373,2022,AGOSTO,NACIMIENTO,MASCULINO,SAN MARTIN,TOCACHE,10
1374,2022,AGOSTO,NACIMIENTO,MASCULINO,SUECIA,ESTOCOLMO,1
1375,2022,AGOSTO,NACIMIENTO,MASCULINO,SUIZA,GINEBRA,1
1376,2022,AGOSTO,NACIMIENTO,MASCULINO,SUIZA,ZURICH,1
1377,2022,AGOSTO,NACIMIENTO,MASCULINO,TACNA,CANDARAVE,1
1378,2022,AGOSTO,NACIMIENTO,MASCULINO,TACNA,JORGE BASADRE,1
1379,2022,AGOSTO,NACIMIENTO,MASCULINO,TACNA,TACNA,63
1380,2022,AGOSTO,NACIMIENTO,MASCULINO,TUMBES,CONTRALMIRANTE VILLAR,8
1381,2022,AGOSTO,NACIMIENTO,MASCULINO,TUMBES,TUMBES,115
1382,2022,AGOSTO,NACIMIENTO,MASCULINO,TUMBES,ZARUMILLA,17
1383,2022,AGOSTO,NACIMIENTO,MASCULINO,UCAYALI,ATALAYA,4
1384,2022,AGOSTO,NACIMIENTO,MASCULINO,UCAYALI,CORONEL PORTILLO,126
1385,2022,AGOSTO,NACIMIENTO,MASCULINO,UCAYALI,PADRE ABAD,4
1386,2022,AGOSTO,NACIMIENTO,MASCULINO,VENEZUELA,ARAGUA,1
