"ANIO_REGISTRO","MES_REGISTRO","TIPO_ACTA","DE_GENERO","DEPART_CIUDAD_ESTADO_DOM_SOL","PROVINCIA_DOM_SOL","CANT_COPIAS_EMITIDAS"
"2022","JUNIO","DEFUNCION","FEMENINO","AMAZONAS","BAGUA","16"
"2022","JUNIO","DEFUNCION","FEMENINO","AMAZONAS","CHACHAPOYAS","5"
"2022","JUNIO","DEFUNCION","FEMENINO","AMAZONAS","RODRIGUEZ DE MENDOZA","2"
"2022","JUNIO","DEFUNCION","FEMENINO","AMAZONAS","UTCUBAMBA","2"
"2022","JUNIO","DEFUNCION","FEMENINO","ANCASH","ASUNCION","1"
"2022","JUNIO","DEFUNCION","FEMENINO","ANCASH","BOLOGNESI","5"
"2022","JUNIO","DEFUNCION","FEMENINO","ANCASH","CARHUAZ","3"
"2022","JUNIO","DEFUNCION","FEMENINO","ANCASH","CARLOS FERMIN FITZCARRALD","2"
"2022","JUNIO","DEFUNCION","FEMENINO","ANCASH","CASMA","4"
"2022","JUNIO","DEFUNCION","FEMENINO","ANCASH","HUARAZ","19"
"2022","JUNIO","DEFUNCION","FEMENINO","ANCASH","HUARI","13"
"2022","JUNIO","DEFUNCION","FEMENINO","ANCASH","HUARMEY","1"
"2022","JUNIO","DEFUNCION","FEMENINO","ANCASH","HUAYLAS","5"
"2022","JUNIO","DEFUNCION","FEMENINO","ANCASH","MARISCAL LUZURIAGA","1"
"2022","JUNIO","DEFUNCION","FEMENINO","ANCASH","PALLASCA","2"
"2022","JUNIO","DEFUNCION","FEMENINO","ANCASH","RECUAY","3"
"2022","JUNIO","DEFUNCION","FEMENINO","ANCASH","SANTA","58"
"2022","JUNIO","DEFUNCION","FEMENINO","ANCASH","YUNGAY","3"
"2022","JUNIO","DEFUNCION","FEMENINO","APURIMAC","ABANCAY","6"
"2022","JUNIO","DEFUNCION","FEMENINO","APURIMAC","ANDAHUAYLAS","5"
"2022","JUNIO","DEFUNCION","FEMENINO","APURIMAC","AYMARAES","5"
"2022","JUNIO","DEFUNCION","FEMENINO","APURIMAC","CHINCHEROS","9"
"2022","JUNIO","DEFUNCION","FEMENINO","APURIMAC","COTABAMBAS","2"
"2022","JUNIO","DEFUNCION","FEMENINO","APURIMAC","GRAU","2"
"2022","JUNIO","DEFUNCION","FEMENINO","AREQUIPA","AREQUIPA","310"
"2022","JUNIO","DEFUNCION","FEMENINO","AREQUIPA","CAMANA","8"
"2022","JUNIO","DEFUNCION","FEMENINO","AREQUIPA","CARAVELI","5"
"2022","JUNIO","DEFUNCION","FEMENINO","AREQUIPA","CASTILLA","6"
"2022","JUNIO","DEFUNCION","FEMENINO","AREQUIPA","CAYLLOMA","17"
"2022","JUNIO","DEFUNCION","FEMENINO","AREQUIPA","CONDESUYOS","2"
"2022","JUNIO","DEFUNCION","FEMENINO","AREQUIPA","ISLAY","9"
"2022","JUNIO","DEFUNCION","FEMENINO","AREQUIPA","LA UNION","1"
"2022","JUNIO","DEFUNCION","FEMENINO","ARGENTINA","BUENOS AIRES","1"
"2022","JUNIO","DEFUNCION","FEMENINO","AYACUCHO","HUAMANGA","70"
"2022","JUNIO","DEFUNCION","FEMENINO","AYACUCHO","HUANCA SANCOS","2"
"2022","JUNIO","DEFUNCION","FEMENINO","AYACUCHO","HUANTA","1"
"2022","JUNIO","DEFUNCION","FEMENINO","AYACUCHO","LA MAR","3"
"2022","JUNIO","DEFUNCION","FEMENINO","AYACUCHO","LUCANAS","7"
"2022","JUNIO","DEFUNCION","FEMENINO","AYACUCHO","PARINACOCHAS","15"
"2022","JUNIO","DEFUNCION","FEMENINO","AYACUCHO","PAUCAR DEL SARA SARA","1"
"2022","JUNIO","DEFUNCION","FEMENINO","AYACUCHO","VICTOR FAJARDO","2"
"2022","JUNIO","DEFUNCION","FEMENINO","BELGICA","AMBERES","1"
"2022","JUNIO","DEFUNCION","FEMENINO","CAJAMARCA","CAJABAMBA","2"
"2022","JUNIO","DEFUNCION","FEMENINO","CAJAMARCA","CAJAMARCA","64"
"2022","JUNIO","DEFUNCION","FEMENINO","CAJAMARCA","CELENDIN","1"
"2022","JUNIO","DEFUNCION","FEMENINO","CAJAMARCA","CHOTA","7"
"2022","JUNIO","DEFUNCION","FEMENINO","CAJAMARCA","CONTUMAZA","2"
"2022","JUNIO","DEFUNCION","FEMENINO","CAJAMARCA","CUTERVO","7"
"2022","JUNIO","DEFUNCION","FEMENINO","CAJAMARCA","HUALGAYOC","2"
"2022","JUNIO","DEFUNCION","FEMENINO","CAJAMARCA","JAEN","10"
"2022","JUNIO","DEFUNCION","FEMENINO","CAJAMARCA","SAN IGNACIO","24"
"2022","JUNIO","DEFUNCION","FEMENINO","CAJAMARCA","SAN MARCOS","1"
"2022","JUNIO","DEFUNCION","FEMENINO","CAJAMARCA","SAN MIGUEL","7"
"2022","JUNIO","DEFUNCION","FEMENINO","CAJAMARCA","SAN PABLO","2"
"2022","JUNIO","DEFUNCION","FEMENINO","CAJAMARCA","SANTA CRUZ","1"
"2022","JUNIO","DEFUNCION","FEMENINO","CALLAO","CALLAO","343"
"2022","JUNIO","DEFUNCION","FEMENINO","CANADA","MONTREAL","1"
"2022","JUNIO","DEFUNCION","FEMENINO","CANADA","ONTARIO","1"
"2022","JUNIO","DEFUNCION","FEMENINO","CHILE","IQUIQUE","1"
"2022","JUNIO","DEFUNCION","FEMENINO","CHILE","SANTIAGO","1"
"2022","JUNIO","DEFUNCION","FEMENINO","CUSCO","ACOMAYO","5"
"2022","JUNIO","DEFUNCION","FEMENINO","CUSCO","ANTA","8"
"2022","JUNIO","DEFUNCION","FEMENINO","CUSCO","CALCA","6"
"2022","JUNIO","DEFUNCION","FEMENINO","CUSCO","CANAS","4"
"2022","JUNIO","DEFUNCION","FEMENINO","CUSCO","CANCHIS","10"
"2022","JUNIO","DEFUNCION","FEMENINO","CUSCO","CHUMBIVILCAS","5"
"2022","JUNIO","DEFUNCION","FEMENINO","CUSCO","CUSCO","135"
"2022","JUNIO","DEFUNCION","FEMENINO","CUSCO","ESPINAR","4"
"2022","JUNIO","DEFUNCION","FEMENINO","CUSCO","LA CONVENCION","22"
"2022","JUNIO","DEFUNCION","FEMENINO","CUSCO","PARURO","1"
"2022","JUNIO","DEFUNCION","FEMENINO","CUSCO","PAUCARTAMBO","4"
"2022","JUNIO","DEFUNCION","FEMENINO","CUSCO","QUISPICANCHI","20"
"2022","JUNIO","DEFUNCION","FEMENINO","CUSCO","URUBAMBA","16"
"2022","JUNIO","DEFUNCION","FEMENINO","ESPAŃA","MADRID","4"
"2022","JUNIO","DEFUNCION","FEMENINO","ESPAŃA","PALENCIA","1"
"2022","JUNIO","DEFUNCION","FEMENINO","ESPAŃA","SALAMANCA","1"
"2022","JUNIO","DEFUNCION","FEMENINO","ESPAŃA","SEVILLA","1"
"2022","JUNIO","DEFUNCION","FEMENINO","ESPAŃA","TENERIFE","1"
"2022","JUNIO","DEFUNCION","FEMENINO","ESPAŃA","TOLEDO","5"
"2022","JUNIO","DEFUNCION","FEMENINO","ESTADOS UNIDOS DE AMERICA","COLORADO","1"
"2022","JUNIO","DEFUNCION","FEMENINO","ESTADOS UNIDOS DE AMERICA","GEORGIA","1"
"2022","JUNIO","DEFUNCION","FEMENINO","ESTADOS UNIDOS DE AMERICA","HOUSTON","1"
"2022","JUNIO","DEFUNCION","FEMENINO","ESTADOS UNIDOS DE AMERICA","LAS VEGAS","1"
"2022","JUNIO","DEFUNCION","FEMENINO","ESTADOS UNIDOS DE AMERICA","LOS ANGELES","2"
"2022","JUNIO","DEFUNCION","FEMENINO","ESTADOS UNIDOS DE AMERICA","MIAMI","4"
"2022","JUNIO","DEFUNCION","FEMENINO","ESTADOS UNIDOS DE AMERICA","NUEVA JERSEY","2"
"2022","JUNIO","DEFUNCION","FEMENINO","ESTADOS UNIDOS DE AMERICA","NUEVA YORK","1"
"2022","JUNIO","DEFUNCION","FEMENINO","ESTADOS UNIDOS DE AMERICA","ORLANDO","1"
"2022","JUNIO","DEFUNCION","FEMENINO","FRANCIA","LYON","1"
"2022","JUNIO","DEFUNCION","FEMENINO","GUATEMALA","GUATEMALA","2"
"2022","JUNIO","DEFUNCION","FEMENINO","HUANCAVELICA","ACOBAMBA","1"
"2022","JUNIO","DEFUNCION","FEMENINO","HUANCAVELICA","ANGARAES","3"
"2022","JUNIO","DEFUNCION","FEMENINO","HUANCAVELICA","CASTROVIRREYNA","1"
"2022","JUNIO","DEFUNCION","FEMENINO","HUANCAVELICA","CHURCAMPA","6"
"2022","JUNIO","DEFUNCION","FEMENINO","HUANCAVELICA","HUANCAVELICA","4"
"2022","JUNIO","DEFUNCION","FEMENINO","HUANCAVELICA","HUAYTARA","3"
"2022","JUNIO","DEFUNCION","FEMENINO","HUANCAVELICA","TAYACAJA","16"
"2022","JUNIO","DEFUNCION","FEMENINO","HUANUCO","AMBO","7"
"2022","JUNIO","DEFUNCION","FEMENINO","HUANUCO","DOS DE MAYO","2"
"2022","JUNIO","DEFUNCION","FEMENINO","HUANUCO","HUACAYBAMBA","2"
"2022","JUNIO","DEFUNCION","FEMENINO","HUANUCO","HUAMALIES","3"
"2022","JUNIO","DEFUNCION","FEMENINO","HUANUCO","HUANUCO","33"
"2022","JUNIO","DEFUNCION","FEMENINO","HUANUCO","LAURICOCHA","3"
"2022","JUNIO","DEFUNCION","FEMENINO","HUANUCO","LEONCIO PRADO","30"
"2022","JUNIO","DEFUNCION","FEMENINO","HUANUCO","MARAŃON","1"
"2022","JUNIO","DEFUNCION","FEMENINO","HUANUCO","PACHITEA","4"
"2022","JUNIO","DEFUNCION","FEMENINO","HUANUCO","PUERTO INCA","3"
"2022","JUNIO","DEFUNCION","FEMENINO","HUANUCO","YAROWILCA","5"
"2022","JUNIO","DEFUNCION","FEMENINO","ICA","CHINCHA","85"
"2022","JUNIO","DEFUNCION","FEMENINO","ICA","ICA","152"
"2022","JUNIO","DEFUNCION","FEMENINO","ICA","NASCA","13"
"2022","JUNIO","DEFUNCION","FEMENINO","ICA","PALPA","2"
"2022","JUNIO","DEFUNCION","FEMENINO","ICA","PISCO","69"
"2022","JUNIO","DEFUNCION","FEMENINO","ITALIA","FLORENCIA","2"
"2022","JUNIO","DEFUNCION","FEMENINO","ITALIA","MILAN","11"
"2022","JUNIO","DEFUNCION","FEMENINO","ITALIA","TURIN","1"
"2022","JUNIO","DEFUNCION","FEMENINO","JAPON","NARA","1"
"2022","JUNIO","DEFUNCION","FEMENINO","JUNIN","CHANCHAMAYO","15"
"2022","JUNIO","DEFUNCION","FEMENINO","JUNIN","CHUPACA","33"
"2022","JUNIO","DEFUNCION","FEMENINO","JUNIN","CONCEPCION","17"
"2022","JUNIO","DEFUNCION","FEMENINO","JUNIN","HUANCAYO","335"
"2022","JUNIO","DEFUNCION","FEMENINO","JUNIN","JAUJA","15"
"2022","JUNIO","DEFUNCION","FEMENINO","JUNIN","JUNIN","3"
"2022","JUNIO","DEFUNCION","FEMENINO","JUNIN","SATIPO","5"
"2022","JUNIO","DEFUNCION","FEMENINO","JUNIN","TARMA","10"
"2022","JUNIO","DEFUNCION","FEMENINO","JUNIN","YAULI","16"
"2022","JUNIO","DEFUNCION","FEMENINO","LA LIBERTAD","ASCOPE","53"
"2022","JUNIO","DEFUNCION","FEMENINO","LA LIBERTAD","CHEPEN","14"
"2022","JUNIO","DEFUNCION","FEMENINO","LA LIBERTAD","GRAN CHIMU","55"
"2022","JUNIO","DEFUNCION","FEMENINO","LA LIBERTAD","JULCAN","5"
"2022","JUNIO","DEFUNCION","FEMENINO","LA LIBERTAD","OTUZCO","14"
"2022","JUNIO","DEFUNCION","FEMENINO","LA LIBERTAD","PACASMAYO","14"
"2022","JUNIO","DEFUNCION","FEMENINO","LA LIBERTAD","SANCHEZ CARRION","11"
"2022","JUNIO","DEFUNCION","FEMENINO","LA LIBERTAD","SANTIAGO DE CHUCO","4"
"2022","JUNIO","DEFUNCION","FEMENINO","LA LIBERTAD","TRUJILLO","547"
"2022","JUNIO","DEFUNCION","FEMENINO","LA LIBERTAD","VIRU","27"
"2022","JUNIO","DEFUNCION","FEMENINO","LAMBAYEQUE","CHICLAYO","85"
"2022","JUNIO","DEFUNCION","FEMENINO","LAMBAYEQUE","FERREŃAFE","13"
"2022","JUNIO","DEFUNCION","FEMENINO","LAMBAYEQUE","LAMBAYEQUE","14"
"2022","JUNIO","DEFUNCION","FEMENINO","LIMA","BARRANCA","39"
"2022","JUNIO","DEFUNCION","FEMENINO","LIMA","CANTA","2"
"2022","JUNIO","DEFUNCION","FEMENINO","LIMA","CAŃETE","43"
"2022","JUNIO","DEFUNCION","FEMENINO","LIMA","HUARAL","86"
"2022","JUNIO","DEFUNCION","FEMENINO","LIMA","HUAROCHIRI","21"
"2022","JUNIO","DEFUNCION","FEMENINO","LIMA","HUAURA","46"
"2022","JUNIO","DEFUNCION","FEMENINO","LIMA","LIMA","3947"
"2022","JUNIO","DEFUNCION","FEMENINO","LIMA","OYON","5"
"2022","JUNIO","DEFUNCION","FEMENINO","LIMA","YAUYOS","4"
"2022","JUNIO","DEFUNCION","FEMENINO","LORETO","ALTO AMAZONAS","11"
"2022","JUNIO","DEFUNCION","FEMENINO","LORETO","LORETO","3"
"2022","JUNIO","DEFUNCION","FEMENINO","LORETO","MAYNAS","67"
"2022","JUNIO","DEFUNCION","FEMENINO","LORETO","REQUENA","1"
"2022","JUNIO","DEFUNCION","FEMENINO","LORETO","UCAYALI","4"
"2022","JUNIO","DEFUNCION","FEMENINO","MADRE DE DIOS","MANU","2"
"2022","JUNIO","DEFUNCION","FEMENINO","MADRE DE DIOS","TAHUAMANU","4"
"2022","JUNIO","DEFUNCION","FEMENINO","MADRE DE DIOS","TAMBOPATA","23"
"2022","JUNIO","DEFUNCION","FEMENINO","MEXICO","CIUDAD DE MEXICO","1"
"2022","JUNIO","DEFUNCION","FEMENINO","MEXICO","JALISCO","1"
"2022","JUNIO","DEFUNCION","FEMENINO","MOQUEGUA","GENERAL SANCHEZ CERRO","4"
"2022","JUNIO","DEFUNCION","FEMENINO","MOQUEGUA","ILO","18"
"2022","JUNIO","DEFUNCION","FEMENINO","MOQUEGUA","MARISCAL NIETO","19"
"2022","JUNIO","DEFUNCION","FEMENINO","PASCO","DANIEL ALCIDES CARRION","1"
"2022","JUNIO","DEFUNCION","FEMENINO","PASCO","OXAPAMPA","14"
"2022","JUNIO","DEFUNCION","FEMENINO","PASCO","PASCO","6"
"2022","JUNIO","DEFUNCION","FEMENINO","PIURA","AYABACA","6"
"2022","JUNIO","DEFUNCION","FEMENINO","PIURA","HUANCABAMBA","4"
"2022","JUNIO","DEFUNCION","FEMENINO","PIURA","MORROPON","51"
"2022","JUNIO","DEFUNCION","FEMENINO","PIURA","PAITA","33"
"2022","JUNIO","DEFUNCION","FEMENINO","PIURA","PIURA","125"
"2022","JUNIO","DEFUNCION","FEMENINO","PIURA","SECHURA","15"
"2022","JUNIO","DEFUNCION","FEMENINO","PIURA","SULLANA","87"
"2022","JUNIO","DEFUNCION","FEMENINO","PIURA","TALARA","37"
"2022","JUNIO","DEFUNCION","FEMENINO","PUNO","AZANGARO","10"
"2022","JUNIO","DEFUNCION","FEMENINO","PUNO","CARABAYA","6"
"2022","JUNIO","DEFUNCION","FEMENINO","PUNO","CHUCUITO","5"
"2022","JUNIO","DEFUNCION","FEMENINO","PUNO","EL COLLAO","14"
"2022","JUNIO","DEFUNCION","FEMENINO","PUNO","HUANCANE","11"
"2022","JUNIO","DEFUNCION","FEMENINO","PUNO","LAMPA","6"
"2022","JUNIO","DEFUNCION","FEMENINO","PUNO","MELGAR","4"
"2022","JUNIO","DEFUNCION","FEMENINO","PUNO","MOHO","3"
"2022","JUNIO","DEFUNCION","FEMENINO","PUNO","PUNO","32"
"2022","JUNIO","DEFUNCION","FEMENINO","PUNO","SAN ANTONIO DE PUTINA","5"
"2022","JUNIO","DEFUNCION","FEMENINO","PUNO","SAN ROMAN","39"
"2022","JUNIO","DEFUNCION","FEMENINO","PUNO","SANDIA","3"
"2022","JUNIO","DEFUNCION","FEMENINO","PUNO","YUNGUYO","2"
"2022","JUNIO","DEFUNCION","FEMENINO","SAN MARTIN","BELLAVISTA","3"
"2022","JUNIO","DEFUNCION","FEMENINO","SAN MARTIN","EL DORADO","5"
"2022","JUNIO","DEFUNCION","FEMENINO","SAN MARTIN","HUALLAGA","5"
"2022","JUNIO","DEFUNCION","FEMENINO","SAN MARTIN","LAMAS","4"
"2022","JUNIO","DEFUNCION","FEMENINO","SAN MARTIN","MARISCAL CACERES","7"
"2022","JUNIO","DEFUNCION","FEMENINO","SAN MARTIN","MOYOBAMBA","3"
"2022","JUNIO","DEFUNCION","FEMENINO","SAN MARTIN","PICOTA","10"
"2022","JUNIO","DEFUNCION","FEMENINO","SAN MARTIN","RIOJA","19"
"2022","JUNIO","DEFUNCION","FEMENINO","SAN MARTIN","SAN MARTIN","29"
"2022","JUNIO","DEFUNCION","FEMENINO","SAN MARTIN","TOCACHE","2"
"2022","JUNIO","DEFUNCION","FEMENINO","TACNA","TACNA","119"
"2022","JUNIO","DEFUNCION","FEMENINO","TACNA","TARATA","1"
"2022","JUNIO","DEFUNCION","FEMENINO","TUMBES","CONTRALMIRANTE VILLAR","2"
"2022","JUNIO","DEFUNCION","FEMENINO","TUMBES","TUMBES","34"
"2022","JUNIO","DEFUNCION","FEMENINO","TUMBES","ZARUMILLA","6"
"2022","JUNIO","DEFUNCION","FEMENINO","UCAYALI","ATALAYA","4"
"2022","JUNIO","DEFUNCION","FEMENINO","UCAYALI","CORONEL PORTILLO","123"
"2022","JUNIO","DEFUNCION","FEMENINO","UCAYALI","PADRE ABAD","3"
"2022","JUNIO","DEFUNCION","MASCULINO","AMAZONAS","BAGUA","1"
"2022","JUNIO","DEFUNCION","MASCULINO","AMAZONAS","BONGARA","2"
"2022","JUNIO","DEFUNCION","MASCULINO","AMAZONAS","CHACHAPOYAS","3"
"2022","JUNIO","DEFUNCION","MASCULINO","AMAZONAS","CONDORCANQUI","1"
"2022","JUNIO","DEFUNCION","MASCULINO","AMAZONAS","LUYA","1"
"2022","JUNIO","DEFUNCION","MASCULINO","AMAZONAS","RODRIGUEZ DE MENDOZA","2"
"2022","JUNIO","DEFUNCION","MASCULINO","AMAZONAS","UTCUBAMBA","1"
"2022","JUNIO","DEFUNCION","MASCULINO","ANCASH","AIJA","1"
"2022","JUNIO","DEFUNCION","MASCULINO","ANCASH","ASUNCION","1"
"2022","JUNIO","DEFUNCION","MASCULINO","ANCASH","BOLOGNESI","2"
"2022","JUNIO","DEFUNCION","MASCULINO","ANCASH","CARHUAZ","3"
"2022","JUNIO","DEFUNCION","MASCULINO","ANCASH","CARLOS FERMIN FITZCARRALD","1"
"2022","JUNIO","DEFUNCION","MASCULINO","ANCASH","CASMA","7"
"2022","JUNIO","DEFUNCION","MASCULINO","ANCASH","HUARAZ","27"
"2022","JUNIO","DEFUNCION","MASCULINO","ANCASH","HUARI","4"
"2022","JUNIO","DEFUNCION","MASCULINO","ANCASH","HUARMEY","1"
"2022","JUNIO","DEFUNCION","MASCULINO","ANCASH","HUAYLAS","16"
"2022","JUNIO","DEFUNCION","MASCULINO","ANCASH","RECUAY","5"
"2022","JUNIO","DEFUNCION","MASCULINO","ANCASH","SANTA","63"
"2022","JUNIO","DEFUNCION","MASCULINO","ANCASH","SIHUAS","1"
"2022","JUNIO","DEFUNCION","MASCULINO","ANCASH","YUNGAY","24"
"2022","JUNIO","DEFUNCION","MASCULINO","APURIMAC","ABANCAY","5"
"2022","JUNIO","DEFUNCION","MASCULINO","APURIMAC","ANDAHUAYLAS","5"
"2022","JUNIO","DEFUNCION","MASCULINO","APURIMAC","ANTABAMBA","2"
"2022","JUNIO","DEFUNCION","MASCULINO","APURIMAC","AYMARAES","2"
"2022","JUNIO","DEFUNCION","MASCULINO","APURIMAC","CHINCHEROS","5"
"2022","JUNIO","DEFUNCION","MASCULINO","APURIMAC","COTABAMBAS","4"
"2022","JUNIO","DEFUNCION","MASCULINO","APURIMAC","GRAU","5"
"2022","JUNIO","DEFUNCION","MASCULINO","AREQUIPA","AREQUIPA","206"
"2022","JUNIO","DEFUNCION","MASCULINO","AREQUIPA","CAMANA","21"
"2022","JUNIO","DEFUNCION","MASCULINO","AREQUIPA","CARAVELI","1"
"2022","JUNIO","DEFUNCION","MASCULINO","AREQUIPA","CASTILLA","8"
"2022","JUNIO","DEFUNCION","MASCULINO","AREQUIPA","CAYLLOMA","2"
"2022","JUNIO","DEFUNCION","MASCULINO","AREQUIPA","CONDESUYOS","1"
"2022","JUNIO","DEFUNCION","MASCULINO","AREQUIPA","ISLAY","9"
"2022","JUNIO","DEFUNCION","MASCULINO","ARGENTINA","BUENOS AIRES","3"
"2022","JUNIO","DEFUNCION","MASCULINO","AYACUCHO","CANGALLO","19"
"2022","JUNIO","DEFUNCION","MASCULINO","AYACUCHO","HUAMANGA","104"
"2022","JUNIO","DEFUNCION","MASCULINO","AYACUCHO","HUANTA","1"
"2022","JUNIO","DEFUNCION","MASCULINO","AYACUCHO","LA MAR","6"
"2022","JUNIO","DEFUNCION","MASCULINO","AYACUCHO","LUCANAS","1"
"2022","JUNIO","DEFUNCION","MASCULINO","AYACUCHO","PARINACOCHAS","9"
"2022","JUNIO","DEFUNCION","MASCULINO","AYACUCHO","PAUCAR DEL SARA SARA","1"
"2022","JUNIO","DEFUNCION","MASCULINO","AYACUCHO","VICTOR FAJARDO","2"
"2022","JUNIO","DEFUNCION","MASCULINO","BRASIL","MANAOS","1"
"2022","JUNIO","DEFUNCION","MASCULINO","BRASIL","MINAS GERAIS","1"
"2022","JUNIO","DEFUNCION","MASCULINO","CAJAMARCA","CAJABAMBA","2"
"2022","JUNIO","DEFUNCION","MASCULINO","CAJAMARCA","CAJAMARCA","65"
"2022","JUNIO","DEFUNCION","MASCULINO","CAJAMARCA","CELENDIN","2"
"2022","JUNIO","DEFUNCION","MASCULINO","CAJAMARCA","CHOTA","1"
"2022","JUNIO","DEFUNCION","MASCULINO","CAJAMARCA","CONTUMAZA","2"
"2022","JUNIO","DEFUNCION","MASCULINO","CAJAMARCA","CUTERVO","8"
"2022","JUNIO","DEFUNCION","MASCULINO","CAJAMARCA","HUALGAYOC","13"
"2022","JUNIO","DEFUNCION","MASCULINO","CAJAMARCA","JAEN","50"
"2022","JUNIO","DEFUNCION","MASCULINO","CAJAMARCA","SAN IGNACIO","14"
"2022","JUNIO","DEFUNCION","MASCULINO","CAJAMARCA","SAN MARCOS","2"
"2022","JUNIO","DEFUNCION","MASCULINO","CAJAMARCA","SAN MIGUEL","7"
"2022","JUNIO","DEFUNCION","MASCULINO","CAJAMARCA","SAN PABLO","1"
"2022","JUNIO","DEFUNCION","MASCULINO","CAJAMARCA","SANTA CRUZ","1"
"2022","JUNIO","DEFUNCION","MASCULINO","CALLAO","CALLAO","348"
"2022","JUNIO","DEFUNCION","MASCULINO","CANADA","ONTARIO","2"
"2022","JUNIO","DEFUNCION","MASCULINO","CHILE","ARICA","1"
"2022","JUNIO","DEFUNCION","MASCULINO","CHILE","LOS LAGOS","1"
"2022","JUNIO","DEFUNCION","MASCULINO","CHILE","SANTIAGO","9"
"2022","JUNIO","DEFUNCION","MASCULINO","COSTA RICA","ALAJUELA","1"
"2022","JUNIO","DEFUNCION","MASCULINO","CUSCO","ACOMAYO","2"
"2022","JUNIO","DEFUNCION","MASCULINO","CUSCO","ANTA","8"
"2022","JUNIO","DEFUNCION","MASCULINO","CUSCO","CALCA","3"
"2022","JUNIO","DEFUNCION","MASCULINO","CUSCO","CANAS","5"
"2022","JUNIO","DEFUNCION","MASCULINO","CUSCO","CANCHIS","19"
"2022","JUNIO","DEFUNCION","MASCULINO","CUSCO","CHUMBIVILCAS","4"
"2022","JUNIO","DEFUNCION","MASCULINO","CUSCO","CUSCO","94"
"2022","JUNIO","DEFUNCION","MASCULINO","CUSCO","ESPINAR","3"
"2022","JUNIO","DEFUNCION","MASCULINO","CUSCO","LA CONVENCION","15"
"2022","JUNIO","DEFUNCION","MASCULINO","CUSCO","PARURO","1"
"2022","JUNIO","DEFUNCION","MASCULINO","CUSCO","PAUCARTAMBO","4"
"2022","JUNIO","DEFUNCION","MASCULINO","CUSCO","QUISPICANCHI","9"
"2022","JUNIO","DEFUNCION","MASCULINO","CUSCO","URUBAMBA","8"
"2022","JUNIO","DEFUNCION","MASCULINO","ESPAŃA","BARCELONA","1"
"2022","JUNIO","DEFUNCION","MASCULINO","ESPAŃA","CANTABRIA","1"
"2022","JUNIO","DEFUNCION","MASCULINO","ESPAŃA","MADRID","11"
"2022","JUNIO","DEFUNCION","MASCULINO","ESTADOS UNIDOS DE AMERICA","CALIFORNIA","1"
"2022","JUNIO","DEFUNCION","MASCULINO","ESTADOS UNIDOS DE AMERICA","ILLINOIS","2"
"2022","JUNIO","DEFUNCION","MASCULINO","ESTADOS UNIDOS DE AMERICA","LOS ANGELES","3"
"2022","JUNIO","DEFUNCION","MASCULINO","ESTADOS UNIDOS DE AMERICA","MIAMI","1"
"2022","JUNIO","DEFUNCION","MASCULINO","ESTADOS UNIDOS DE AMERICA","NUEVA JERSEY","3"
"2022","JUNIO","DEFUNCION","MASCULINO","FRANCIA","ILE DE FRANCE","1"
"2022","JUNIO","DEFUNCION","MASCULINO","GRAN BRETAŃA","LONDRES","1"
"2022","JUNIO","DEFUNCION","MASCULINO","HUANCAVELICA","ACOBAMBA","1"
"2022","JUNIO","DEFUNCION","MASCULINO","HUANCAVELICA","ANGARAES","3"
"2022","JUNIO","DEFUNCION","MASCULINO","HUANCAVELICA","CASTROVIRREYNA","5"
"2022","JUNIO","DEFUNCION","MASCULINO","HUANCAVELICA","CHURCAMPA","5"
"2022","JUNIO","DEFUNCION","MASCULINO","HUANCAVELICA","HUANCAVELICA","5"
"2022","JUNIO","DEFUNCION","MASCULINO","HUANCAVELICA","TAYACAJA","14"
"2022","JUNIO","DEFUNCION","MASCULINO","HUANUCO","AMBO","2"
"2022","JUNIO","DEFUNCION","MASCULINO","HUANUCO","DOS DE MAYO","3"
"2022","JUNIO","DEFUNCION","MASCULINO","HUANUCO","HUAMALIES","3"
"2022","JUNIO","DEFUNCION","MASCULINO","HUANUCO","HUANUCO","41"
"2022","JUNIO","DEFUNCION","MASCULINO","HUANUCO","LAURICOCHA","2"
"2022","JUNIO","DEFUNCION","MASCULINO","HUANUCO","LEONCIO PRADO","36"
"2022","JUNIO","DEFUNCION","MASCULINO","HUANUCO","PACHITEA","2"
"2022","JUNIO","DEFUNCION","MASCULINO","HUANUCO","YAROWILCA","3"
"2022","JUNIO","DEFUNCION","MASCULINO","ICA","CHINCHA","107"
"2022","JUNIO","DEFUNCION","MASCULINO","ICA","ICA","138"
"2022","JUNIO","DEFUNCION","MASCULINO","ICA","NASCA","20"
"2022","JUNIO","DEFUNCION","MASCULINO","ICA","PALPA","3"
"2022","JUNIO","DEFUNCION","MASCULINO","ICA","PISCO","35"
"2022","JUNIO","DEFUNCION","MASCULINO","ITALIA","BOLONIA","1"
"2022","JUNIO","DEFUNCION","MASCULINO","ITALIA","MILAN","2"
"2022","JUNIO","DEFUNCION","MASCULINO","JAPON","TOCHIGI","1"
"2022","JUNIO","DEFUNCION","MASCULINO","JUNIN","CHANCHAMAYO","13"
"2022","JUNIO","DEFUNCION","MASCULINO","JUNIN","CHUPACA","21"
"2022","JUNIO","DEFUNCION","MASCULINO","JUNIN","CONCEPCION","8"
"2022","JUNIO","DEFUNCION","MASCULINO","JUNIN","HUANCAYO","196"
"2022","JUNIO","DEFUNCION","MASCULINO","JUNIN","JAUJA","11"
"2022","JUNIO","DEFUNCION","MASCULINO","JUNIN","JUNIN","5"
"2022","JUNIO","DEFUNCION","MASCULINO","JUNIN","SATIPO","1"
"2022","JUNIO","DEFUNCION","MASCULINO","JUNIN","TARMA","16"
"2022","JUNIO","DEFUNCION","MASCULINO","JUNIN","YAULI","11"
"2022","JUNIO","DEFUNCION","MASCULINO","LA LIBERTAD","ASCOPE","23"
"2022","JUNIO","DEFUNCION","MASCULINO","LA LIBERTAD","CHEPEN","31"
"2022","JUNIO","DEFUNCION","MASCULINO","LA LIBERTAD","GRAN CHIMU","2"
"2022","JUNIO","DEFUNCION","MASCULINO","LA LIBERTAD","JULCAN","4"
"2022","JUNIO","DEFUNCION","MASCULINO","LA LIBERTAD","OTUZCO","22"
"2022","JUNIO","DEFUNCION","MASCULINO","LA LIBERTAD","PACASMAYO","42"
"2022","JUNIO","DEFUNCION","MASCULINO","LA LIBERTAD","PATAZ","2"
"2022","JUNIO","DEFUNCION","MASCULINO","LA LIBERTAD","SANCHEZ CARRION","5"
"2022","JUNIO","DEFUNCION","MASCULINO","LA LIBERTAD","SANTIAGO DE CHUCO","4"
"2022","JUNIO","DEFUNCION","MASCULINO","LA LIBERTAD","TRUJILLO","709"
"2022","JUNIO","DEFUNCION","MASCULINO","LA LIBERTAD","VIRU","9"
"2022","JUNIO","DEFUNCION","MASCULINO","LAMBAYEQUE","CHICLAYO","108"
"2022","JUNIO","DEFUNCION","MASCULINO","LAMBAYEQUE","FERREŃAFE","9"
"2022","JUNIO","DEFUNCION","MASCULINO","LAMBAYEQUE","LAMBAYEQUE","17"
"2022","JUNIO","DEFUNCION","MASCULINO","LIMA","BARRANCA","21"
"2022","JUNIO","DEFUNCION","MASCULINO","LIMA","CAJATAMBO","1"
"2022","JUNIO","DEFUNCION","MASCULINO","LIMA","CANTA","6"
"2022","JUNIO","DEFUNCION","MASCULINO","LIMA","CAŃETE","35"
"2022","JUNIO","DEFUNCION","MASCULINO","LIMA","HUARAL","28"
"2022","JUNIO","DEFUNCION","MASCULINO","LIMA","HUAROCHIRI","19"
"2022","JUNIO","DEFUNCION","MASCULINO","LIMA","HUAURA","116"
"2022","JUNIO","DEFUNCION","MASCULINO","LIMA","LIMA","4785"
"2022","JUNIO","DEFUNCION","MASCULINO","LIMA","OYON","1"
"2022","JUNIO","DEFUNCION","MASCULINO","LIMA","YAUYOS","2"
"2022","JUNIO","DEFUNCION","MASCULINO","LORETO","ALTO AMAZONAS","7"
"2022","JUNIO","DEFUNCION","MASCULINO","LORETO","LORETO","3"
"2022","JUNIO","DEFUNCION","MASCULINO","LORETO","MARISCAL RAMON CASTILLA","1"
"2022","JUNIO","DEFUNCION","MASCULINO","LORETO","MAYNAS","64"
"2022","JUNIO","DEFUNCION","MASCULINO","LORETO","REQUENA","2"
"2022","JUNIO","DEFUNCION","MASCULINO","LORETO","UCAYALI","1"
"2022","JUNIO","DEFUNCION","MASCULINO","MADRE DE DIOS","TAMBOPATA","20"
"2022","JUNIO","DEFUNCION","MASCULINO","MOQUEGUA","GENERAL SANCHEZ CERRO","2"
"2022","JUNIO","DEFUNCION","MASCULINO","MOQUEGUA","ILO","23"
"2022","JUNIO","DEFUNCION","MASCULINO","MOQUEGUA","MARISCAL NIETO","27"
"2022","JUNIO","DEFUNCION","MASCULINO","PASCO","OXAPAMPA","15"
"2022","JUNIO","DEFUNCION","MASCULINO","PASCO","PASCO","11"
"2022","JUNIO","DEFUNCION","MASCULINO","PIURA","AYABACA","7"
"2022","JUNIO","DEFUNCION","MASCULINO","PIURA","HUANCABAMBA","10"
"2022","JUNIO","DEFUNCION","MASCULINO","PIURA","MORROPON","18"
"2022","JUNIO","DEFUNCION","MASCULINO","PIURA","PAITA","15"
"2022","JUNIO","DEFUNCION","MASCULINO","PIURA","PIURA","162"
"2022","JUNIO","DEFUNCION","MASCULINO","PIURA","SECHURA","13"
"2022","JUNIO","DEFUNCION","MASCULINO","PIURA","SULLANA","69"
"2022","JUNIO","DEFUNCION","MASCULINO","PIURA","TALARA","18"
"2022","JUNIO","DEFUNCION","MASCULINO","PORTUGAL","LISBOA","1"
"2022","JUNIO","DEFUNCION","MASCULINO","PUNO","AZANGARO","5"
"2022","JUNIO","DEFUNCION","MASCULINO","PUNO","CARABAYA","6"
"2022","JUNIO","DEFUNCION","MASCULINO","PUNO","CHUCUITO","9"
"2022","JUNIO","DEFUNCION","MASCULINO","PUNO","EL COLLAO","21"
"2022","JUNIO","DEFUNCION","MASCULINO","PUNO","HUANCANE","16"
"2022","JUNIO","DEFUNCION","MASCULINO","PUNO","LAMPA","8"
"2022","JUNIO","DEFUNCION","MASCULINO","PUNO","MELGAR","3"
"2022","JUNIO","DEFUNCION","MASCULINO","PUNO","MOHO","3"
"2022","JUNIO","DEFUNCION","MASCULINO","PUNO","PUNO","39"
"2022","JUNIO","DEFUNCION","MASCULINO","PUNO","SAN ANTONIO DE PUTINA","13"
"2022","JUNIO","DEFUNCION","MASCULINO","PUNO","SAN ROMAN","59"
"2022","JUNIO","DEFUNCION","MASCULINO","PUNO","SANDIA","5"
"2022","JUNIO","DEFUNCION","MASCULINO","PUNO","YUNGUYO","5"
"2022","JUNIO","DEFUNCION","MASCULINO","SAN MARTIN","BELLAVISTA","8"
"2022","JUNIO","DEFUNCION","MASCULINO","SAN MARTIN","EL DORADO","2"
"2022","JUNIO","DEFUNCION","MASCULINO","SAN MARTIN","HUALLAGA","2"
"2022","JUNIO","DEFUNCION","MASCULINO","SAN MARTIN","LAMAS","5"
"2022","JUNIO","DEFUNCION","MASCULINO","SAN MARTIN","MARISCAL CACERES","5"
"2022","JUNIO","DEFUNCION","MASCULINO","SAN MARTIN","MOYOBAMBA","9"
"2022","JUNIO","DEFUNCION","MASCULINO","SAN MARTIN","PICOTA","4"
"2022","JUNIO","DEFUNCION","MASCULINO","SAN MARTIN","RIOJA","12"
"2022","JUNIO","DEFUNCION","MASCULINO","SAN MARTIN","SAN MARTIN","30"
"2022","JUNIO","DEFUNCION","MASCULINO","SAN MARTIN","TOCACHE","2"
"2022","JUNIO","DEFUNCION","MASCULINO","SUIZA","ZURICH","1"
"2022","JUNIO","DEFUNCION","MASCULINO","TACNA","JORGE BASADRE","1"
"2022","JUNIO","DEFUNCION","MASCULINO","TACNA","TACNA","56"
"2022","JUNIO","DEFUNCION","MASCULINO","TACNA","TARATA","5"
"2022","JUNIO","DEFUNCION","MASCULINO","TUMBES","TUMBES","23"
"2022","JUNIO","DEFUNCION","MASCULINO","TUMBES","ZARUMILLA","5"
"2022","JUNIO","DEFUNCION","MASCULINO","UCAYALI","ATALAYA","4"
"2022","JUNIO","DEFUNCION","MASCULINO","UCAYALI","CORONEL PORTILLO","48"
"2022","JUNIO","DEFUNCION","MASCULINO","UCAYALI","PADRE ABAD","4"
"2022","JUNIO","MATRIMONIO","FEMENINO","ALEMANIA","BAJA SAJONIA","1"
"2022","JUNIO","MATRIMONIO","FEMENINO","AMAZONAS","BAGUA","2"
"2022","JUNIO","MATRIMONIO","FEMENINO","AMAZONAS","BONGARA","1"
"2022","JUNIO","MATRIMONIO","FEMENINO","AMAZONAS","CHACHAPOYAS","1"
"2022","JUNIO","MATRIMONIO","FEMENINO","ANCASH","BOLOGNESI","1"
"2022","JUNIO","MATRIMONIO","FEMENINO","ANCASH","CASMA","1"
"2022","JUNIO","MATRIMONIO","FEMENINO","ANCASH","HUARAZ","4"
"2022","JUNIO","MATRIMONIO","FEMENINO","ANCASH","HUARI","6"
"2022","JUNIO","MATRIMONIO","FEMENINO","ANCASH","HUAYLAS","1"
"2022","JUNIO","MATRIMONIO","FEMENINO","ANCASH","PALLASCA","1"
"2022","JUNIO","MATRIMONIO","FEMENINO","ANCASH","SANTA","16"
"2022","JUNIO","MATRIMONIO","FEMENINO","ANCASH","YUNGAY","1"
"2022","JUNIO","MATRIMONIO","FEMENINO","APURIMAC","ABANCAY","2"
"2022","JUNIO","MATRIMONIO","FEMENINO","APURIMAC","ANDAHUAYLAS","3"
"2022","JUNIO","MATRIMONIO","FEMENINO","APURIMAC","AYMARAES","1"
"2022","JUNIO","MATRIMONIO","FEMENINO","AREQUIPA","AREQUIPA","69"
"2022","JUNIO","MATRIMONIO","FEMENINO","AREQUIPA","CAMANA","5"
"2022","JUNIO","MATRIMONIO","FEMENINO","AREQUIPA","CARAVELI","1"
"2022","JUNIO","MATRIMONIO","FEMENINO","AREQUIPA","CAYLLOMA","1"
"2022","JUNIO","MATRIMONIO","FEMENINO","AREQUIPA","ISLAY","1"
"2022","JUNIO","MATRIMONIO","FEMENINO","ARGENTINA","BUENOS AIRES","3"
"2022","JUNIO","MATRIMONIO","FEMENINO","AYACUCHO","CANGALLO","1"
"2022","JUNIO","MATRIMONIO","FEMENINO","AYACUCHO","HUAMANGA","9"
"2022","JUNIO","MATRIMONIO","FEMENINO","AYACUCHO","PARINACOCHAS","1"
"2022","JUNIO","MATRIMONIO","FEMENINO","AYACUCHO","VICTOR FAJARDO","1"
"2022","JUNIO","MATRIMONIO","FEMENINO","CAJAMARCA","CAJAMARCA","30"
"2022","JUNIO","MATRIMONIO","FEMENINO","CAJAMARCA","CONTUMAZA","1"
"2022","JUNIO","MATRIMONIO","FEMENINO","CAJAMARCA","CUTERVO","15"
"2022","JUNIO","MATRIMONIO","FEMENINO","CAJAMARCA","HUALGAYOC","2"
"2022","JUNIO","MATRIMONIO","FEMENINO","CAJAMARCA","JAEN","2"
"2022","JUNIO","MATRIMONIO","FEMENINO","CAJAMARCA","SAN IGNACIO","1"
"2022","JUNIO","MATRIMONIO","FEMENINO","CALLAO","CALLAO","274"
"2022","JUNIO","MATRIMONIO","FEMENINO","CANADA","MONTREAL","3"
"2022","JUNIO","MATRIMONIO","FEMENINO","CANADA","ONTARIO","1"
"2022","JUNIO","MATRIMONIO","FEMENINO","CHILE","SANTIAGO","5"
"2022","JUNIO","MATRIMONIO","FEMENINO","CUSCO","ANTA","1"
"2022","JUNIO","MATRIMONIO","FEMENINO","CUSCO","CALCA","3"
"2022","JUNIO","MATRIMONIO","FEMENINO","CUSCO","CANCHIS","1"
"2022","JUNIO","MATRIMONIO","FEMENINO","CUSCO","CUSCO","46"
"2022","JUNIO","MATRIMONIO","FEMENINO","CUSCO","ESPINAR","1"
"2022","JUNIO","MATRIMONIO","FEMENINO","CUSCO","LA CONVENCION","3"
"2022","JUNIO","MATRIMONIO","FEMENINO","CUSCO","PARURO","1"
"2022","JUNIO","MATRIMONIO","FEMENINO","CUSCO","QUISPICANCHI","2"
"2022","JUNIO","MATRIMONIO","FEMENINO","CUSCO","URUBAMBA","2"
"2022","JUNIO","MATRIMONIO","FEMENINO","ESPAŃA","BARCELONA","5"
"2022","JUNIO","MATRIMONIO","FEMENINO","ESPAŃA","CADIZ","1"
"2022","JUNIO","MATRIMONIO","FEMENINO","ESPAŃA","GRANADA","1"
"2022","JUNIO","MATRIMONIO","FEMENINO","ESPAŃA","MADRID","9"
"2022","JUNIO","MATRIMONIO","FEMENINO","ESPAŃA","SEGOVIA","1"
"2022","JUNIO","MATRIMONIO","FEMENINO","ESPAŃA","TENERIFE","1"
"2022","JUNIO","MATRIMONIO","FEMENINO","ESTADOS UNIDOS DE AMERICA","FLORIDA","1"
"2022","JUNIO","MATRIMONIO","FEMENINO","ESTADOS UNIDOS DE AMERICA","FORT LAUDERDALE","1"
"2022","JUNIO","MATRIMONIO","FEMENINO","ESTADOS UNIDOS DE AMERICA","GEORGIA","5"
"2022","JUNIO","MATRIMONIO","FEMENINO","ESTADOS UNIDOS DE AMERICA","HOUSTON","1"
"2022","JUNIO","MATRIMONIO","FEMENINO","ESTADOS UNIDOS DE AMERICA","LAS VEGAS","1"
"2022","JUNIO","MATRIMONIO","FEMENINO","ESTADOS UNIDOS DE AMERICA","LOS ANGELES","1"
"2022","JUNIO","MATRIMONIO","FEMENINO","ESTADOS UNIDOS DE AMERICA","MIAMI","1"
"2022","JUNIO","MATRIMONIO","FEMENINO","ESTADOS UNIDOS DE AMERICA","MISSOURI","1"
"2022","JUNIO","MATRIMONIO","FEMENINO","ESTADOS UNIDOS DE AMERICA","NUEVA JERSEY","8"
"2022","JUNIO","MATRIMONIO","FEMENINO","ESTADOS UNIDOS DE AMERICA","NUEVA YORK","4"
"2022","JUNIO","MATRIMONIO","FEMENINO","ESTADOS UNIDOS DE AMERICA","SAN FRANCISCO","1"
"2022","JUNIO","MATRIMONIO","FEMENINO","ESTADOS UNIDOS DE AMERICA","VIRGINIA","5"
"2022","JUNIO","MATRIMONIO","FEMENINO","ESTADOS UNIDOS DE AMERICA","WISCONSIN","1"
"2022","JUNIO","MATRIMONIO","FEMENINO","FRANCIA","ILE DE FRANCE","1"
"2022","JUNIO","MATRIMONIO","FEMENINO","GRAN BRETAŃA","LONDRES","1"
"2022","JUNIO","MATRIMONIO","FEMENINO","GRAN BRETAŃA","SURREY","1"
"2022","JUNIO","MATRIMONIO","FEMENINO","GUATEMALA","GUATEMALA","3"
"2022","JUNIO","MATRIMONIO","FEMENINO","HUANCAVELICA","ACOBAMBA","3"
"2022","JUNIO","MATRIMONIO","FEMENINO","HUANCAVELICA","ANGARAES","1"
"2022","JUNIO","MATRIMONIO","FEMENINO","HUANCAVELICA","HUAYTARA","3"
"2022","JUNIO","MATRIMONIO","FEMENINO","HUANCAVELICA","TAYACAJA","1"
"2022","JUNIO","MATRIMONIO","FEMENINO","HUANUCO","AMBO","1"
"2022","JUNIO","MATRIMONIO","FEMENINO","HUANUCO","HUANUCO","2"
"2022","JUNIO","MATRIMONIO","FEMENINO","HUANUCO","LEONCIO PRADO","10"
"2022","JUNIO","MATRIMONIO","FEMENINO","HUANUCO","PUERTO INCA","1"
"2022","JUNIO","MATRIMONIO","FEMENINO","ICA","CHINCHA","15"
"2022","JUNIO","MATRIMONIO","FEMENINO","ICA","ICA","39"
"2022","JUNIO","MATRIMONIO","FEMENINO","ICA","NASCA","3"
"2022","JUNIO","MATRIMONIO","FEMENINO","ICA","PISCO","8"
"2022","JUNIO","MATRIMONIO","FEMENINO","ITALIA","GENOVA","1"
"2022","JUNIO","MATRIMONIO","FEMENINO","ITALIA","LOMBARDIA","2"
"2022","JUNIO","MATRIMONIO","FEMENINO","ITALIA","MILAN","9"
"2022","JUNIO","MATRIMONIO","FEMENINO","ITALIA","ROMA","2"
"2022","JUNIO","MATRIMONIO","FEMENINO","ITALIA","TURIN","2"
"2022","JUNIO","MATRIMONIO","FEMENINO","JAPON","GUNMA","1"
"2022","JUNIO","MATRIMONIO","FEMENINO","JAPON","TOCHIGI","1"
"2022","JUNIO","MATRIMONIO","FEMENINO","JUNIN","CHANCHAMAYO","1"
"2022","JUNIO","MATRIMONIO","FEMENINO","JUNIN","CHUPACA","4"
"2022","JUNIO","MATRIMONIO","FEMENINO","JUNIN","CONCEPCION","1"
"2022","JUNIO","MATRIMONIO","FEMENINO","JUNIN","HUANCAYO","31"
"2022","JUNIO","MATRIMONIO","FEMENINO","JUNIN","JAUJA","2"
"2022","JUNIO","MATRIMONIO","FEMENINO","JUNIN","SATIPO","1"
"2022","JUNIO","MATRIMONIO","FEMENINO","JUNIN","TARMA","2"
"2022","JUNIO","MATRIMONIO","FEMENINO","LA LIBERTAD","ASCOPE","5"
"2022","JUNIO","MATRIMONIO","FEMENINO","LA LIBERTAD","CHEPEN","1"
"2022","JUNIO","MATRIMONIO","FEMENINO","LA LIBERTAD","GRAN CHIMU","1"
"2022","JUNIO","MATRIMONIO","FEMENINO","LA LIBERTAD","PACASMAYO","4"
"2022","JUNIO","MATRIMONIO","FEMENINO","LA LIBERTAD","SANCHEZ CARRION","1"
"2022","JUNIO","MATRIMONIO","FEMENINO","LA LIBERTAD","TRUJILLO","146"
"2022","JUNIO","MATRIMONIO","FEMENINO","LA LIBERTAD","VIRU","1"
"2022","JUNIO","MATRIMONIO","FEMENINO","LAMBAYEQUE","CHICLAYO","64"
"2022","JUNIO","MATRIMONIO","FEMENINO","LAMBAYEQUE","FERREŃAFE","1"
"2022","JUNIO","MATRIMONIO","FEMENINO","LAMBAYEQUE","LAMBAYEQUE","3"
"2022","JUNIO","MATRIMONIO","FEMENINO","LIMA","BARRANCA","9"
"2022","JUNIO","MATRIMONIO","FEMENINO","LIMA","CANTA","1"
"2022","JUNIO","MATRIMONIO","FEMENINO","LIMA","CAŃETE","11"
"2022","JUNIO","MATRIMONIO","FEMENINO","LIMA","HUARAL","12"
"2022","JUNIO","MATRIMONIO","FEMENINO","LIMA","HUAROCHIRI","10"
"2022","JUNIO","MATRIMONIO","FEMENINO","LIMA","HUAURA","13"
"2022","JUNIO","MATRIMONIO","FEMENINO","LIMA","LIMA","3590"
"2022","JUNIO","MATRIMONIO","FEMENINO","LIMA","YAUYOS","1"
"2022","JUNIO","MATRIMONIO","FEMENINO","LORETO","ALTO AMAZONAS","2"
"2022","JUNIO","MATRIMONIO","FEMENINO","LORETO","MAYNAS","41"
"2022","JUNIO","MATRIMONIO","FEMENINO","LORETO","UCAYALI","1"
"2022","JUNIO","MATRIMONIO","FEMENINO","MADRE DE DIOS","TAHUAMANU","1"
"2022","JUNIO","MATRIMONIO","FEMENINO","MADRE DE DIOS","TAMBOPATA","5"
"2022","JUNIO","MATRIMONIO","FEMENINO","MEXICO","CIUDAD DE MEXICO","1"
"2022","JUNIO","MATRIMONIO","FEMENINO","MOQUEGUA","GENERAL SANCHEZ CERRO","1"
"2022","JUNIO","MATRIMONIO","FEMENINO","MOQUEGUA","ILO","3"
"2022","JUNIO","MATRIMONIO","FEMENINO","MOQUEGUA","MARISCAL NIETO","3"
"2022","JUNIO","MATRIMONIO","FEMENINO","PASCO","PASCO","3"
"2022","JUNIO","MATRIMONIO","FEMENINO","PIURA","HUANCABAMBA","1"
"2022","JUNIO","MATRIMONIO","FEMENINO","PIURA","MORROPON","7"
"2022","JUNIO","MATRIMONIO","FEMENINO","PIURA","PAITA","3"
"2022","JUNIO","MATRIMONIO","FEMENINO","PIURA","PIURA","74"
"2022","JUNIO","MATRIMONIO","FEMENINO","PIURA","SECHURA","3"
"2022","JUNIO","MATRIMONIO","FEMENINO","PIURA","SULLANA","11"
"2022","JUNIO","MATRIMONIO","FEMENINO","PIURA","TALARA","8"
"2022","JUNIO","MATRIMONIO","FEMENINO","PUNO","CHUCUITO","1"
"2022","JUNIO","MATRIMONIO","FEMENINO","PUNO","EL COLLAO","1"
"2022","JUNIO","MATRIMONIO","FEMENINO","PUNO","MELGAR","1"
"2022","JUNIO","MATRIMONIO","FEMENINO","PUNO","SAN ROMAN","5"
"2022","JUNIO","MATRIMONIO","FEMENINO","PUNO","SANDIA","1"
"2022","JUNIO","MATRIMONIO","FEMENINO","REPUBLICA DE PANAMA","PANAMA","1"
"2022","JUNIO","MATRIMONIO","FEMENINO","SAN MARTIN","BELLAVISTA","3"
"2022","JUNIO","MATRIMONIO","FEMENINO","SAN MARTIN","LAMAS","1"
"2022","JUNIO","MATRIMONIO","FEMENINO","SAN MARTIN","MARISCAL CACERES","2"
"2022","JUNIO","MATRIMONIO","FEMENINO","SAN MARTIN","MOYOBAMBA","1"
"2022","JUNIO","MATRIMONIO","FEMENINO","SAN MARTIN","RIOJA","1"
"2022","JUNIO","MATRIMONIO","FEMENINO","SAN MARTIN","SAN MARTIN","10"
"2022","JUNIO","MATRIMONIO","FEMENINO","SAN MARTIN","TOCACHE","1"
"2022","JUNIO","MATRIMONIO","FEMENINO","TACNA","JORGE BASADRE","1"
"2022","JUNIO","MATRIMONIO","FEMENINO","TACNA","TACNA","9"
"2022","JUNIO","MATRIMONIO","FEMENINO","TUMBES","CONTRALMIRANTE VILLAR","1"
"2022","JUNIO","MATRIMONIO","FEMENINO","TUMBES","TUMBES","13"
"2022","JUNIO","MATRIMONIO","FEMENINO","TUMBES","ZARUMILLA","4"
"2022","JUNIO","MATRIMONIO","FEMENINO","UCAYALI","CORONEL PORTILLO","44"
"2022","JUNIO","MATRIMONIO","MASCULINO","ALEMANIA","BERLIN","1"
"2022","JUNIO","MATRIMONIO","MASCULINO","ALEMANIA","MUNICH","1"
"2022","JUNIO","MATRIMONIO","MASCULINO","AMAZONAS","CHACHAPOYAS","1"
"2022","JUNIO","MATRIMONIO","MASCULINO","AMAZONAS","LUYA","1"
"2022","JUNIO","MATRIMONIO","MASCULINO","AMAZONAS","RODRIGUEZ DE MENDOZA","2"
"2022","JUNIO","MATRIMONIO","MASCULINO","ANCASH","CARHUAZ","1"
"2022","JUNIO","MATRIMONIO","MASCULINO","ANCASH","CASMA","1"
"2022","JUNIO","MATRIMONIO","MASCULINO","ANCASH","HUARAZ","1"
"2022","JUNIO","MATRIMONIO","MASCULINO","ANCASH","HUAYLAS","1"
"2022","JUNIO","MATRIMONIO","MASCULINO","ANCASH","MARISCAL LUZURIAGA","1"
"2022","JUNIO","MATRIMONIO","MASCULINO","ANCASH","SANTA","16"
"2022","JUNIO","MATRIMONIO","MASCULINO","APURIMAC","ANDAHUAYLAS","1"
"2022","JUNIO","MATRIMONIO","MASCULINO","APURIMAC","AYMARAES","2"
"2022","JUNIO","MATRIMONIO","MASCULINO","APURIMAC","COTABAMBAS","1"
"2022","JUNIO","MATRIMONIO","MASCULINO","ARABIA SAUDITA","JIDDAH","1"
"2022","JUNIO","MATRIMONIO","MASCULINO","AREQUIPA","AREQUIPA","71"
"2022","JUNIO","MATRIMONIO","MASCULINO","AREQUIPA","CAMANA","1"
"2022","JUNIO","MATRIMONIO","MASCULINO","AREQUIPA","CARAVELI","1"
"2022","JUNIO","MATRIMONIO","MASCULINO","AREQUIPA","CAYLLOMA","2"
"2022","JUNIO","MATRIMONIO","MASCULINO","AREQUIPA","CONDESUYOS","1"
"2022","JUNIO","MATRIMONIO","MASCULINO","AREQUIPA","ISLAY","5"
"2022","JUNIO","MATRIMONIO","MASCULINO","ARGENTINA","CORDOBA","1"
"2022","JUNIO","MATRIMONIO","MASCULINO","AUSTRIA","VIENA","1"
"2022","JUNIO","MATRIMONIO","MASCULINO","AYACUCHO","CANGALLO","13"
"2022","JUNIO","MATRIMONIO","MASCULINO","AYACUCHO","HUAMANGA","8"
"2022","JUNIO","MATRIMONIO","MASCULINO","AYACUCHO","PARINACOCHAS","1"
"2022","JUNIO","MATRIMONIO","MASCULINO","AYACUCHO","VILCAS HUAMAN","1"
"2022","JUNIO","MATRIMONIO","MASCULINO","BRASIL","SAO PAULO","1"
"2022","JUNIO","MATRIMONIO","MASCULINO","CAJAMARCA","CAJABAMBA","1"
"2022","JUNIO","MATRIMONIO","MASCULINO","CAJAMARCA","CAJAMARCA","35"
"2022","JUNIO","MATRIMONIO","MASCULINO","CAJAMARCA","CELENDIN","1"
"2022","JUNIO","MATRIMONIO","MASCULINO","CAJAMARCA","CHOTA","5"
"2022","JUNIO","MATRIMONIO","MASCULINO","CAJAMARCA","JAEN","4"
"2022","JUNIO","MATRIMONIO","MASCULINO","CAJAMARCA","SAN IGNACIO","3"
"2022","JUNIO","MATRIMONIO","MASCULINO","CALLAO","CALLAO","299"
"2022","JUNIO","MATRIMONIO","MASCULINO","CANADA","MONTREAL","1"
"2022","JUNIO","MATRIMONIO","MASCULINO","CANADA","TORONTO","1"
"2022","JUNIO","MATRIMONIO","MASCULINO","CHILE","LOS LAGOS","1"
"2022","JUNIO","MATRIMONIO","MASCULINO","CHILE","SANTIAGO","2"
"2022","JUNIO","MATRIMONIO","MASCULINO","COSTA RICA","HEREDIA","1"
"2022","JUNIO","MATRIMONIO","MASCULINO","COSTA RICA","SAN JOSE","1"
"2022","JUNIO","MATRIMONIO","MASCULINO","CUSCO","ANTA","4"
"2022","JUNIO","MATRIMONIO","MASCULINO","CUSCO","CANCHIS","1"
"2022","JUNIO","MATRIMONIO","MASCULINO","CUSCO","CUSCO","41"
"2022","JUNIO","MATRIMONIO","MASCULINO","CUSCO","PARURO","1"
"2022","JUNIO","MATRIMONIO","MASCULINO","CUSCO","PAUCARTAMBO","1"
"2022","JUNIO","MATRIMONIO","MASCULINO","CUSCO","QUISPICANCHI","2"
"2022","JUNIO","MATRIMONIO","MASCULINO","CUSCO","URUBAMBA","2"
"2022","JUNIO","MATRIMONIO","MASCULINO","ESPAŃA","BALEARES","1"
"2022","JUNIO","MATRIMONIO","MASCULINO","ESPAŃA","BARCELONA","3"
"2022","JUNIO","MATRIMONIO","MASCULINO","ESPAŃA","CANTABRIA","1"
"2022","JUNIO","MATRIMONIO","MASCULINO","ESPAŃA","MADRID","9"
"2022","JUNIO","MATRIMONIO","MASCULINO","ESTADOS UNIDOS DE AMERICA","COLORADO","2"
"2022","JUNIO","MATRIMONIO","MASCULINO","ESTADOS UNIDOS DE AMERICA","CONNECTICUT","1"
"2022","JUNIO","MATRIMONIO","MASCULINO","ESTADOS UNIDOS DE AMERICA","DALLAS","1"
"2022","JUNIO","MATRIMONIO","MASCULINO","ESTADOS UNIDOS DE AMERICA","FLORIDA","1"
"2022","JUNIO","MATRIMONIO","MASCULINO","ESTADOS UNIDOS DE AMERICA","LOS ANGELES","7"
"2022","JUNIO","MATRIMONIO","MASCULINO","ESTADOS UNIDOS DE AMERICA","MARYLAND","2"
"2022","JUNIO","MATRIMONIO","MASCULINO","ESTADOS UNIDOS DE AMERICA","MIAMI","1"
"2022","JUNIO","MATRIMONIO","MASCULINO","ESTADOS UNIDOS DE AMERICA","NUEVA JERSEY","6"
"2022","JUNIO","MATRIMONIO","MASCULINO","ESTADOS UNIDOS DE AMERICA","NUEVA YORK","6"
"2022","JUNIO","MATRIMONIO","MASCULINO","ESTADOS UNIDOS DE AMERICA","PATERSON","4"
"2022","JUNIO","MATRIMONIO","MASCULINO","ESTADOS UNIDOS DE AMERICA","VIRGINIA","3"
"2022","JUNIO","MATRIMONIO","MASCULINO","FRANCIA","NIZA","1"
"2022","JUNIO","MATRIMONIO","MASCULINO","GRAN BRETAŃA","SURREY","1"
"2022","JUNIO","MATRIMONIO","MASCULINO","HUANCAVELICA","ACOBAMBA","1"
"2022","JUNIO","MATRIMONIO","MASCULINO","HUANCAVELICA","ANGARAES","4"
"2022","JUNIO","MATRIMONIO","MASCULINO","HUANCAVELICA","CHURCAMPA","2"
"2022","JUNIO","MATRIMONIO","MASCULINO","HUANCAVELICA","HUANCAVELICA","2"
"2022","JUNIO","MATRIMONIO","MASCULINO","HUANCAVELICA","TAYACAJA","1"
"2022","JUNIO","MATRIMONIO","MASCULINO","HUANUCO","HUAMALIES","3"
"2022","JUNIO","MATRIMONIO","MASCULINO","HUANUCO","HUANUCO","3"
"2022","JUNIO","MATRIMONIO","MASCULINO","HUANUCO","LEONCIO PRADO","3"
"2022","JUNIO","MATRIMONIO","MASCULINO","HUANUCO","PACHITEA","1"
"2022","JUNIO","MATRIMONIO","MASCULINO","HUANUCO","YAROWILCA","1"
"2022","JUNIO","MATRIMONIO","MASCULINO","ICA","CHINCHA","14"
"2022","JUNIO","MATRIMONIO","MASCULINO","ICA","ICA","30"
"2022","JUNIO","MATRIMONIO","MASCULINO","ICA","NASCA","9"
"2022","JUNIO","MATRIMONIO","MASCULINO","ICA","PISCO","3"
"2022","JUNIO","MATRIMONIO","MASCULINO","ITALIA","BOLONIA","1"
"2022","JUNIO","MATRIMONIO","MASCULINO","ITALIA","LACIO","1"
"2022","JUNIO","MATRIMONIO","MASCULINO","ITALIA","MILAN","5"
"2022","JUNIO","MATRIMONIO","MASCULINO","ITALIA","ROMA","2"
"2022","JUNIO","MATRIMONIO","MASCULINO","ITALIA","TOSCANA","1"
"2022","JUNIO","MATRIMONIO","MASCULINO","ITALIA","TURIN","2"
"2022","JUNIO","MATRIMONIO","MASCULINO","JUNIN","CHANCHAMAYO","2"
"2022","JUNIO","MATRIMONIO","MASCULINO","JUNIN","CHUPACA","2"
"2022","JUNIO","MATRIMONIO","MASCULINO","JUNIN","HUANCAYO","64"
"2022","JUNIO","MATRIMONIO","MASCULINO","JUNIN","JAUJA","1"
"2022","JUNIO","MATRIMONIO","MASCULINO","JUNIN","SATIPO","1"
"2022","JUNIO","MATRIMONIO","MASCULINO","LA LIBERTAD","CHEPEN","4"
"2022","JUNIO","MATRIMONIO","MASCULINO","LA LIBERTAD","GRAN CHIMU","1"
"2022","JUNIO","MATRIMONIO","MASCULINO","LA LIBERTAD","OTUZCO","1"
"2022","JUNIO","MATRIMONIO","MASCULINO","LA LIBERTAD","PACASMAYO","2"
"2022","JUNIO","MATRIMONIO","MASCULINO","LA LIBERTAD","PATAZ","2"
"2022","JUNIO","MATRIMONIO","MASCULINO","LA LIBERTAD","SANCHEZ CARRION","1"
"2022","JUNIO","MATRIMONIO","MASCULINO","LA LIBERTAD","TRUJILLO","142"
"2022","JUNIO","MATRIMONIO","MASCULINO","LA LIBERTAD","VIRU","1"
"2022","JUNIO","MATRIMONIO","MASCULINO","LAMBAYEQUE","CHICLAYO","78"
"2022","JUNIO","MATRIMONIO","MASCULINO","LAMBAYEQUE","FERREŃAFE","3"
"2022","JUNIO","MATRIMONIO","MASCULINO","LAMBAYEQUE","LAMBAYEQUE","12"
"2022","JUNIO","MATRIMONIO","MASCULINO","LIMA","BARRANCA","12"
"2022","JUNIO","MATRIMONIO","MASCULINO","LIMA","CANTA","1"
"2022","JUNIO","MATRIMONIO","MASCULINO","LIMA","CAŃETE","6"
"2022","JUNIO","MATRIMONIO","MASCULINO","LIMA","HUARAL","9"
"2022","JUNIO","MATRIMONIO","MASCULINO","LIMA","HUAROCHIRI","10"
"2022","JUNIO","MATRIMONIO","MASCULINO","LIMA","HUAURA","20"
"2022","JUNIO","MATRIMONIO","MASCULINO","LIMA","LIMA","4103"
"2022","JUNIO","MATRIMONIO","MASCULINO","LIMA","YAUYOS","1"
"2022","JUNIO","MATRIMONIO","MASCULINO","LORETO","ALTO AMAZONAS","2"
"2022","JUNIO","MATRIMONIO","MASCULINO","LORETO","LORETO","1"
"2022","JUNIO","MATRIMONIO","MASCULINO","LORETO","MARISCAL RAMON CASTILLA","1"
"2022","JUNIO","MATRIMONIO","MASCULINO","LORETO","MAYNAS","46"
"2022","JUNIO","MATRIMONIO","MASCULINO","LORETO","UCAYALI","1"
"2022","JUNIO","MATRIMONIO","MASCULINO","MADRE DE DIOS","TAHUAMANU","2"
"2022","JUNIO","MATRIMONIO","MASCULINO","MADRE DE DIOS","TAMBOPATA","10"
"2022","JUNIO","MATRIMONIO","MASCULINO","MOQUEGUA","ILO","2"
"2022","JUNIO","MATRIMONIO","MASCULINO","MOQUEGUA","MARISCAL NIETO","1"
"2022","JUNIO","MATRIMONIO","MASCULINO","PASCO","OXAPAMPA","2"
"2022","JUNIO","MATRIMONIO","MASCULINO","PASCO","PASCO","4"
"2022","JUNIO","MATRIMONIO","MASCULINO","PIURA","AYABACA","1"
"2022","JUNIO","MATRIMONIO","MASCULINO","PIURA","HUANCABAMBA","2"
"2022","JUNIO","MATRIMONIO","MASCULINO","PIURA","MORROPON","4"
"2022","JUNIO","MATRIMONIO","MASCULINO","PIURA","PAITA","4"
"2022","JUNIO","MATRIMONIO","MASCULINO","PIURA","PIURA","82"
"2022","JUNIO","MATRIMONIO","MASCULINO","PIURA","SECHURA","1"
"2022","JUNIO","MATRIMONIO","MASCULINO","PIURA","SULLANA","15"
"2022","JUNIO","MATRIMONIO","MASCULINO","PIURA","TALARA","6"
"2022","JUNIO","MATRIMONIO","MASCULINO","PUNO","AZANGARO","1"
"2022","JUNIO","MATRIMONIO","MASCULINO","PUNO","HUANCANE","1"
"2022","JUNIO","MATRIMONIO","MASCULINO","PUNO","PUNO","5"
"2022","JUNIO","MATRIMONIO","MASCULINO","PUNO","SAN ANTONIO DE PUTINA","1"
"2022","JUNIO","MATRIMONIO","MASCULINO","PUNO","SAN ROMAN","11"
"2022","JUNIO","MATRIMONIO","MASCULINO","REPUBLICA POPULAR CHINA","REGION ADMINISTRATIVA ESPECIAL HONG KONG","1"
"2022","JUNIO","MATRIMONIO","MASCULINO","SAN MARTIN","MOYOBAMBA","5"
"2022","JUNIO","MATRIMONIO","MASCULINO","SAN MARTIN","PICOTA","3"
"2022","JUNIO","MATRIMONIO","MASCULINO","SAN MARTIN","RIOJA","2"
"2022","JUNIO","MATRIMONIO","MASCULINO","SAN MARTIN","SAN MARTIN","8"
"2022","JUNIO","MATRIMONIO","MASCULINO","TACNA","JORGE BASADRE","1"
"2022","JUNIO","MATRIMONIO","MASCULINO","TACNA","TACNA","13"
"2022","JUNIO","MATRIMONIO","MASCULINO","TACNA","TARATA","1"
"2022","JUNIO","MATRIMONIO","MASCULINO","TUMBES","CONTRALMIRANTE VILLAR","2"
"2022","JUNIO","MATRIMONIO","MASCULINO","TUMBES","TUMBES","12"
"2022","JUNIO","MATRIMONIO","MASCULINO","TUMBES","ZARUMILLA","5"
"2022","JUNIO","MATRIMONIO","MASCULINO","UCAYALI","ATALAYA","1"
"2022","JUNIO","MATRIMONIO","MASCULINO","UCAYALI","CORONEL PORTILLO","26"
"2022","JUNIO","MATRIMONIO","MASCULINO","UCAYALI","PADRE ABAD","1"
"2022","JUNIO","NACIMIENTO","FEMENINO","ALEMANIA","BADEN-WÜRTTEMBERG","1"
"2022","JUNIO","NACIMIENTO","FEMENINO","ALEMANIA","BAVIERA","1"
"2022","JUNIO","NACIMIENTO","FEMENINO","ALEMANIA","BERLIN","2"
"2022","JUNIO","NACIMIENTO","FEMENINO","ALEMANIA","MUNICH","1"
"2022","JUNIO","NACIMIENTO","FEMENINO","ALEMANIA","RENANIA DEL NORTE-WESTFA","4"
"2022","JUNIO","NACIMIENTO","FEMENINO","ALEMANIA","SAJONIA","1"
"2022","JUNIO","NACIMIENTO","FEMENINO","AMAZONAS","BAGUA","6"
"2022","JUNIO","NACIMIENTO","FEMENINO","AMAZONAS","BONGARA","2"
"2022","JUNIO","NACIMIENTO","FEMENINO","AMAZONAS","CHACHAPOYAS","5"
"2022","JUNIO","NACIMIENTO","FEMENINO","AMAZONAS","CONDORCANQUI","9"
"2022","JUNIO","NACIMIENTO","FEMENINO","AMAZONAS","LUYA","6"
"2022","JUNIO","NACIMIENTO","FEMENINO","AMAZONAS","RODRIGUEZ DE MENDOZA","3"
"2022","JUNIO","NACIMIENTO","FEMENINO","AMAZONAS","UTCUBAMBA","9"
"2022","JUNIO","NACIMIENTO","FEMENINO","ANCASH","ANTONIO RAIMONDI","1"
"2022","JUNIO","NACIMIENTO","FEMENINO","ANCASH","ASUNCION","1"
"2022","JUNIO","NACIMIENTO","FEMENINO","ANCASH","BOLOGNESI","4"
"2022","JUNIO","NACIMIENTO","FEMENINO","ANCASH","CARHUAZ","4"
"2022","JUNIO","NACIMIENTO","FEMENINO","ANCASH","CASMA","3"
"2022","JUNIO","NACIMIENTO","FEMENINO","ANCASH","CORONGO","3"
"2022","JUNIO","NACIMIENTO","FEMENINO","ANCASH","HUARAZ","16"
"2022","JUNIO","NACIMIENTO","FEMENINO","ANCASH","HUARI","28"
"2022","JUNIO","NACIMIENTO","FEMENINO","ANCASH","HUAYLAS","13"
"2022","JUNIO","NACIMIENTO","FEMENINO","ANCASH","MARISCAL LUZURIAGA","2"
"2022","JUNIO","NACIMIENTO","FEMENINO","ANCASH","OCROS","2"
"2022","JUNIO","NACIMIENTO","FEMENINO","ANCASH","PALLASCA","4"
"2022","JUNIO","NACIMIENTO","FEMENINO","ANCASH","RECUAY","1"
"2022","JUNIO","NACIMIENTO","FEMENINO","ANCASH","SANTA","141"
"2022","JUNIO","NACIMIENTO","FEMENINO","ANCASH","SIHUAS","1"
"2022","JUNIO","NACIMIENTO","FEMENINO","ANCASH","YUNGAY","5"
"2022","JUNIO","NACIMIENTO","FEMENINO","APURIMAC","ABANCAY","7"
"2022","JUNIO","NACIMIENTO","FEMENINO","APURIMAC","ANDAHUAYLAS","8"
"2022","JUNIO","NACIMIENTO","FEMENINO","APURIMAC","ANTABAMBA","4"
"2022","JUNIO","NACIMIENTO","FEMENINO","APURIMAC","AYMARAES","5"
"2022","JUNIO","NACIMIENTO","FEMENINO","APURIMAC","CHINCHEROS","10"
"2022","JUNIO","NACIMIENTO","FEMENINO","APURIMAC","COTABAMBAS","8"
"2022","JUNIO","NACIMIENTO","FEMENINO","AREQUIPA","AREQUIPA","278"
"2022","JUNIO","NACIMIENTO","FEMENINO","AREQUIPA","CAMANA","6"
"2022","JUNIO","NACIMIENTO","FEMENINO","AREQUIPA","CARAVELI","4"
"2022","JUNIO","NACIMIENTO","FEMENINO","AREQUIPA","CASTILLA","4"
"2022","JUNIO","NACIMIENTO","FEMENINO","AREQUIPA","CAYLLOMA","25"
"2022","JUNIO","NACIMIENTO","FEMENINO","AREQUIPA","CONDESUYOS","1"
"2022","JUNIO","NACIMIENTO","FEMENINO","AREQUIPA","ISLAY","5"
"2022","JUNIO","NACIMIENTO","FEMENINO","AREQUIPA","LA UNION","1"
"2022","JUNIO","NACIMIENTO","FEMENINO","ARGENTINA","BUENOS AIRES","14"
"2022","JUNIO","NACIMIENTO","FEMENINO","ARGENTINA","CORDOBA","3"
"2022","JUNIO","NACIMIENTO","FEMENINO","ARGENTINA","LA PLATA","1"
"2022","JUNIO","NACIMIENTO","FEMENINO","ARGENTINA","LA RIOJA","1"
"2022","JUNIO","NACIMIENTO","FEMENINO","ARGENTINA","ROSARIO DE SANTA FE","1"
"2022","JUNIO","NACIMIENTO","FEMENINO","AUSTRALIA","SIDNEY","1"
"2022","JUNIO","NACIMIENTO","FEMENINO","AYACUCHO","HUAMANGA","37"
"2022","JUNIO","NACIMIENTO","FEMENINO","AYACUCHO","HUANCA SANCOS","1"
"2022","JUNIO","NACIMIENTO","FEMENINO","AYACUCHO","HUANTA","8"
"2022","JUNIO","NACIMIENTO","FEMENINO","AYACUCHO","LA MAR","9"
"2022","JUNIO","NACIMIENTO","FEMENINO","AYACUCHO","LUCANAS","3"
"2022","JUNIO","NACIMIENTO","FEMENINO","AYACUCHO","PARINACOCHAS","9"
"2022","JUNIO","NACIMIENTO","FEMENINO","AYACUCHO","PAUCAR DEL SARA SARA","3"
"2022","JUNIO","NACIMIENTO","FEMENINO","AYACUCHO","SUCRE","2"
"2022","JUNIO","NACIMIENTO","FEMENINO","AYACUCHO","VICTOR FAJARDO","6"
"2022","JUNIO","NACIMIENTO","FEMENINO","AYACUCHO","VILCAS HUAMAN","1"
"2022","JUNIO","NACIMIENTO","FEMENINO","BAHAMAS","NASSAU","1"
"2022","JUNIO","NACIMIENTO","FEMENINO","BELGICA","BRUSELAS","3"
"2022","JUNIO","NACIMIENTO","FEMENINO","BOLIVIA","LA PAZ","1"
"2022","JUNIO","NACIMIENTO","FEMENINO","BRASIL","SAO PAULO","1"
"2022","JUNIO","NACIMIENTO","FEMENINO","CAJAMARCA","CAJABAMBA","11"
"2022","JUNIO","NACIMIENTO","FEMENINO","CAJAMARCA","CAJAMARCA","257"
"2022","JUNIO","NACIMIENTO","FEMENINO","CAJAMARCA","CELENDIN","4"
"2022","JUNIO","NACIMIENTO","FEMENINO","CAJAMARCA","CHOTA","10"
"2022","JUNIO","NACIMIENTO","FEMENINO","CAJAMARCA","CONTUMAZA","3"
"2022","JUNIO","NACIMIENTO","FEMENINO","CAJAMARCA","CUTERVO","11"
"2022","JUNIO","NACIMIENTO","FEMENINO","CAJAMARCA","HUALGAYOC","7"
"2022","JUNIO","NACIMIENTO","FEMENINO","CAJAMARCA","JAEN","15"
"2022","JUNIO","NACIMIENTO","FEMENINO","CAJAMARCA","SAN IGNACIO","11"
"2022","JUNIO","NACIMIENTO","FEMENINO","CAJAMARCA","SAN MARCOS","3"
"2022","JUNIO","NACIMIENTO","FEMENINO","CAJAMARCA","SAN MIGUEL","7"
"2022","JUNIO","NACIMIENTO","FEMENINO","CAJAMARCA","SAN PABLO","5"
"2022","JUNIO","NACIMIENTO","FEMENINO","CAJAMARCA","SANTA CRUZ","5"
"2022","JUNIO","NACIMIENTO","FEMENINO","CALLAO","CALLAO","1039"
"2022","JUNIO","NACIMIENTO","FEMENINO","CANADA","ALBERTA","2"
"2022","JUNIO","NACIMIENTO","FEMENINO","CANADA","MONTREAL","6"
"2022","JUNIO","NACIMIENTO","FEMENINO","CANADA","ONTARIO","4"
"2022","JUNIO","NACIMIENTO","FEMENINO","CANADA","TORONTO","3"
"2022","JUNIO","NACIMIENTO","FEMENINO","CHILE","ANTOFAGASTA","1"
"2022","JUNIO","NACIMIENTO","FEMENINO","CHILE","IQUIQUE","5"
"2022","JUNIO","NACIMIENTO","FEMENINO","CHILE","SANTIAGO","31"
"2022","JUNIO","NACIMIENTO","FEMENINO","CHILE","TARAPACA","1"
"2022","JUNIO","NACIMIENTO","FEMENINO","COLOMBIA","CALI","1"
"2022","JUNIO","NACIMIENTO","FEMENINO","CUSCO","ACOMAYO","5"
"2022","JUNIO","NACIMIENTO","FEMENINO","CUSCO","ANTA","28"
"2022","JUNIO","NACIMIENTO","FEMENINO","CUSCO","CALCA","6"
"2022","JUNIO","NACIMIENTO","FEMENINO","CUSCO","CANAS","2"
"2022","JUNIO","NACIMIENTO","FEMENINO","CUSCO","CANCHIS","9"
"2022","JUNIO","NACIMIENTO","FEMENINO","CUSCO","CHUMBIVILCAS","12"
"2022","JUNIO","NACIMIENTO","FEMENINO","CUSCO","CUSCO","263"
"2022","JUNIO","NACIMIENTO","FEMENINO","CUSCO","ESPINAR","1"
"2022","JUNIO","NACIMIENTO","FEMENINO","CUSCO","LA CONVENCION","23"
"2022","JUNIO","NACIMIENTO","FEMENINO","CUSCO","PARURO","7"
"2022","JUNIO","NACIMIENTO","FEMENINO","CUSCO","PAUCARTAMBO","4"
"2022","JUNIO","NACIMIENTO","FEMENINO","CUSCO","QUISPICANCHI","15"
"2022","JUNIO","NACIMIENTO","FEMENINO","CUSCO","URUBAMBA","31"
"2022","JUNIO","NACIMIENTO","FEMENINO","ESPAŃA","ALMERIA","2"
"2022","JUNIO","NACIMIENTO","FEMENINO","ESPAŃA","BARCELONA","16"
"2022","JUNIO","NACIMIENTO","FEMENINO","ESPAŃA","BURGOS","1"
"2022","JUNIO","NACIMIENTO","FEMENINO","ESPAŃA","CADIZ","1"
"2022","JUNIO","NACIMIENTO","FEMENINO","ESPAŃA","CANTABRIA","3"
"2022","JUNIO","NACIMIENTO","FEMENINO","ESPAŃA","GERONA","1"
"2022","JUNIO","NACIMIENTO","FEMENINO","ESPAŃA","GRANADA","2"
"2022","JUNIO","NACIMIENTO","FEMENINO","ESPAŃA","LA CORUŃA","1"
"2022","JUNIO","NACIMIENTO","FEMENINO","ESPAŃA","MADRID","41"
"2022","JUNIO","NACIMIENTO","FEMENINO","ESPAŃA","MALLORCA","1"
"2022","JUNIO","NACIMIENTO","FEMENINO","ESPAŃA","SALAMANCA","2"
"2022","JUNIO","NACIMIENTO","FEMENINO","ESPAŃA","TARRAGONA","1"
"2022","JUNIO","NACIMIENTO","FEMENINO","ESPAŃA","TOLEDO","6"
"2022","JUNIO","NACIMIENTO","FEMENINO","ESPAŃA","VALENCIA","1"
"2022","JUNIO","NACIMIENTO","FEMENINO","ESPAŃA","VIGO","1"
"2022","JUNIO","NACIMIENTO","FEMENINO","ESPAŃA","VIZCAYA","2"
"2022","JUNIO","NACIMIENTO","FEMENINO","ESPAŃA","ZARAGOZA","2"
"2022","JUNIO","NACIMIENTO","FEMENINO","ESTADOS UNIDOS DE AMERICA","ARIZONA","2"
"2022","JUNIO","NACIMIENTO","FEMENINO","ESTADOS UNIDOS DE AMERICA","AUSTIN","1"
"2022","JUNIO","NACIMIENTO","FEMENINO","ESTADOS UNIDOS DE AMERICA","BOSTON","2"
"2022","JUNIO","NACIMIENTO","FEMENINO","ESTADOS UNIDOS DE AMERICA","CAROLINA DEL NORTE","1"
"2022","JUNIO","NACIMIENTO","FEMENINO","ESTADOS UNIDOS DE AMERICA","CONNECTICUT","2"
"2022","JUNIO","NACIMIENTO","FEMENINO","ESTADOS UNIDOS DE AMERICA","DALLAS","1"
"2022","JUNIO","NACIMIENTO","FEMENINO","ESTADOS UNIDOS DE AMERICA","FLORIDA","5"
"2022","JUNIO","NACIMIENTO","FEMENINO","ESTADOS UNIDOS DE AMERICA","FORT LAUDERDALE","2"
"2022","JUNIO","NACIMIENTO","FEMENINO","ESTADOS UNIDOS DE AMERICA","GEORGIA","4"
"2022","JUNIO","NACIMIENTO","FEMENINO","ESTADOS UNIDOS DE AMERICA","HOUSTON","1"
"2022","JUNIO","NACIMIENTO","FEMENINO","ESTADOS UNIDOS DE AMERICA","ILLINOIS","2"
"2022","JUNIO","NACIMIENTO","FEMENINO","ESTADOS UNIDOS DE AMERICA","INDIANA","1"
"2022","JUNIO","NACIMIENTO","FEMENINO","ESTADOS UNIDOS DE AMERICA","KANSAS","1"
"2022","JUNIO","NACIMIENTO","FEMENINO","ESTADOS UNIDOS DE AMERICA","LOS ANGELES","19"
"2022","JUNIO","NACIMIENTO","FEMENINO","ESTADOS UNIDOS DE AMERICA","MARYLAND","8"
"2022","JUNIO","NACIMIENTO","FEMENINO","ESTADOS UNIDOS DE AMERICA","MIAMI","23"
"2022","JUNIO","NACIMIENTO","FEMENINO","ESTADOS UNIDOS DE AMERICA","MISSOURI","1"
"2022","JUNIO","NACIMIENTO","FEMENINO","ESTADOS UNIDOS DE AMERICA","NUEVA JERSEY","26"
"2022","JUNIO","NACIMIENTO","FEMENINO","ESTADOS UNIDOS DE AMERICA","NUEVA YORK","15"
"2022","JUNIO","NACIMIENTO","FEMENINO","ESTADOS UNIDOS DE AMERICA","NUEVO MEXICO","1"
"2022","JUNIO","NACIMIENTO","FEMENINO","ESTADOS UNIDOS DE AMERICA","ORLANDO","1"
"2022","JUNIO","NACIMIENTO","FEMENINO","ESTADOS UNIDOS DE AMERICA","RHODE ISLAND","1"
"2022","JUNIO","NACIMIENTO","FEMENINO","ESTADOS UNIDOS DE AMERICA","SAN DIEGO","1"
"2022","JUNIO","NACIMIENTO","FEMENINO","ESTADOS UNIDOS DE AMERICA","SAN FRANCISCO","5"
"2022","JUNIO","NACIMIENTO","FEMENINO","ESTADOS UNIDOS DE AMERICA","TAMPA","2"
"2022","JUNIO","NACIMIENTO","FEMENINO","ESTADOS UNIDOS DE AMERICA","TENNESSEE","1"
"2022","JUNIO","NACIMIENTO","FEMENINO","ESTADOS UNIDOS DE AMERICA","UTAH","5"
"2022","JUNIO","NACIMIENTO","FEMENINO","ESTADOS UNIDOS DE AMERICA","VIRGINIA","14"
"2022","JUNIO","NACIMIENTO","FEMENINO","ESTADOS UNIDOS DE AMERICA","WASHINGTON D. C.","1"
"2022","JUNIO","NACIMIENTO","FEMENINO","FRANCIA","ILE DE FRANCE","2"
"2022","JUNIO","NACIMIENTO","FEMENINO","FRANCIA","LORENA","1"
"2022","JUNIO","NACIMIENTO","FEMENINO","FRANCIA","MEDIODIA PIRINEOS","1"
"2022","JUNIO","NACIMIENTO","FEMENINO","FRANCIA","PARIS","2"
"2022","JUNIO","NACIMIENTO","FEMENINO","FRANCIA","RHONE - ALPES","1"
"2022","JUNIO","NACIMIENTO","FEMENINO","FRANCIA","TOULOUSE","1"
"2022","JUNIO","NACIMIENTO","FEMENINO","GRAN BRETAŃA","LONDRES","1"
"2022","JUNIO","NACIMIENTO","FEMENINO","GUATEMALA","GUATEMALA","2"
"2022","JUNIO","NACIMIENTO","FEMENINO","HOLANDA","AMSTERDAM","1"
"2022","JUNIO","NACIMIENTO","FEMENINO","HOLANDA","GELDRE","1"
"2022","JUNIO","NACIMIENTO","FEMENINO","HUANCAVELICA","ACOBAMBA","8"
"2022","JUNIO","NACIMIENTO","FEMENINO","HUANCAVELICA","ANGARAES","36"
"2022","JUNIO","NACIMIENTO","FEMENINO","HUANCAVELICA","CASTROVIRREYNA","7"
"2022","JUNIO","NACIMIENTO","FEMENINO","HUANCAVELICA","CHURCAMPA","7"
"2022","JUNIO","NACIMIENTO","FEMENINO","HUANCAVELICA","HUANCAVELICA","34"
"2022","JUNIO","NACIMIENTO","FEMENINO","HUANCAVELICA","HUAYTARA","7"
"2022","JUNIO","NACIMIENTO","FEMENINO","HUANCAVELICA","TAYACAJA","47"
"2022","JUNIO","NACIMIENTO","FEMENINO","HUANUCO","AMBO","8"
"2022","JUNIO","NACIMIENTO","FEMENINO","HUANUCO","DOS DE MAYO","9"
"2022","JUNIO","NACIMIENTO","FEMENINO","HUANUCO","HUACAYBAMBA","3"
"2022","JUNIO","NACIMIENTO","FEMENINO","HUANUCO","HUAMALIES","11"
"2022","JUNIO","NACIMIENTO","FEMENINO","HUANUCO","HUANUCO","30"
"2022","JUNIO","NACIMIENTO","FEMENINO","HUANUCO","LAURICOCHA","3"
"2022","JUNIO","NACIMIENTO","FEMENINO","HUANUCO","LEONCIO PRADO","63"
"2022","JUNIO","NACIMIENTO","FEMENINO","HUANUCO","MARAŃON","5"
"2022","JUNIO","NACIMIENTO","FEMENINO","HUANUCO","PACHITEA","7"
"2022","JUNIO","NACIMIENTO","FEMENINO","HUANUCO","PUERTO INCA","1"
"2022","JUNIO","NACIMIENTO","FEMENINO","HUANUCO","YAROWILCA","7"
"2022","JUNIO","NACIMIENTO","FEMENINO","ICA","CHINCHA","111"
"2022","JUNIO","NACIMIENTO","FEMENINO","ICA","ICA","201"
"2022","JUNIO","NACIMIENTO","FEMENINO","ICA","NASCA","28"
"2022","JUNIO","NACIMIENTO","FEMENINO","ICA","PALPA","2"
"2022","JUNIO","NACIMIENTO","FEMENINO","ICA","PISCO","59"
"2022","JUNIO","NACIMIENTO","FEMENINO","IRLANDA","CORK","1"
"2022","JUNIO","NACIMIENTO","FEMENINO","ITALIA","BOLONIA","1"
"2022","JUNIO","NACIMIENTO","FEMENINO","ITALIA","EMILIA ROMAGNA","2"
"2022","JUNIO","NACIMIENTO","FEMENINO","ITALIA","FLORENCIA","5"
"2022","JUNIO","NACIMIENTO","FEMENINO","ITALIA","GENOVA","4"
"2022","JUNIO","NACIMIENTO","FEMENINO","ITALIA","IMPERIA","2"
"2022","JUNIO","NACIMIENTO","FEMENINO","ITALIA","LACIO","1"
"2022","JUNIO","NACIMIENTO","FEMENINO","ITALIA","LECCO","1"
"2022","JUNIO","NACIMIENTO","FEMENINO","ITALIA","LOMBARDIA","6"
"2022","JUNIO","NACIMIENTO","FEMENINO","ITALIA","MARCAS","4"
"2022","JUNIO","NACIMIENTO","FEMENINO","ITALIA","MILAN","20"
"2022","JUNIO","NACIMIENTO","FEMENINO","ITALIA","PERUGIA","1"
"2022","JUNIO","NACIMIENTO","FEMENINO","ITALIA","ROMA","11"
"2022","JUNIO","NACIMIENTO","FEMENINO","ITALIA","SIENA","1"
"2022","JUNIO","NACIMIENTO","FEMENINO","ITALIA","TRENTINO ALTO ADIGIO","1"
"2022","JUNIO","NACIMIENTO","FEMENINO","ITALIA","TURIN","5"
"2022","JUNIO","NACIMIENTO","FEMENINO","JAPON","AICHI","1"
"2022","JUNIO","NACIMIENTO","FEMENINO","JAPON","FUKUOKA","1"
"2022","JUNIO","NACIMIENTO","FEMENINO","JAPON","GUNMA","3"
"2022","JUNIO","NACIMIENTO","FEMENINO","JAPON","KANAGAWA","4"
"2022","JUNIO","NACIMIENTO","FEMENINO","JAPON","MIE","1"
"2022","JUNIO","NACIMIENTO","FEMENINO","JAPON","NARA","2"
"2022","JUNIO","NACIMIENTO","FEMENINO","JAPON","OSAKA","2"
"2022","JUNIO","NACIMIENTO","FEMENINO","JAPON","SHIZUOKA","1"
"2022","JUNIO","NACIMIENTO","FEMENINO","JUNIN","CHANCHAMAYO","18"
"2022","JUNIO","NACIMIENTO","FEMENINO","JUNIN","CHUPACA","36"
"2022","JUNIO","NACIMIENTO","FEMENINO","JUNIN","CONCEPCION","14"
"2022","JUNIO","NACIMIENTO","FEMENINO","JUNIN","HUANCAYO","170"
"2022","JUNIO","NACIMIENTO","FEMENINO","JUNIN","JAUJA","9"
"2022","JUNIO","NACIMIENTO","FEMENINO","JUNIN","JUNIN","2"
"2022","JUNIO","NACIMIENTO","FEMENINO","JUNIN","SATIPO","12"
"2022","JUNIO","NACIMIENTO","FEMENINO","JUNIN","TARMA","12"
"2022","JUNIO","NACIMIENTO","FEMENINO","JUNIN","YAULI","8"
"2022","JUNIO","NACIMIENTO","FEMENINO","LA LIBERTAD","ASCOPE","50"
"2022","JUNIO","NACIMIENTO","FEMENINO","LA LIBERTAD","CHEPEN","15"
"2022","JUNIO","NACIMIENTO","FEMENINO","LA LIBERTAD","GRAN CHIMU","8"
"2022","JUNIO","NACIMIENTO","FEMENINO","LA LIBERTAD","OTUZCO","18"
"2022","JUNIO","NACIMIENTO","FEMENINO","LA LIBERTAD","PACASMAYO","23"
"2022","JUNIO","NACIMIENTO","FEMENINO","LA LIBERTAD","PATAZ","10"
"2022","JUNIO","NACIMIENTO","FEMENINO","LA LIBERTAD","SANCHEZ CARRION","14"
"2022","JUNIO","NACIMIENTO","FEMENINO","LA LIBERTAD","SANTIAGO DE CHUCO","10"
"2022","JUNIO","NACIMIENTO","FEMENINO","LA LIBERTAD","TRUJILLO","858"
"2022","JUNIO","NACIMIENTO","FEMENINO","LA LIBERTAD","VIRU","28"
"2022","JUNIO","NACIMIENTO","FEMENINO","LAMBAYEQUE","CHICLAYO","314"
"2022","JUNIO","NACIMIENTO","FEMENINO","LAMBAYEQUE","FERREŃAFE","6"
"2022","JUNIO","NACIMIENTO","FEMENINO","LAMBAYEQUE","LAMBAYEQUE","22"
"2022","JUNIO","NACIMIENTO","FEMENINO","LIMA","BARRANCA","29"
"2022","JUNIO","NACIMIENTO","FEMENINO","LIMA","CANTA","7"
"2022","JUNIO","NACIMIENTO","FEMENINO","LIMA","CAŃETE","66"
"2022","JUNIO","NACIMIENTO","FEMENINO","LIMA","HUARAL","55"
"2022","JUNIO","NACIMIENTO","FEMENINO","LIMA","HUAROCHIRI","65"
"2022","JUNIO","NACIMIENTO","FEMENINO","LIMA","HUAURA","50"
"2022","JUNIO","NACIMIENTO","FEMENINO","LIMA","LIMA","12927"
"2022","JUNIO","NACIMIENTO","FEMENINO","LIMA","OYON","4"
"2022","JUNIO","NACIMIENTO","FEMENINO","LIMA","YAUYOS","9"
"2022","JUNIO","NACIMIENTO","FEMENINO","LORETO","ALTO AMAZONAS","13"
"2022","JUNIO","NACIMIENTO","FEMENINO","LORETO","DATEM DEL MARAŃON","6"
"2022","JUNIO","NACIMIENTO","FEMENINO","LORETO","LORETO","7"
"2022","JUNIO","NACIMIENTO","FEMENINO","LORETO","MARISCAL RAMON CASTILLA","2"
"2022","JUNIO","NACIMIENTO","FEMENINO","LORETO","MAYNAS","200"
"2022","JUNIO","NACIMIENTO","FEMENINO","LORETO","PUTUMAYO","1"
"2022","JUNIO","NACIMIENTO","FEMENINO","LORETO","REQUENA","1"
"2022","JUNIO","NACIMIENTO","FEMENINO","LORETO","UCAYALI","3"
"2022","JUNIO","NACIMIENTO","FEMENINO","MADRE DE DIOS","MANU","5"
"2022","JUNIO","NACIMIENTO","FEMENINO","MADRE DE DIOS","TAHUAMANU","4"
"2022","JUNIO","NACIMIENTO","FEMENINO","MADRE DE DIOS","TAMBOPATA","48"
"2022","JUNIO","NACIMIENTO","FEMENINO","MEXICO","HIDALGO","1"
"2022","JUNIO","NACIMIENTO","FEMENINO","MEXICO","NUEVO LEON","1"
"2022","JUNIO","NACIMIENTO","FEMENINO","MOQUEGUA","GENERAL SANCHEZ CERRO","1"
"2022","JUNIO","NACIMIENTO","FEMENINO","MOQUEGUA","ILO","12"
"2022","JUNIO","NACIMIENTO","FEMENINO","MOQUEGUA","MARISCAL NIETO","4"
"2022","JUNIO","NACIMIENTO","FEMENINO","PASCO","DANIEL ALCIDES CARRION","3"
"2022","JUNIO","NACIMIENTO","FEMENINO","PASCO","OXAPAMPA","5"
"2022","JUNIO","NACIMIENTO","FEMENINO","PASCO","PASCO","18"
"2022","JUNIO","NACIMIENTO","FEMENINO","PIURA","AYABACA","20"
"2022","JUNIO","NACIMIENTO","FEMENINO","PIURA","HUANCABAMBA","9"
"2022","JUNIO","NACIMIENTO","FEMENINO","PIURA","MORROPON","44"
"2022","JUNIO","NACIMIENTO","FEMENINO","PIURA","PAITA","41"
"2022","JUNIO","NACIMIENTO","FEMENINO","PIURA","PIURA","252"
"2022","JUNIO","NACIMIENTO","FEMENINO","PIURA","SECHURA","7"
"2022","JUNIO","NACIMIENTO","FEMENINO","PIURA","SULLANA","124"
"2022","JUNIO","NACIMIENTO","FEMENINO","PIURA","TALARA","32"
"2022","JUNIO","NACIMIENTO","FEMENINO","PORTUGAL","LISBOA","1"
"2022","JUNIO","NACIMIENTO","FEMENINO","PUNO","AZANGARO","6"
"2022","JUNIO","NACIMIENTO","FEMENINO","PUNO","CARABAYA","2"
"2022","JUNIO","NACIMIENTO","FEMENINO","PUNO","CHUCUITO","4"
"2022","JUNIO","NACIMIENTO","FEMENINO","PUNO","EL COLLAO","13"
"2022","JUNIO","NACIMIENTO","FEMENINO","PUNO","HUANCANE","4"
"2022","JUNIO","NACIMIENTO","FEMENINO","PUNO","LAMPA","2"
"2022","JUNIO","NACIMIENTO","FEMENINO","PUNO","MELGAR","7"
"2022","JUNIO","NACIMIENTO","FEMENINO","PUNO","MOHO","1"
"2022","JUNIO","NACIMIENTO","FEMENINO","PUNO","PUNO","16"
"2022","JUNIO","NACIMIENTO","FEMENINO","PUNO","SAN ANTONIO DE PUTINA","1"
"2022","JUNIO","NACIMIENTO","FEMENINO","PUNO","SAN ROMAN","35"
"2022","JUNIO","NACIMIENTO","FEMENINO","PUNO","SANDIA","4"
"2022","JUNIO","NACIMIENTO","FEMENINO","PUNO","YUNGUYO","4"
"2022","JUNIO","NACIMIENTO","FEMENINO","REINO UNIDO DE GRAN BRETAŃA E IRLANDA DEL NORTE","INGLATERRA","1"
"2022","JUNIO","NACIMIENTO","FEMENINO","SAN MARTIN","BELLAVISTA","4"
"2022","JUNIO","NACIMIENTO","FEMENINO","SAN MARTIN","EL DORADO","3"
"2022","JUNIO","NACIMIENTO","FEMENINO","SAN MARTIN","HUALLAGA","1"
"2022","JUNIO","NACIMIENTO","FEMENINO","SAN MARTIN","LAMAS","3"
"2022","JUNIO","NACIMIENTO","FEMENINO","SAN MARTIN","MARISCAL CACERES","6"
"2022","JUNIO","NACIMIENTO","FEMENINO","SAN MARTIN","MOYOBAMBA","21"
"2022","JUNIO","NACIMIENTO","FEMENINO","SAN MARTIN","PICOTA","3"
"2022","JUNIO","NACIMIENTO","FEMENINO","SAN MARTIN","RIOJA","16"
"2022","JUNIO","NACIMIENTO","FEMENINO","SAN MARTIN","SAN MARTIN","39"
"2022","JUNIO","NACIMIENTO","FEMENINO","SAN MARTIN","TOCACHE","6"
"2022","JUNIO","NACIMIENTO","FEMENINO","SUECIA","ESTOCOLMO","1"
"2022","JUNIO","NACIMIENTO","FEMENINO","SUECIA","UPPSALA","1"
"2022","JUNIO","NACIMIENTO","FEMENINO","SUIZA","GINEBRA","1"
"2022","JUNIO","NACIMIENTO","FEMENINO","SUIZA","ZURICH","1"
"2022","JUNIO","NACIMIENTO","FEMENINO","TACNA","JORGE BASADRE","1"
"2022","JUNIO","NACIMIENTO","FEMENINO","TACNA","TACNA","66"
"2022","JUNIO","NACIMIENTO","FEMENINO","TACNA","TARATA","1"
"2022","JUNIO","NACIMIENTO","FEMENINO","TUMBES","CONTRALMIRANTE VILLAR","9"
"2022","JUNIO","NACIMIENTO","FEMENINO","TUMBES","TUMBES","85"
"2022","JUNIO","NACIMIENTO","FEMENINO","TUMBES","ZARUMILLA","16"
"2022","JUNIO","NACIMIENTO","FEMENINO","UCAYALI","ATALAYA","3"
"2022","JUNIO","NACIMIENTO","FEMENINO","UCAYALI","CORONEL PORTILLO","167"
"2022","JUNIO","NACIMIENTO","FEMENINO","UCAYALI","PADRE ABAD","12"
"2022","JUNIO","NACIMIENTO","FEMENINO","UCAYALI","PURUS","1"
"2022","JUNIO","NACIMIENTO","FEMENINO","VENEZUELA","ANZOATEGUI","1"
"2022","JUNIO","NACIMIENTO","FEMENINO","VENEZUELA","CARACAS","1"
"2022","JUNIO","NACIMIENTO","FEMENINO","VENEZUELA","YARACUY","1"
"2022","JUNIO","NACIMIENTO","MASCULINO","ALEMANIA","BERLIN","1"
"2022","JUNIO","NACIMIENTO","MASCULINO","ALEMANIA","HAMBURGO","1"
"2022","JUNIO","NACIMIENTO","MASCULINO","ALEMANIA","MUNICH","1"
"2022","JUNIO","NACIMIENTO","MASCULINO","ALEMANIA","RENANIA DEL NORTE-WESTFA","1"
"2022","JUNIO","NACIMIENTO","MASCULINO","AMAZONAS","BAGUA","4"
"2022","JUNIO","NACIMIENTO","MASCULINO","AMAZONAS","CHACHAPOYAS","5"
"2022","JUNIO","NACIMIENTO","MASCULINO","AMAZONAS","CONDORCANQUI","1"
"2022","JUNIO","NACIMIENTO","MASCULINO","AMAZONAS","LUYA","3"
"2022","JUNIO","NACIMIENTO","MASCULINO","AMAZONAS","RODRIGUEZ DE MENDOZA","5"
"2022","JUNIO","NACIMIENTO","MASCULINO","AMAZONAS","UTCUBAMBA","8"
"2022","JUNIO","NACIMIENTO","MASCULINO","ANCASH","AIJA","1"
"2022","JUNIO","NACIMIENTO","MASCULINO","ANCASH","ASUNCION","1"
"2022","JUNIO","NACIMIENTO","MASCULINO","ANCASH","CARHUAZ","2"
"2022","JUNIO","NACIMIENTO","MASCULINO","ANCASH","CASMA","2"
"2022","JUNIO","NACIMIENTO","MASCULINO","ANCASH","CORONGO","3"
"2022","JUNIO","NACIMIENTO","MASCULINO","ANCASH","HUARAZ","16"
"2022","JUNIO","NACIMIENTO","MASCULINO","ANCASH","HUARI","13"
"2022","JUNIO","NACIMIENTO","MASCULINO","ANCASH","HUARMEY","4"
"2022","JUNIO","NACIMIENTO","MASCULINO","ANCASH","HUAYLAS","6"
"2022","JUNIO","NACIMIENTO","MASCULINO","ANCASH","MARISCAL LUZURIAGA","2"
"2022","JUNIO","NACIMIENTO","MASCULINO","ANCASH","PALLASCA","2"
"2022","JUNIO","NACIMIENTO","MASCULINO","ANCASH","POMABAMBA","3"
"2022","JUNIO","NACIMIENTO","MASCULINO","ANCASH","RECUAY","4"
"2022","JUNIO","NACIMIENTO","MASCULINO","ANCASH","SANTA","70"
"2022","JUNIO","NACIMIENTO","MASCULINO","ANCASH","SIHUAS","1"
"2022","JUNIO","NACIMIENTO","MASCULINO","ANCASH","YUNGAY","5"
"2022","JUNIO","NACIMIENTO","MASCULINO","APURIMAC","ABANCAY","9"
"2022","JUNIO","NACIMIENTO","MASCULINO","APURIMAC","ANDAHUAYLAS","7"
"2022","JUNIO","NACIMIENTO","MASCULINO","APURIMAC","AYMARAES","3"
"2022","JUNIO","NACIMIENTO","MASCULINO","APURIMAC","CHINCHEROS","4"
"2022","JUNIO","NACIMIENTO","MASCULINO","APURIMAC","COTABAMBAS","3"
"2022","JUNIO","NACIMIENTO","MASCULINO","APURIMAC","GRAU","5"
"2022","JUNIO","NACIMIENTO","MASCULINO","AREQUIPA","AREQUIPA","178"
"2022","JUNIO","NACIMIENTO","MASCULINO","AREQUIPA","CAMANA","5"
"2022","JUNIO","NACIMIENTO","MASCULINO","AREQUIPA","CARAVELI","3"
"2022","JUNIO","NACIMIENTO","MASCULINO","AREQUIPA","CAYLLOMA","6"
"2022","JUNIO","NACIMIENTO","MASCULINO","AREQUIPA","CONDESUYOS","2"
"2022","JUNIO","NACIMIENTO","MASCULINO","AREQUIPA","ISLAY","2"
"2022","JUNIO","NACIMIENTO","MASCULINO","AREQUIPA","LA UNION","4"
"2022","JUNIO","NACIMIENTO","MASCULINO","ARGENTINA","BUENOS AIRES","26"
"2022","JUNIO","NACIMIENTO","MASCULINO","ARGENTINA","CORDOBA","6"
"2022","JUNIO","NACIMIENTO","MASCULINO","ARGENTINA","LA RIOJA","1"
"2022","JUNIO","NACIMIENTO","MASCULINO","ARGENTINA","SAN LUIS","1"
"2022","JUNIO","NACIMIENTO","MASCULINO","ARGENTINA","SANTA FE","1"
"2022","JUNIO","NACIMIENTO","MASCULINO","AUSTRALIA","MELBOURNE","1"
"2022","JUNIO","NACIMIENTO","MASCULINO","AUSTRALIA","SIDNEY","1"
"2022","JUNIO","NACIMIENTO","MASCULINO","AYACUCHO","CANGALLO","28"
"2022","JUNIO","NACIMIENTO","MASCULINO","AYACUCHO","HUAMANGA","17"
"2022","JUNIO","NACIMIENTO","MASCULINO","AYACUCHO","HUANTA","6"
"2022","JUNIO","NACIMIENTO","MASCULINO","AYACUCHO","LA MAR","5"
"2022","JUNIO","NACIMIENTO","MASCULINO","AYACUCHO","LUCANAS","1"
"2022","JUNIO","NACIMIENTO","MASCULINO","AYACUCHO","PARINACOCHAS","9"
"2022","JUNIO","NACIMIENTO","MASCULINO","AYACUCHO","VILCAS HUAMAN","3"
"2022","JUNIO","NACIMIENTO","MASCULINO","BOLIVIA","SANTA CRUZ","1"
"2022","JUNIO","NACIMIENTO","MASCULINO","BRASIL","BRASILIA","2"
"2022","JUNIO","NACIMIENTO","MASCULINO","BRASIL","MINAS GERAIS","2"
"2022","JUNIO","NACIMIENTO","MASCULINO","BRASIL","PARÁ","1"
"2022","JUNIO","NACIMIENTO","MASCULINO","BRASIL","SAO PAULO","4"
"2022","JUNIO","NACIMIENTO","MASCULINO","CAJAMARCA","CAJABAMBA","1"
"2022","JUNIO","NACIMIENTO","MASCULINO","CAJAMARCA","CAJAMARCA","185"
"2022","JUNIO","NACIMIENTO","MASCULINO","CAJAMARCA","CELENDIN","7"
"2022","JUNIO","NACIMIENTO","MASCULINO","CAJAMARCA","CHOTA","6"
"2022","JUNIO","NACIMIENTO","MASCULINO","CAJAMARCA","CONTUMAZA","1"
"2022","JUNIO","NACIMIENTO","MASCULINO","CAJAMARCA","CUTERVO","3"
"2022","JUNIO","NACIMIENTO","MASCULINO","CAJAMARCA","HUALGAYOC","2"
"2022","JUNIO","NACIMIENTO","MASCULINO","CAJAMARCA","JAEN","18"
"2022","JUNIO","NACIMIENTO","MASCULINO","CAJAMARCA","SAN IGNACIO","6"
"2022","JUNIO","NACIMIENTO","MASCULINO","CAJAMARCA","SAN MIGUEL","4"
"2022","JUNIO","NACIMIENTO","MASCULINO","CAJAMARCA","SAN PABLO","4"
"2022","JUNIO","NACIMIENTO","MASCULINO","CAJAMARCA","SANTA CRUZ","1"
"2022","JUNIO","NACIMIENTO","MASCULINO","CALLAO","CALLAO","748"
"2022","JUNIO","NACIMIENTO","MASCULINO","CANADA","ALBERTA","1"
"2022","JUNIO","NACIMIENTO","MASCULINO","CANADA","ONTARIO","6"
"2022","JUNIO","NACIMIENTO","MASCULINO","CANADA","TORONTO","2"
"2022","JUNIO","NACIMIENTO","MASCULINO","CHILE","ANTOFAGASTA","1"
"2022","JUNIO","NACIMIENTO","MASCULINO","CHILE","ARICA","2"
"2022","JUNIO","NACIMIENTO","MASCULINO","CHILE","CONCEPCION","2"
"2022","JUNIO","NACIMIENTO","MASCULINO","CHILE","LOS LAGOS","2"
"2022","JUNIO","NACIMIENTO","MASCULINO","CHILE","SANTIAGO","16"
"2022","JUNIO","NACIMIENTO","MASCULINO","CHILE","VALPARAISO","1"
"2022","JUNIO","NACIMIENTO","MASCULINO","COLOMBIA","BOGOTA","2"
"2022","JUNIO","NACIMIENTO","MASCULINO","COLOMBIA","CALI","1"
"2022","JUNIO","NACIMIENTO","MASCULINO","COLOMBIA","MEDELLIN","2"
"2022","JUNIO","NACIMIENTO","MASCULINO","COLOMBIA","RISARALDA","1"
"2022","JUNIO","NACIMIENTO","MASCULINO","COSTA RICA","ALAJUELA","1"
"2022","JUNIO","NACIMIENTO","MASCULINO","COSTA RICA","SAN JOSE","2"
"2022","JUNIO","NACIMIENTO","MASCULINO","CUSCO","ACOMAYO","1"
"2022","JUNIO","NACIMIENTO","MASCULINO","CUSCO","ANTA","13"
"2022","JUNIO","NACIMIENTO","MASCULINO","CUSCO","CALCA","4"
"2022","JUNIO","NACIMIENTO","MASCULINO","CUSCO","CANCHIS","4"
"2022","JUNIO","NACIMIENTO","MASCULINO","CUSCO","CHUMBIVILCAS","4"
"2022","JUNIO","NACIMIENTO","MASCULINO","CUSCO","CUSCO","151"
"2022","JUNIO","NACIMIENTO","MASCULINO","CUSCO","ESPINAR","3"
"2022","JUNIO","NACIMIENTO","MASCULINO","CUSCO","LA CONVENCION","13"
"2022","JUNIO","NACIMIENTO","MASCULINO","CUSCO","PARURO","7"
"2022","JUNIO","NACIMIENTO","MASCULINO","CUSCO","PAUCARTAMBO","2"
"2022","JUNIO","NACIMIENTO","MASCULINO","CUSCO","QUISPICANCHI","1"
"2022","JUNIO","NACIMIENTO","MASCULINO","CUSCO","URUBAMBA","6"
"2022","JUNIO","NACIMIENTO","MASCULINO","ECUADOR","PICHINCHA","1"
"2022","JUNIO","NACIMIENTO","MASCULINO","ESPAŃA","ASTURIAS","1"
"2022","JUNIO","NACIMIENTO","MASCULINO","ESPAŃA","BALEARES","2"
"2022","JUNIO","NACIMIENTO","MASCULINO","ESPAŃA","BARCELONA","24"
"2022","JUNIO","NACIMIENTO","MASCULINO","ESPAŃA","BILBAO","1"
"2022","JUNIO","NACIMIENTO","MASCULINO","ESPAŃA","CANTABRIA","1"
"2022","JUNIO","NACIMIENTO","MASCULINO","ESPAŃA","GUIPUZCOA","2"
"2022","JUNIO","NACIMIENTO","MASCULINO","ESPAŃA","LAS PALMAS","1"
"2022","JUNIO","NACIMIENTO","MASCULINO","ESPAŃA","MADRID","27"
"2022","JUNIO","NACIMIENTO","MASCULINO","ESPAŃA","MALAGA","1"
"2022","JUNIO","NACIMIENTO","MASCULINO","ESPAŃA","MURCIA","1"
"2022","JUNIO","NACIMIENTO","MASCULINO","ESPAŃA","VALENCIA","2"
"2022","JUNIO","NACIMIENTO","MASCULINO","ESPAŃA","VALLADOLID","1"
"2022","JUNIO","NACIMIENTO","MASCULINO","ESPAŃA","VIZCAYA","1"
"2022","JUNIO","NACIMIENTO","MASCULINO","ESPAŃA","ZARAGOZA","1"
"2022","JUNIO","NACIMIENTO","MASCULINO","ESTADOS UNIDOS DE AMERICA","AUSTIN","3"
"2022","JUNIO","NACIMIENTO","MASCULINO","ESTADOS UNIDOS DE AMERICA","CAROLINA DEL NORTE","1"
"2022","JUNIO","NACIMIENTO","MASCULINO","ESTADOS UNIDOS DE AMERICA","CAROLINA DEL SUR","1"
"2022","JUNIO","NACIMIENTO","MASCULINO","ESTADOS UNIDOS DE AMERICA","COLORADO","2"
"2022","JUNIO","NACIMIENTO","MASCULINO","ESTADOS UNIDOS DE AMERICA","CONNECTICUT","3"
"2022","JUNIO","NACIMIENTO","MASCULINO","ESTADOS UNIDOS DE AMERICA","DALLAS","1"
"2022","JUNIO","NACIMIENTO","MASCULINO","ESTADOS UNIDOS DE AMERICA","FLORIDA","1"
"2022","JUNIO","NACIMIENTO","MASCULINO","ESTADOS UNIDOS DE AMERICA","GEORGIA","1"
"2022","JUNIO","NACIMIENTO","MASCULINO","ESTADOS UNIDOS DE AMERICA","HOUSTON","1"
"2022","JUNIO","NACIMIENTO","MASCULINO","ESTADOS UNIDOS DE AMERICA","IDAHO","1"
"2022","JUNIO","NACIMIENTO","MASCULINO","ESTADOS UNIDOS DE AMERICA","ILLINOIS","5"
"2022","JUNIO","NACIMIENTO","MASCULINO","ESTADOS UNIDOS DE AMERICA","IOWA","2"
"2022","JUNIO","NACIMIENTO","MASCULINO","ESTADOS UNIDOS DE AMERICA","LOS ANGELES","18"
"2022","JUNIO","NACIMIENTO","MASCULINO","ESTADOS UNIDOS DE AMERICA","MARYLAND","7"
"2022","JUNIO","NACIMIENTO","MASCULINO","ESTADOS UNIDOS DE AMERICA","MIAMI","12"
"2022","JUNIO","NACIMIENTO","MASCULINO","ESTADOS UNIDOS DE AMERICA","NUEVA JERSEY","31"
"2022","JUNIO","NACIMIENTO","MASCULINO","ESTADOS UNIDOS DE AMERICA","NUEVA YORK","12"
"2022","JUNIO","NACIMIENTO","MASCULINO","ESTADOS UNIDOS DE AMERICA","OKLAHOMA","1"
"2022","JUNIO","NACIMIENTO","MASCULINO","ESTADOS UNIDOS DE AMERICA","ORLANDO","3"
"2022","JUNIO","NACIMIENTO","MASCULINO","ESTADOS UNIDOS DE AMERICA","PATERSON","4"
"2022","JUNIO","NACIMIENTO","MASCULINO","ESTADOS UNIDOS DE AMERICA","RHODE ISLAND","1"
"2022","JUNIO","NACIMIENTO","MASCULINO","ESTADOS UNIDOS DE AMERICA","SAN DIEGO","2"
"2022","JUNIO","NACIMIENTO","MASCULINO","ESTADOS UNIDOS DE AMERICA","SAN FRANCISCO","8"
"2022","JUNIO","NACIMIENTO","MASCULINO","ESTADOS UNIDOS DE AMERICA","SEATLE","1"
"2022","JUNIO","NACIMIENTO","MASCULINO","ESTADOS UNIDOS DE AMERICA","TAMPA","2"
"2022","JUNIO","NACIMIENTO","MASCULINO","ESTADOS UNIDOS DE AMERICA","TENNESSEE","2"
"2022","JUNIO","NACIMIENTO","MASCULINO","ESTADOS UNIDOS DE AMERICA","TEXAS","1"
"2022","JUNIO","NACIMIENTO","MASCULINO","ESTADOS UNIDOS DE AMERICA","UTAH","1"
"2022","JUNIO","NACIMIENTO","MASCULINO","ESTADOS UNIDOS DE AMERICA","VIRGINIA","9"
"2022","JUNIO","NACIMIENTO","MASCULINO","ESTADOS UNIDOS DE AMERICA","WASHINGTON D. C.","1"
"2022","JUNIO","NACIMIENTO","MASCULINO","FRANCIA","ILE DE FRANCE","4"
"2022","JUNIO","NACIMIENTO","MASCULINO","FRANCIA","PARIS","1"
"2022","JUNIO","NACIMIENTO","MASCULINO","FRANCIA","TOULOUSE","1"
"2022","JUNIO","NACIMIENTO","MASCULINO","GRAN BRETAŃA","ESSEX","1"
"2022","JUNIO","NACIMIENTO","MASCULINO","GRAN BRETAŃA","LONDRES","2"
"2022","JUNIO","NACIMIENTO","MASCULINO","HUANCAVELICA","ACOBAMBA","4"
"2022","JUNIO","NACIMIENTO","MASCULINO","HUANCAVELICA","ANGARAES","21"
"2022","JUNIO","NACIMIENTO","MASCULINO","HUANCAVELICA","CASTROVIRREYNA","7"
"2022","JUNIO","NACIMIENTO","MASCULINO","HUANCAVELICA","CHURCAMPA","9"
"2022","JUNIO","NACIMIENTO","MASCULINO","HUANCAVELICA","HUANCAVELICA","13"
"2022","JUNIO","NACIMIENTO","MASCULINO","HUANCAVELICA","HUAYTARA","3"
"2022","JUNIO","NACIMIENTO","MASCULINO","HUANCAVELICA","TAYACAJA","18"
"2022","JUNIO","NACIMIENTO","MASCULINO","HUANUCO","AMBO","1"
"2022","JUNIO","NACIMIENTO","MASCULINO","HUANUCO","DOS DE MAYO","8"
"2022","JUNIO","NACIMIENTO","MASCULINO","HUANUCO","HUACAYBAMBA","1"
"2022","JUNIO","NACIMIENTO","MASCULINO","HUANUCO","HUAMALIES","4"
"2022","JUNIO","NACIMIENTO","MASCULINO","HUANUCO","HUANUCO","22"
"2022","JUNIO","NACIMIENTO","MASCULINO","HUANUCO","LEONCIO PRADO","29"
"2022","JUNIO","NACIMIENTO","MASCULINO","HUANUCO","PACHITEA","3"
"2022","JUNIO","NACIMIENTO","MASCULINO","HUANUCO","PUERTO INCA","2"
"2022","JUNIO","NACIMIENTO","MASCULINO","HUANUCO","YAROWILCA","1"
"2022","JUNIO","NACIMIENTO","MASCULINO","ICA","CHINCHA","64"
"2022","JUNIO","NACIMIENTO","MASCULINO","ICA","ICA","115"
"2022","JUNIO","NACIMIENTO","MASCULINO","ICA","NASCA","19"
"2022","JUNIO","NACIMIENTO","MASCULINO","ICA","PALPA","2"
"2022","JUNIO","NACIMIENTO","MASCULINO","ICA","PISCO","34"
"2022","JUNIO","NACIMIENTO","MASCULINO","ITALIA","ABRUZOS","1"
"2022","JUNIO","NACIMIENTO","MASCULINO","ITALIA","GENOVA","2"
"2022","JUNIO","NACIMIENTO","MASCULINO","ITALIA","LACIO","2"
"2022","JUNIO","NACIMIENTO","MASCULINO","ITALIA","LIVORNO","1"
"2022","JUNIO","NACIMIENTO","MASCULINO","ITALIA","LOMBARDIA","2"
"2022","JUNIO","NACIMIENTO","MASCULINO","ITALIA","LUCA","1"
"2022","JUNIO","NACIMIENTO","MASCULINO","ITALIA","MILAN","13"
"2022","JUNIO","NACIMIENTO","MASCULINO","ITALIA","ROMA","3"
"2022","JUNIO","NACIMIENTO","MASCULINO","ITALIA","SIENA","1"
"2022","JUNIO","NACIMIENTO","MASCULINO","ITALIA","TURIN","1"
"2022","JUNIO","NACIMIENTO","MASCULINO","JAPON","AICHI","1"
"2022","JUNIO","NACIMIENTO","MASCULINO","JAPON","CHIBA","1"
"2022","JUNIO","NACIMIENTO","MASCULINO","JAPON","GUNMA","1"
"2022","JUNIO","NACIMIENTO","MASCULINO","JAPON","KANAGAWA","1"
"2022","JUNIO","NACIMIENTO","MASCULINO","JAPON","NARA","1"
"2022","JUNIO","NACIMIENTO","MASCULINO","JUNIN","CHANCHAMAYO","10"
"2022","JUNIO","NACIMIENTO","MASCULINO","JUNIN","CHUPACA","17"
"2022","JUNIO","NACIMIENTO","MASCULINO","JUNIN","CONCEPCION","4"
"2022","JUNIO","NACIMIENTO","MASCULINO","JUNIN","HUANCAYO","160"
"2022","JUNIO","NACIMIENTO","MASCULINO","JUNIN","JAUJA","7"
"2022","JUNIO","NACIMIENTO","MASCULINO","JUNIN","SATIPO","9"
"2022","JUNIO","NACIMIENTO","MASCULINO","JUNIN","TARMA","1"
"2022","JUNIO","NACIMIENTO","MASCULINO","JUNIN","YAULI","1"
"2022","JUNIO","NACIMIENTO","MASCULINO","LA LIBERTAD","ASCOPE","20"
"2022","JUNIO","NACIMIENTO","MASCULINO","LA LIBERTAD","BOLIVAR","1"
"2022","JUNIO","NACIMIENTO","MASCULINO","LA LIBERTAD","CHEPEN","18"
"2022","JUNIO","NACIMIENTO","MASCULINO","LA LIBERTAD","GRAN CHIMU","2"
"2022","JUNIO","NACIMIENTO","MASCULINO","LA LIBERTAD","OTUZCO","16"
"2022","JUNIO","NACIMIENTO","MASCULINO","LA LIBERTAD","PACASMAYO","5"
"2022","JUNIO","NACIMIENTO","MASCULINO","LA LIBERTAD","PATAZ","16"
"2022","JUNIO","NACIMIENTO","MASCULINO","LA LIBERTAD","SANCHEZ CARRION","13"
"2022","JUNIO","NACIMIENTO","MASCULINO","LA LIBERTAD","SANTIAGO DE CHUCO","5"
"2022","JUNIO","NACIMIENTO","MASCULINO","LA LIBERTAD","TRUJILLO","649"
"2022","JUNIO","NACIMIENTO","MASCULINO","LA LIBERTAD","VIRU","12"
"2022","JUNIO","NACIMIENTO","MASCULINO","LAMBAYEQUE","CHICLAYO","141"
"2022","JUNIO","NACIMIENTO","MASCULINO","LAMBAYEQUE","FERREŃAFE","7"
"2022","JUNIO","NACIMIENTO","MASCULINO","LAMBAYEQUE","LAMBAYEQUE","26"
"2022","JUNIO","NACIMIENTO","MASCULINO","LIMA","BARRANCA","29"
"2022","JUNIO","NACIMIENTO","MASCULINO","LIMA","CAJATAMBO","1"
"2022","JUNIO","NACIMIENTO","MASCULINO","LIMA","CANTA","7"
"2022","JUNIO","NACIMIENTO","MASCULINO","LIMA","CAŃETE","44"
"2022","JUNIO","NACIMIENTO","MASCULINO","LIMA","HUARAL","41"
"2022","JUNIO","NACIMIENTO","MASCULINO","LIMA","HUAROCHIRI","34"
"2022","JUNIO","NACIMIENTO","MASCULINO","LIMA","HUAURA","56"
"2022","JUNIO","NACIMIENTO","MASCULINO","LIMA","LIMA","10170"
"2022","JUNIO","NACIMIENTO","MASCULINO","LIMA","OYON","4"
"2022","JUNIO","NACIMIENTO","MASCULINO","LIMA","YAUYOS","9"
"2022","JUNIO","NACIMIENTO","MASCULINO","LORETO","ALTO AMAZONAS","7"
"2022","JUNIO","NACIMIENTO","MASCULINO","LORETO","DATEM DEL MARAŃON","1"
"2022","JUNIO","NACIMIENTO","MASCULINO","LORETO","LORETO","1"
"2022","JUNIO","NACIMIENTO","MASCULINO","LORETO","MARISCAL RAMON CASTILLA","1"
"2022","JUNIO","NACIMIENTO","MASCULINO","LORETO","MAYNAS","244"
"2022","JUNIO","NACIMIENTO","MASCULINO","LORETO","UCAYALI","1"
"2022","JUNIO","NACIMIENTO","MASCULINO","MADRE DE DIOS","MANU","2"
"2022","JUNIO","NACIMIENTO","MASCULINO","MADRE DE DIOS","TAHUAMANU","2"
"2022","JUNIO","NACIMIENTO","MASCULINO","MADRE DE DIOS","TAMBOPATA","26"
"2022","JUNIO","NACIMIENTO","MASCULINO","MEXICO","COLIMA","1"
"2022","JUNIO","NACIMIENTO","MASCULINO","MEXICO","GUANAJUATO","2"
"2022","JUNIO","NACIMIENTO","MASCULINO","MEXICO","SONORA","1"
"2022","JUNIO","NACIMIENTO","MASCULINO","MOQUEGUA","ILO","8"
"2022","JUNIO","NACIMIENTO","MASCULINO","MOQUEGUA","MARISCAL NIETO","4"
"2022","JUNIO","NACIMIENTO","MASCULINO","NICARAGUA","MANAGUA","1"
"2022","JUNIO","NACIMIENTO","MASCULINO","PASCO","OXAPAMPA","7"
"2022","JUNIO","NACIMIENTO","MASCULINO","PASCO","PASCO","18"
"2022","JUNIO","NACIMIENTO","MASCULINO","PIURA","AYABACA","11"
"2022","JUNIO","NACIMIENTO","MASCULINO","PIURA","HUANCABAMBA","1"
"2022","JUNIO","NACIMIENTO","MASCULINO","PIURA","MORROPON","19"
"2022","JUNIO","NACIMIENTO","MASCULINO","PIURA","PAITA","26"
"2022","JUNIO","NACIMIENTO","MASCULINO","PIURA","PIURA","195"
"2022","JUNIO","NACIMIENTO","MASCULINO","PIURA","SECHURA","4"
"2022","JUNIO","NACIMIENTO","MASCULINO","PIURA","SULLANA","42"
"2022","JUNIO","NACIMIENTO","MASCULINO","PIURA","TALARA","22"
"2022","JUNIO","NACIMIENTO","MASCULINO","PUERTO RICO","BAYAMON","1"
"2022","JUNIO","NACIMIENTO","MASCULINO","PUNO","AZANGARO","4"
"2022","JUNIO","NACIMIENTO","MASCULINO","PUNO","CHUCUITO","4"
"2022","JUNIO","NACIMIENTO","MASCULINO","PUNO","EL COLLAO","9"
"2022","JUNIO","NACIMIENTO","MASCULINO","PUNO","LAMPA","4"
"2022","JUNIO","NACIMIENTO","MASCULINO","PUNO","MELGAR","3"
"2022","JUNIO","NACIMIENTO","MASCULINO","PUNO","MOHO","1"
"2022","JUNIO","NACIMIENTO","MASCULINO","PUNO","PUNO","20"
"2022","JUNIO","NACIMIENTO","MASCULINO","PUNO","SAN ANTONIO DE PUTINA","1"
"2022","JUNIO","NACIMIENTO","MASCULINO","PUNO","SAN ROMAN","26"
"2022","JUNIO","NACIMIENTO","MASCULINO","PUNO","SANDIA","2"
"2022","JUNIO","NACIMIENTO","MASCULINO","REPUBLICA DE ZAMBIA","LUSAKA","1"
"2022","JUNIO","NACIMIENTO","MASCULINO","REPUBLICA POPULAR CHINA","REGION ADMINISTRATIVA ESPECIAL HONG KONG","1"
"2022","JUNIO","NACIMIENTO","MASCULINO","SAN MARTIN","BELLAVISTA","1"
"2022","JUNIO","NACIMIENTO","MASCULINO","SAN MARTIN","EL DORADO","1"
"2022","JUNIO","NACIMIENTO","MASCULINO","SAN MARTIN","HUALLAGA","2"
"2022","JUNIO","NACIMIENTO","MASCULINO","SAN MARTIN","LAMAS","4"
"2022","JUNIO","NACIMIENTO","MASCULINO","SAN MARTIN","MARISCAL CACERES","9"
"2022","JUNIO","NACIMIENTO","MASCULINO","SAN MARTIN","MOYOBAMBA","17"
"2022","JUNIO","NACIMIENTO","MASCULINO","SAN MARTIN","PICOTA","7"
"2022","JUNIO","NACIMIENTO","MASCULINO","SAN MARTIN","RIOJA","16"
"2022","JUNIO","NACIMIENTO","MASCULINO","SAN MARTIN","SAN MARTIN","19"
"2022","JUNIO","NACIMIENTO","MASCULINO","SUIZA","ZURICH","1"
"2022","JUNIO","NACIMIENTO","MASCULINO","TACNA","JORGE BASADRE","2"
"2022","JUNIO","NACIMIENTO","MASCULINO","TACNA","TACNA","45"
"2022","JUNIO","NACIMIENTO","MASCULINO","TACNA","TARATA","3"
"2022","JUNIO","NACIMIENTO","MASCULINO","TUMBES","CONTRALMIRANTE VILLAR","6"
"2022","JUNIO","NACIMIENTO","MASCULINO","TUMBES","TUMBES","69"
"2022","JUNIO","NACIMIENTO","MASCULINO","TUMBES","ZARUMILLA","11"
"2022","JUNIO","NACIMIENTO","MASCULINO","UCAYALI","ATALAYA","1"
"2022","JUNIO","NACIMIENTO","MASCULINO","UCAYALI","CORONEL PORTILLO","84"
"2022","JUNIO","NACIMIENTO","MASCULINO","UCAYALI","PADRE ABAD","5"
"2022","JUNIO","NACIMIENTO","MASCULINO","URUGUAY","CANELONES","1"
"2022","JUNIO","NACIMIENTO","MASCULINO","VENEZUELA","BOLIVAR","1"
"2022","JUNIO","NACIMIENTO","MASCULINO","VENEZUELA","CARACAS","1"
