   ;ANIO_REGISTRO;MES_REGISTRO;TIPO_ACTA;DE_GENERO;DEPART_CIUDAD_ESTADO_DOM_SOL;PROVINCIA_DOM_SOL;CANT_COPIAS_EMITIDAS
1;2025;DICIEMBRE;DEFUNCION;FEMENINO;AMAZONAS;BAGUA;3
2;2025;DICIEMBRE;DEFUNCION;FEMENINO;AMAZONAS;BONGARA;1
3;2025;DICIEMBRE;DEFUNCION;FEMENINO;AMAZONAS;CHACHAPOYAS;2
4;2025;DICIEMBRE;DEFUNCION;FEMENINO;AMAZONAS;LUYA;1
5;2025;DICIEMBRE;DEFUNCION;FEMENINO;AMAZONAS;RODRIGUEZ DE MENDOZA;1
6;2025;DICIEMBRE;DEFUNCION;FEMENINO;AMAZONAS;UTCUBAMBA;2
7;2025;DICIEMBRE;DEFUNCION;FEMENINO;ANCASH;ANTONIO RAIMONDI;1
8;2025;DICIEMBRE;DEFUNCION;FEMENINO;ANCASH;BOLOGNESI;1
9;2025;DICIEMBRE;DEFUNCION;FEMENINO;ANCASH;CARHUAZ;4
10;2025;DICIEMBRE;DEFUNCION;FEMENINO;ANCASH;CARLOS FERMIN FITZCARRALD;1
11;2025;DICIEMBRE;DEFUNCION;FEMENINO;ANCASH;CORONGO;1
12;2025;DICIEMBRE;DEFUNCION;FEMENINO;ANCASH;HUARAZ;5
13;2025;DICIEMBRE;DEFUNCION;FEMENINO;ANCASH;HUARI;4
14;2025;DICIEMBRE;DEFUNCION;FEMENINO;ANCASH;HUARMEY;2
15;2025;DICIEMBRE;DEFUNCION;FEMENINO;ANCASH;HUAYLAS;4
16;2025;DICIEMBRE;DEFUNCION;FEMENINO;ANCASH;SANTA;38
17;2025;DICIEMBRE;DEFUNCION;FEMENINO;ANCASH;YUNGAY;3
18;2025;DICIEMBRE;DEFUNCION;FEMENINO;APURIMAC;ABANCAY;5
19;2025;DICIEMBRE;DEFUNCION;FEMENINO;APURIMAC;ANDAHUAYLAS;7
20;2025;DICIEMBRE;DEFUNCION;FEMENINO;APURIMAC;CHINCHEROS;1
21;2025;DICIEMBRE;DEFUNCION;FEMENINO;APURIMAC;COTABAMBAS;1
22;2025;DICIEMBRE;DEFUNCION;FEMENINO;AREQUIPA;AREQUIPA;124
23;2025;DICIEMBRE;DEFUNCION;FEMENINO;AREQUIPA;CARAVELI;2
24;2025;DICIEMBRE;DEFUNCION;FEMENINO;AREQUIPA;CASTILLA;1
25;2025;DICIEMBRE;DEFUNCION;FEMENINO;AREQUIPA;CAYLLOMA;4
26;2025;DICIEMBRE;DEFUNCION;FEMENINO;AREQUIPA;ISLAY;6
27;2025;DICIEMBRE;DEFUNCION;FEMENINO;AREQUIPA;LA UNION;2
28;2025;DICIEMBRE;DEFUNCION;FEMENINO;ARGENTINA;BUENOS AIRES;3
29;2025;DICIEMBRE;DEFUNCION;FEMENINO;AYACUCHO;CANGALLO;2
30;2025;DICIEMBRE;DEFUNCION;FEMENINO;AYACUCHO;HUAMANGA;12
31;2025;DICIEMBRE;DEFUNCION;FEMENINO;AYACUCHO;LA MAR;2
32;2025;DICIEMBRE;DEFUNCION;FEMENINO;AYACUCHO;PARINACOCHAS;3
33;2025;DICIEMBRE;DEFUNCION;FEMENINO;AYACUCHO;PAUCAR DEL SARA SARA;1
34;2025;DICIEMBRE;DEFUNCION;FEMENINO;AYACUCHO;VILCAS HUAMAN;1
35;2025;DICIEMBRE;DEFUNCION;FEMENINO;BELGICA;NAMUR;1
36;2025;DICIEMBRE;DEFUNCION;FEMENINO;BOLIVIA;COCHABAMBA;1
37;2025;DICIEMBRE;DEFUNCION;FEMENINO;BRASIL;ESPIRITO SANTO;1
38;2025;DICIEMBRE;DEFUNCION;FEMENINO;CAJAMARCA;CAJABAMBA;3
39;2025;DICIEMBRE;DEFUNCION;FEMENINO;CAJAMARCA;CAJAMARCA;21
40;2025;DICIEMBRE;DEFUNCION;FEMENINO;CAJAMARCA;CELENDIN;2
41;2025;DICIEMBRE;DEFUNCION;FEMENINO;CAJAMARCA;CHOTA;2
42;2025;DICIEMBRE;DEFUNCION;FEMENINO;CAJAMARCA;CONTUMAZA;3
43;2025;DICIEMBRE;DEFUNCION;FEMENINO;CAJAMARCA;CUTERVO;3
44;2025;DICIEMBRE;DEFUNCION;FEMENINO;CAJAMARCA;HUALGAYOC;1
45;2025;DICIEMBRE;DEFUNCION;FEMENINO;CAJAMARCA;JAEN;6
46;2025;DICIEMBRE;DEFUNCION;FEMENINO;CAJAMARCA;SAN IGNACIO;4
47;2025;DICIEMBRE;DEFUNCION;FEMENINO;CAJAMARCA;SAN MARCOS;1
48;2025;DICIEMBRE;DEFUNCION;FEMENINO;CAJAMARCA;SAN PABLO;1
49;2025;DICIEMBRE;DEFUNCION;FEMENINO;CAJAMARCA;SANTA CRUZ;2
50;2025;DICIEMBRE;DEFUNCION;FEMENINO;CANADA;COLUMBIA BRITANICA;2
51;2025;DICIEMBRE;DEFUNCION;FEMENINO;CANADA;ONTARIO;2
52;2025;DICIEMBRE;DEFUNCION;FEMENINO;CHILE;ARICA;3
53;2025;DICIEMBRE;DEFUNCION;FEMENINO;CHILE;SANTIAGO;2
54;2025;DICIEMBRE;DEFUNCION;FEMENINO;CHILE;VALPARAISO;3
55;2025;DICIEMBRE;DEFUNCION;FEMENINO;CUSCO;ANTA;2
56;2025;DICIEMBRE;DEFUNCION;FEMENINO;CUSCO;CALCA;4
57;2025;DICIEMBRE;DEFUNCION;FEMENINO;CUSCO;CHUMBIVILCAS;1
58;2025;DICIEMBRE;DEFUNCION;FEMENINO;CUSCO;CUSCO;43
59;2025;DICIEMBRE;DEFUNCION;FEMENINO;CUSCO;ESPINAR;2
60;2025;DICIEMBRE;DEFUNCION;FEMENINO;CUSCO;LA CONVENCION;8
61;2025;DICIEMBRE;DEFUNCION;FEMENINO;CUSCO;QUISPICANCHI;10
62;2025;DICIEMBRE;DEFUNCION;FEMENINO;CUSCO;URUBAMBA;5
63;2025;DICIEMBRE;DEFUNCION;FEMENINO;ECUADOR;GUAYAQUIL;3
64;2025;DICIEMBRE;DEFUNCION;FEMENINO;ESPAŃA;ALMERIA;1
65;2025;DICIEMBRE;DEFUNCION;FEMENINO;ESPAŃA;BARCELONA;4
66;2025;DICIEMBRE;DEFUNCION;FEMENINO;ESPAŃA;MADRID;7
67;2025;DICIEMBRE;DEFUNCION;FEMENINO;ESPAŃA;SEVILLA;1
68;2025;DICIEMBRE;DEFUNCION;FEMENINO;ESTADOS UNIDOS DE AMERICA;BOSTON;1
69;2025;DICIEMBRE;DEFUNCION;FEMENINO;ESTADOS UNIDOS DE AMERICA;KANSAS;1
70;2025;DICIEMBRE;DEFUNCION;FEMENINO;ESTADOS UNIDOS DE AMERICA;NUEVA JERSEY;1
71;2025;DICIEMBRE;DEFUNCION;FEMENINO;ESTADOS UNIDOS DE AMERICA;PATERSON;1
72;2025;DICIEMBRE;DEFUNCION;FEMENINO;ESTADOS UNIDOS DE AMERICA;SAN FRANCISCO;2
73;2025;DICIEMBRE;DEFUNCION;FEMENINO;ESTADOS UNIDOS DE AMERICA;VIRGINIA;2
74;2025;DICIEMBRE;DEFUNCION;FEMENINO;FRANCIA;ISLA DE FRANCIA;3
75;2025;DICIEMBRE;DEFUNCION;FEMENINO;GRAN BRETAŃA;HULL;1
76;2025;DICIEMBRE;DEFUNCION;FEMENINO;HOLANDA;GELDRE;1
77;2025;DICIEMBRE;DEFUNCION;FEMENINO;HUANCAVELICA;CASTROVIRREYNA;1
78;2025;DICIEMBRE;DEFUNCION;FEMENINO;HUANCAVELICA;CHURCAMPA;2
79;2025;DICIEMBRE;DEFUNCION;FEMENINO;HUANCAVELICA;HUANCAVELICA;7
80;2025;DICIEMBRE;DEFUNCION;FEMENINO;HUANCAVELICA;HUAYTARA;1
81;2025;DICIEMBRE;DEFUNCION;FEMENINO;HUANCAVELICA;TAYACAJA;2
82;2025;DICIEMBRE;DEFUNCION;FEMENINO;HUANUCO;AMBO;1
83;2025;DICIEMBRE;DEFUNCION;FEMENINO;HUANUCO;DOS DE MAYO;5
84;2025;DICIEMBRE;DEFUNCION;FEMENINO;HUANUCO;HUAMALIES;4
85;2025;DICIEMBRE;DEFUNCION;FEMENINO;HUANUCO;HUANUCO;7
86;2025;DICIEMBRE;DEFUNCION;FEMENINO;HUANUCO;LAURICOCHA;1
87;2025;DICIEMBRE;DEFUNCION;FEMENINO;HUANUCO;LEONCIO PRADO;16
88;2025;DICIEMBRE;DEFUNCION;FEMENINO;HUANUCO;PACHITEA;1
89;2025;DICIEMBRE;DEFUNCION;FEMENINO;HUANUCO;PUERTO INCA;3
90;2025;DICIEMBRE;DEFUNCION;FEMENINO;ICA;CHINCHA;42
91;2025;DICIEMBRE;DEFUNCION;FEMENINO;ICA;ICA;60
92;2025;DICIEMBRE;DEFUNCION;FEMENINO;ICA;NASCA;10
93;2025;DICIEMBRE;DEFUNCION;FEMENINO;ICA;PISCO;14
94;2025;DICIEMBRE;DEFUNCION;FEMENINO;ITALIA;FLORENCIA;1
95;2025;DICIEMBRE;DEFUNCION;FEMENINO;ITALIA;LACIO;2
96;2025;DICIEMBRE;DEFUNCION;FEMENINO;ITALIA;LOMBARDIA;1
97;2025;DICIEMBRE;DEFUNCION;FEMENINO;ITALIA;MARCAS;1
98;2025;DICIEMBRE;DEFUNCION;FEMENINO;ITALIA;MILAN;1
99;2025;DICIEMBRE;DEFUNCION;FEMENINO;ITALIA;ROMA;2
100;2025;DICIEMBRE;DEFUNCION;FEMENINO;ITALIA;TRENTINO ALTO ADIGIO;1
101;2025;DICIEMBRE;DEFUNCION;FEMENINO;JUNIN;CHANCHAMAYO;6
102;2025;DICIEMBRE;DEFUNCION;FEMENINO;JUNIN;CHUPACA;6
103;2025;DICIEMBRE;DEFUNCION;FEMENINO;JUNIN;CONCEPCION;8
104;2025;DICIEMBRE;DEFUNCION;FEMENINO;JUNIN;HUANCAYO;65
105;2025;DICIEMBRE;DEFUNCION;FEMENINO;JUNIN;JAUJA;8
106;2025;DICIEMBRE;DEFUNCION;FEMENINO;JUNIN;JUNIN;2
107;2025;DICIEMBRE;DEFUNCION;FEMENINO;JUNIN;SATIPO;4
108;2025;DICIEMBRE;DEFUNCION;FEMENINO;JUNIN;TARMA;3
109;2025;DICIEMBRE;DEFUNCION;FEMENINO;JUNIN;YAULI;5
110;2025;DICIEMBRE;DEFUNCION;FEMENINO;LA LIBERTAD;ASCOPE;19
111;2025;DICIEMBRE;DEFUNCION;FEMENINO;LA LIBERTAD;CHEPEN;4
112;2025;DICIEMBRE;DEFUNCION;FEMENINO;LA LIBERTAD;GRAN CHIMU;1
113;2025;DICIEMBRE;DEFUNCION;FEMENINO;LA LIBERTAD;OTUZCO;3
114;2025;DICIEMBRE;DEFUNCION;FEMENINO;LA LIBERTAD;PACASMAYO;4
115;2025;DICIEMBRE;DEFUNCION;FEMENINO;LA LIBERTAD;PATAZ;2
116;2025;DICIEMBRE;DEFUNCION;FEMENINO;LA LIBERTAD;SANCHEZ CARRION;4
117;2025;DICIEMBRE;DEFUNCION;FEMENINO;LA LIBERTAD;SANTIAGO DE CHUCO;3
118;2025;DICIEMBRE;DEFUNCION;FEMENINO;LA LIBERTAD;TRUJILLO;278
119;2025;DICIEMBRE;DEFUNCION;FEMENINO;LA LIBERTAD;VIRU;3
120;2025;DICIEMBRE;DEFUNCION;FEMENINO;LAMBAYEQUE;CHICLAYO;111
121;2025;DICIEMBRE;DEFUNCION;FEMENINO;LAMBAYEQUE;FERREŃAFE;3
122;2025;DICIEMBRE;DEFUNCION;FEMENINO;LAMBAYEQUE;LAMBAYEQUE;15
123;2025;DICIEMBRE;DEFUNCION;FEMENINO;LIMA;BARRANCA;14
124;2025;DICIEMBRE;DEFUNCION;FEMENINO;LIMA;CANTA;2
125;2025;DICIEMBRE;DEFUNCION;FEMENINO;LIMA;CAŃETE;34
126;2025;DICIEMBRE;DEFUNCION;FEMENINO;LIMA;HUARAL;21
127;2025;DICIEMBRE;DEFUNCION;FEMENINO;LIMA;HUAROCHIRI;13
128;2025;DICIEMBRE;DEFUNCION;FEMENINO;LIMA;HUAURA;25
129;2025;DICIEMBRE;DEFUNCION;FEMENINO;LIMA;LIMA;2897
130;2025;DICIEMBRE;DEFUNCION;FEMENINO;LIMA;YAUYOS;3
131;2025;DICIEMBRE;DEFUNCION;FEMENINO;LORETO;ALTO AMAZONAS;2
132;2025;DICIEMBRE;DEFUNCION;FEMENINO;LORETO;MAYNAS;49
133;2025;DICIEMBRE;DEFUNCION;FEMENINO;LORETO;UCAYALI;2
134;2025;DICIEMBRE;DEFUNCION;FEMENINO;MADRE DE DIOS;MANU;1
135;2025;DICIEMBRE;DEFUNCION;FEMENINO;MADRE DE DIOS;TAMBOPATA;3
136;2025;DICIEMBRE;DEFUNCION;FEMENINO;MEXICO;CIUDAD DE MEXICO;1
137;2025;DICIEMBRE;DEFUNCION;FEMENINO;MOQUEGUA;GENERAL SANCHEZ CERRO;3
138;2025;DICIEMBRE;DEFUNCION;FEMENINO;MOQUEGUA;ILO;5
139;2025;DICIEMBRE;DEFUNCION;FEMENINO;MOQUEGUA;MARISCAL NIETO;6
140;2025;DICIEMBRE;DEFUNCION;FEMENINO;PASCO;OXAPAMPA;1
141;2025;DICIEMBRE;DEFUNCION;FEMENINO;PASCO;PASCO;3
142;2025;DICIEMBRE;DEFUNCION;FEMENINO;PIURA;AYABACA;3
143;2025;DICIEMBRE;DEFUNCION;FEMENINO;PIURA;HUANCABAMBA;2
144;2025;DICIEMBRE;DEFUNCION;FEMENINO;PIURA;MORROPON;3
145;2025;DICIEMBRE;DEFUNCION;FEMENINO;PIURA;PAITA;3
146;2025;DICIEMBRE;DEFUNCION;FEMENINO;PIURA;PIURA;85
147;2025;DICIEMBRE;DEFUNCION;FEMENINO;PIURA;SECHURA;3
148;2025;DICIEMBRE;DEFUNCION;FEMENINO;PIURA;SULLANA;14
149;2025;DICIEMBRE;DEFUNCION;FEMENINO;PIURA;TALARA;11
150;2025;DICIEMBRE;DEFUNCION;FEMENINO;PUNO;AZANGARO;1
151;2025;DICIEMBRE;DEFUNCION;FEMENINO;PUNO;CARABAYA;4
152;2025;DICIEMBRE;DEFUNCION;FEMENINO;PUNO;HUANCANE;1
153;2025;DICIEMBRE;DEFUNCION;FEMENINO;PUNO;LAMPA;2
154;2025;DICIEMBRE;DEFUNCION;FEMENINO;PUNO;PUNO;9
155;2025;DICIEMBRE;DEFUNCION;FEMENINO;PUNO;SAN ROMAN;28
156;2025;DICIEMBRE;DEFUNCION;FEMENINO;REINO UNIDO DE GRAN BRETAŃA E;INGLATERRA;1
157;2025;DICIEMBRE;DEFUNCION;FEMENINO;SAN MARTIN;EL DORADO;2
158;2025;DICIEMBRE;DEFUNCION;FEMENINO;SAN MARTIN;LAMAS;1
159;2025;DICIEMBRE;DEFUNCION;FEMENINO;SAN MARTIN;MARISCAL CACERES;4
160;2025;DICIEMBRE;DEFUNCION;FEMENINO;SAN MARTIN;MOYOBAMBA;4
161;2025;DICIEMBRE;DEFUNCION;FEMENINO;SAN MARTIN;RIOJA;6
162;2025;DICIEMBRE;DEFUNCION;FEMENINO;SAN MARTIN;SAN MARTIN;5
163;2025;DICIEMBRE;DEFUNCION;FEMENINO;SAN MARTIN;TOCACHE;1
164;2025;DICIEMBRE;DEFUNCION;FEMENINO;TACNA;JORGE BASADRE;1
165;2025;DICIEMBRE;DEFUNCION;FEMENINO;TACNA;TACNA;35
166;2025;DICIEMBRE;DEFUNCION;FEMENINO;TUMBES;CONTRALMIRANTE VILLAR;3
167;2025;DICIEMBRE;DEFUNCION;FEMENINO;TUMBES;TUMBES;10
168;2025;DICIEMBRE;DEFUNCION;FEMENINO;TUMBES;ZARUMILLA;2
169;2025;DICIEMBRE;DEFUNCION;FEMENINO;UCAYALI;CORONEL PORTILLO;32
170;2025;DICIEMBRE;DEFUNCION;FEMENINO;UCAYALI;PADRE ABAD;1
171;2025;DICIEMBRE;DEFUNCION;FEMENINO;;CALLAO;256
172;2025;DICIEMBRE;DEFUNCION;MASCULINO;AMAZONAS;BAGUA;2
173;2025;DICIEMBRE;DEFUNCION;MASCULINO;AMAZONAS;BONGARA;2
174;2025;DICIEMBRE;DEFUNCION;MASCULINO;AMAZONAS;CHACHAPOYAS;3
175;2025;DICIEMBRE;DEFUNCION;MASCULINO;AMAZONAS;RODRIGUEZ DE MENDOZA;3
176;2025;DICIEMBRE;DEFUNCION;MASCULINO;AMAZONAS;UTCUBAMBA;1
177;2025;DICIEMBRE;DEFUNCION;MASCULINO;ANCASH;ANTONIO RAIMONDI;1
178;2025;DICIEMBRE;DEFUNCION;MASCULINO;ANCASH;BOLOGNESI;2
179;2025;DICIEMBRE;DEFUNCION;MASCULINO;ANCASH;CARHUAZ;2
180;2025;DICIEMBRE;DEFUNCION;MASCULINO;ANCASH;CASMA;2
181;2025;DICIEMBRE;DEFUNCION;MASCULINO;ANCASH;HUARAZ;11
182;2025;DICIEMBRE;DEFUNCION;MASCULINO;ANCASH;HUARI;5
183;2025;DICIEMBRE;DEFUNCION;MASCULINO;ANCASH;HUARMEY;8
184;2025;DICIEMBRE;DEFUNCION;MASCULINO;ANCASH;HUAYLAS;1
185;2025;DICIEMBRE;DEFUNCION;MASCULINO;ANCASH;PALLASCA;1
186;2025;DICIEMBRE;DEFUNCION;MASCULINO;ANCASH;SANTA;23
187;2025;DICIEMBRE;DEFUNCION;MASCULINO;ANCASH;YUNGAY;1
188;2025;DICIEMBRE;DEFUNCION;MASCULINO;APURIMAC;ABANCAY;3
189;2025;DICIEMBRE;DEFUNCION;MASCULINO;APURIMAC;ANDAHUAYLAS;4
190;2025;DICIEMBRE;DEFUNCION;MASCULINO;APURIMAC;AYMARAES;3
191;2025;DICIEMBRE;DEFUNCION;MASCULINO;APURIMAC;CHINCHEROS;5
192;2025;DICIEMBRE;DEFUNCION;MASCULINO;AREQUIPA;AREQUIPA;93
193;2025;DICIEMBRE;DEFUNCION;MASCULINO;AREQUIPA;CAMANA;2
194;2025;DICIEMBRE;DEFUNCION;MASCULINO;AREQUIPA;CARAVELI;1
195;2025;DICIEMBRE;DEFUNCION;MASCULINO;AREQUIPA;CAYLLOMA;2
196;2025;DICIEMBRE;DEFUNCION;MASCULINO;AREQUIPA;CONDESUYOS;1
197;2025;DICIEMBRE;DEFUNCION;MASCULINO;AREQUIPA;ISLAY;5
198;2025;DICIEMBRE;DEFUNCION;MASCULINO;ARGELIA;ARGEL;1
199;2025;DICIEMBRE;DEFUNCION;MASCULINO;ARGENTINA;BUENOS AIRES;1
200;2025;DICIEMBRE;DEFUNCION;MASCULINO;ARGENTINA;MENDOZA;1
201;2025;DICIEMBRE;DEFUNCION;MASCULINO;AYACUCHO;CANGALLO;3
202;2025;DICIEMBRE;DEFUNCION;MASCULINO;AYACUCHO;HUAMANGA;15
203;2025;DICIEMBRE;DEFUNCION;MASCULINO;AYACUCHO;HUANCA SANCOS;1
204;2025;DICIEMBRE;DEFUNCION;MASCULINO;AYACUCHO;HUANTA;4
205;2025;DICIEMBRE;DEFUNCION;MASCULINO;AYACUCHO;LA MAR;1
206;2025;DICIEMBRE;DEFUNCION;MASCULINO;AYACUCHO;LUCANAS;1
207;2025;DICIEMBRE;DEFUNCION;MASCULINO;AYACUCHO;PARINACOCHAS;1
208;2025;DICIEMBRE;DEFUNCION;MASCULINO;AYACUCHO;PAUCAR DEL SARA SARA;2
209;2025;DICIEMBRE;DEFUNCION;MASCULINO;BRASIL;CURITIBA;1
210;2025;DICIEMBRE;DEFUNCION;MASCULINO;BRASIL;MINAS GERAIS;1
211;2025;DICIEMBRE;DEFUNCION;MASCULINO;BRASIL;SAO PAULO;2
212;2025;DICIEMBRE;DEFUNCION;MASCULINO;CAJAMARCA;CAJABAMBA;1
213;2025;DICIEMBRE;DEFUNCION;MASCULINO;CAJAMARCA;CAJAMARCA;25
214;2025;DICIEMBRE;DEFUNCION;MASCULINO;CAJAMARCA;CELENDIN;4
215;2025;DICIEMBRE;DEFUNCION;MASCULINO;CAJAMARCA;CHOTA;3
216;2025;DICIEMBRE;DEFUNCION;MASCULINO;CAJAMARCA;CONTUMAZA;1
217;2025;DICIEMBRE;DEFUNCION;MASCULINO;CAJAMARCA;CUTERVO;3
218;2025;DICIEMBRE;DEFUNCION;MASCULINO;CAJAMARCA;JAEN;5
219;2025;DICIEMBRE;DEFUNCION;MASCULINO;CAJAMARCA;SAN IGNACIO;1
220;2025;DICIEMBRE;DEFUNCION;MASCULINO;CAJAMARCA;SAN MIGUEL;1
221;2025;DICIEMBRE;DEFUNCION;MASCULINO;CAJAMARCA;SAN PABLO;2
222;2025;DICIEMBRE;DEFUNCION;MASCULINO;CHILE;ANTOFAGASTA;1
223;2025;DICIEMBRE;DEFUNCION;MASCULINO;CHILE;ARICA;2
224;2025;DICIEMBRE;DEFUNCION;MASCULINO;CUSCO;ANTA;1
225;2025;DICIEMBRE;DEFUNCION;MASCULINO;CUSCO;CALCA;3
226;2025;DICIEMBRE;DEFUNCION;MASCULINO;CUSCO;CUSCO;48
227;2025;DICIEMBRE;DEFUNCION;MASCULINO;CUSCO;ESPINAR;4
228;2025;DICIEMBRE;DEFUNCION;MASCULINO;CUSCO;LA CONVENCION;3
229;2025;DICIEMBRE;DEFUNCION;MASCULINO;CUSCO;QUISPICANCHI;1
230;2025;DICIEMBRE;DEFUNCION;MASCULINO;CUSCO;URUBAMBA;2
231;2025;DICIEMBRE;DEFUNCION;MASCULINO;ESPAŃA;ALICANTE;1
232;2025;DICIEMBRE;DEFUNCION;MASCULINO;ESPAŃA;BARCELONA;4
233;2025;DICIEMBRE;DEFUNCION;MASCULINO;ESPAŃA;GUIPUZCOA;1
234;2025;DICIEMBRE;DEFUNCION;MASCULINO;ESPAŃA;LERIDA;1
235;2025;DICIEMBRE;DEFUNCION;MASCULINO;ESPAŃA;MADRID;4
236;2025;DICIEMBRE;DEFUNCION;MASCULINO;ESPAŃA;TARRAGONA;1
237;2025;DICIEMBRE;DEFUNCION;MASCULINO;ESTADOS UNIDOS DE AMERICA;CONNECTICUT;2
238;2025;DICIEMBRE;DEFUNCION;MASCULINO;ESTADOS UNIDOS DE AMERICA;FORT LAUDERDALE;1
239;2025;DICIEMBRE;DEFUNCION;MASCULINO;ESTADOS UNIDOS DE AMERICA;ILLINOIS;3
240;2025;DICIEMBRE;DEFUNCION;MASCULINO;ESTADOS UNIDOS DE AMERICA;INDIANA;1
241;2025;DICIEMBRE;DEFUNCION;MASCULINO;ESTADOS UNIDOS DE AMERICA;MIAMI;5
242;2025;DICIEMBRE;DEFUNCION;MASCULINO;ESTADOS UNIDOS DE AMERICA;NUEVA JERSEY;4
243;2025;DICIEMBRE;DEFUNCION;MASCULINO;ESTADOS UNIDOS DE AMERICA;NUEVA YORK;2
244;2025;DICIEMBRE;DEFUNCION;MASCULINO;ESTADOS UNIDOS DE AMERICA;ORLANDO;1
245;2025;DICIEMBRE;DEFUNCION;MASCULINO;ESTADOS UNIDOS DE AMERICA;SAN FRANCISCO;1
246;2025;DICIEMBRE;DEFUNCION;MASCULINO;FRANCIA;PARIS;1
247;2025;DICIEMBRE;DEFUNCION;MASCULINO;GRAN DUCADO DE LUXEMBURGO;LUXEMBURGO;2
248;2025;DICIEMBRE;DEFUNCION;MASCULINO;HUANCAVELICA;ACOBAMBA;2
249;2025;DICIEMBRE;DEFUNCION;MASCULINO;HUANCAVELICA;ANGARAES;3
250;2025;DICIEMBRE;DEFUNCION;MASCULINO;HUANCAVELICA;CASTROVIRREYNA;1
251;2025;DICIEMBRE;DEFUNCION;MASCULINO;HUANCAVELICA;CHURCAMPA;1
252;2025;DICIEMBRE;DEFUNCION;MASCULINO;HUANCAVELICA;HUANCAVELICA;4
253;2025;DICIEMBRE;DEFUNCION;MASCULINO;HUANCAVELICA;HUAYTARA;2
254;2025;DICIEMBRE;DEFUNCION;MASCULINO;HUANCAVELICA;TAYACAJA;3
255;2025;DICIEMBRE;DEFUNCION;MASCULINO;HUANUCO;AMBO;1
256;2025;DICIEMBRE;DEFUNCION;MASCULINO;HUANUCO;DOS DE MAYO;2
257;2025;DICIEMBRE;DEFUNCION;MASCULINO;HUANUCO;HUACAYBAMBA;1
258;2025;DICIEMBRE;DEFUNCION;MASCULINO;HUANUCO;HUANUCO;9
259;2025;DICIEMBRE;DEFUNCION;MASCULINO;HUANUCO;LAURICOCHA;1
260;2025;DICIEMBRE;DEFUNCION;MASCULINO;HUANUCO;LEONCIO PRADO;9
261;2025;DICIEMBRE;DEFUNCION;MASCULINO;HUANUCO;YAROWILCA;1
262;2025;DICIEMBRE;DEFUNCION;MASCULINO;ICA;CHINCHA;42
263;2025;DICIEMBRE;DEFUNCION;MASCULINO;ICA;ICA;98
264;2025;DICIEMBRE;DEFUNCION;MASCULINO;ICA;NASCA;8
265;2025;DICIEMBRE;DEFUNCION;MASCULINO;ICA;PALPA;1
266;2025;DICIEMBRE;DEFUNCION;MASCULINO;ICA;PISCO;13
267;2025;DICIEMBRE;DEFUNCION;MASCULINO;ITALIA;PERUGIA;1
268;2025;DICIEMBRE;DEFUNCION;MASCULINO;ITALIA;ROMA;1
269;2025;DICIEMBRE;DEFUNCION;MASCULINO;ITALIA;TRIESTE;1
270;2025;DICIEMBRE;DEFUNCION;MASCULINO;JAPON;AICHI;1
271;2025;DICIEMBRE;DEFUNCION;MASCULINO;JAPON;KANAGAWA;3
272;2025;DICIEMBRE;DEFUNCION;MASCULINO;JUNIN;CHANCHAMAYO;4
273;2025;DICIEMBRE;DEFUNCION;MASCULINO;JUNIN;CHUPACA;6
274;2025;DICIEMBRE;DEFUNCION;MASCULINO;JUNIN;CONCEPCION;1
275;2025;DICIEMBRE;DEFUNCION;MASCULINO;JUNIN;HUANCAYO;58
276;2025;DICIEMBRE;DEFUNCION;MASCULINO;JUNIN;JAUJA;3
277;2025;DICIEMBRE;DEFUNCION;MASCULINO;JUNIN;SATIPO;7
278;2025;DICIEMBRE;DEFUNCION;MASCULINO;JUNIN;TARMA;2
279;2025;DICIEMBRE;DEFUNCION;MASCULINO;JUNIN;YAULI;3
280;2025;DICIEMBRE;DEFUNCION;MASCULINO;LA LIBERTAD;ASCOPE;8
281;2025;DICIEMBRE;DEFUNCION;MASCULINO;LA LIBERTAD;CHEPEN;1
282;2025;DICIEMBRE;DEFUNCION;MASCULINO;LA LIBERTAD;JULCAN;1
283;2025;DICIEMBRE;DEFUNCION;MASCULINO;LA LIBERTAD;OTUZCO;5
284;2025;DICIEMBRE;DEFUNCION;MASCULINO;LA LIBERTAD;PACASMAYO;3
285;2025;DICIEMBRE;DEFUNCION;MASCULINO;LA LIBERTAD;SANCHEZ CARRION;1
286;2025;DICIEMBRE;DEFUNCION;MASCULINO;LA LIBERTAD;TRUJILLO;175
287;2025;DICIEMBRE;DEFUNCION;MASCULINO;LA LIBERTAD;VIRU;4
288;2025;DICIEMBRE;DEFUNCION;MASCULINO;LAMBAYEQUE;CHICLAYO;108
289;2025;DICIEMBRE;DEFUNCION;MASCULINO;LAMBAYEQUE;FERREŃAFE;3
290;2025;DICIEMBRE;DEFUNCION;MASCULINO;LAMBAYEQUE;LAMBAYEQUE;10
291;2025;DICIEMBRE;DEFUNCION;MASCULINO;LIMA;BARRANCA;20
292;2025;DICIEMBRE;DEFUNCION;MASCULINO;LIMA;CANTA;3
293;2025;DICIEMBRE;DEFUNCION;MASCULINO;LIMA;CAŃETE;478
294;2025;DICIEMBRE;DEFUNCION;MASCULINO;LIMA;HUARAL;17
295;2025;DICIEMBRE;DEFUNCION;MASCULINO;LIMA;HUAROCHIRI;9
296;2025;DICIEMBRE;DEFUNCION;MASCULINO;LIMA;HUAURA;11
297;2025;DICIEMBRE;DEFUNCION;MASCULINO;LIMA;LIMA;2393
298;2025;DICIEMBRE;DEFUNCION;MASCULINO;LIMA;YAUYOS;2
299;2025;DICIEMBRE;DEFUNCION;MASCULINO;LORETO;ALTO AMAZONAS;10
300;2025;DICIEMBRE;DEFUNCION;MASCULINO;LORETO;MAYNAS;27
301;2025;DICIEMBRE;DEFUNCION;MASCULINO;MADRE DE DIOS;TAMBOPATA;16
302;2025;DICIEMBRE;DEFUNCION;MASCULINO;MOQUEGUA;ILO;7
303;2025;DICIEMBRE;DEFUNCION;MASCULINO;MOQUEGUA;MARISCAL NIETO;8
304;2025;DICIEMBRE;DEFUNCION;MASCULINO;PASCO;DANIEL ALCIDES CARRION;1
305;2025;DICIEMBRE;DEFUNCION;MASCULINO;PASCO;OXAPAMPA;4
306;2025;DICIEMBRE;DEFUNCION;MASCULINO;PASCO;PASCO;4
307;2025;DICIEMBRE;DEFUNCION;MASCULINO;PIURA;AYABACA;3
308;2025;DICIEMBRE;DEFUNCION;MASCULINO;PIURA;HUANCABAMBA;2
309;2025;DICIEMBRE;DEFUNCION;MASCULINO;PIURA;MORROPON;6
310;2025;DICIEMBRE;DEFUNCION;MASCULINO;PIURA;PAITA;3
311;2025;DICIEMBRE;DEFUNCION;MASCULINO;PIURA;PIURA;83
312;2025;DICIEMBRE;DEFUNCION;MASCULINO;PIURA;SECHURA;2
313;2025;DICIEMBRE;DEFUNCION;MASCULINO;PIURA;SULLANA;15
314;2025;DICIEMBRE;DEFUNCION;MASCULINO;PIURA;TALARA;8
315;2025;DICIEMBRE;DEFUNCION;MASCULINO;PUNO;AZANGARO;1
316;2025;DICIEMBRE;DEFUNCION;MASCULINO;PUNO;CARABAYA;2
317;2025;DICIEMBRE;DEFUNCION;MASCULINO;PUNO;CHUCUITO;2
318;2025;DICIEMBRE;DEFUNCION;MASCULINO;PUNO;EL COLLAO;1
319;2025;DICIEMBRE;DEFUNCION;MASCULINO;PUNO;LAMPA;1
320;2025;DICIEMBRE;DEFUNCION;MASCULINO;PUNO;PUNO;7
321;2025;DICIEMBRE;DEFUNCION;MASCULINO;PUNO;SAN ANTONIO DE PUTINA;2
322;2025;DICIEMBRE;DEFUNCION;MASCULINO;PUNO;SAN ROMAN;18
323;2025;DICIEMBRE;DEFUNCION;MASCULINO;SAN MARTIN;MARISCAL CACERES;3
324;2025;DICIEMBRE;DEFUNCION;MASCULINO;SAN MARTIN;MOYOBAMBA;11
325;2025;DICIEMBRE;DEFUNCION;MASCULINO;SAN MARTIN;PICOTA;1
326;2025;DICIEMBRE;DEFUNCION;MASCULINO;SAN MARTIN;RIOJA;8
327;2025;DICIEMBRE;DEFUNCION;MASCULINO;SAN MARTIN;SAN MARTIN;14
328;2025;DICIEMBRE;DEFUNCION;MASCULINO;TACNA;CANDARAVE;1
329;2025;DICIEMBRE;DEFUNCION;MASCULINO;TACNA;TACNA;37
330;2025;DICIEMBRE;DEFUNCION;MASCULINO;TACNA;TARATA;3
331;2025;DICIEMBRE;DEFUNCION;MASCULINO;TUMBES;CONTRALMIRANTE VILLAR;1
332;2025;DICIEMBRE;DEFUNCION;MASCULINO;TUMBES;TUMBES;10
333;2025;DICIEMBRE;DEFUNCION;MASCULINO;TUMBES;ZARUMILLA;2
334;2025;DICIEMBRE;DEFUNCION;MASCULINO;UCAYALI;ATALAYA;2
335;2025;DICIEMBRE;DEFUNCION;MASCULINO;UCAYALI;CORONEL PORTILLO;27
336;2025;DICIEMBRE;DEFUNCION;MASCULINO;UCAYALI;PADRE ABAD;1
337;2025;DICIEMBRE;DEFUNCION;MASCULINO;;CALLAO;189
338;2025;DICIEMBRE;MATRIMONIO;FEMENINO;ALEMANIA;BADEN-WÜRTTEMBERG;1
339;2025;DICIEMBRE;MATRIMONIO;FEMENINO;ALEMANIA;HAMBURGO;1
340;2025;DICIEMBRE;MATRIMONIO;FEMENINO;ALEMANIA;MUNICH;1
341;2025;DICIEMBRE;MATRIMONIO;FEMENINO;ALEMANIA;RENANIA DEL NORTE-WESTFALIA;1
342;2025;DICIEMBRE;MATRIMONIO;FEMENINO;AMAZONAS;BAGUA;2
343;2025;DICIEMBRE;MATRIMONIO;FEMENINO;AMAZONAS;BONGARA;1
344;2025;DICIEMBRE;MATRIMONIO;FEMENINO;AMAZONAS;CHACHAPOYAS;4
345;2025;DICIEMBRE;MATRIMONIO;FEMENINO;AMAZONAS;CONDORCANQUI;3
346;2025;DICIEMBRE;MATRIMONIO;FEMENINO;ANCASH;BOLOGNESI;1
347;2025;DICIEMBRE;MATRIMONIO;FEMENINO;ANCASH;CARHUAZ;1
348;2025;DICIEMBRE;MATRIMONIO;FEMENINO;ANCASH;CASMA;4
349;2025;DICIEMBRE;MATRIMONIO;FEMENINO;ANCASH;HUARAZ;2
350;2025;DICIEMBRE;MATRIMONIO;FEMENINO;ANCASH;HUARI;2
351;2025;DICIEMBRE;MATRIMONIO;FEMENINO;ANCASH;POMABAMBA;1
352;2025;DICIEMBRE;MATRIMONIO;FEMENINO;ANCASH;RECUAY;1
353;2025;DICIEMBRE;MATRIMONIO;FEMENINO;ANCASH;SANTA;22
354;2025;DICIEMBRE;MATRIMONIO;FEMENINO;APURIMAC;ABANCAY;2
355;2025;DICIEMBRE;MATRIMONIO;FEMENINO;APURIMAC;ANDAHUAYLAS;4
356;2025;DICIEMBRE;MATRIMONIO;FEMENINO;APURIMAC;CHINCHEROS;1
357;2025;DICIEMBRE;MATRIMONIO;FEMENINO;APURIMAC;COTABAMBAS;2
358;2025;DICIEMBRE;MATRIMONIO;FEMENINO;AREQUIPA;AREQUIPA;122
359;2025;DICIEMBRE;MATRIMONIO;FEMENINO;AREQUIPA;CAMANA;1
360;2025;DICIEMBRE;MATRIMONIO;FEMENINO;AREQUIPA;CARAVELI;1
361;2025;DICIEMBRE;MATRIMONIO;FEMENINO;AREQUIPA;CASTILLA;1
362;2025;DICIEMBRE;MATRIMONIO;FEMENINO;AREQUIPA;CAYLLOMA;4
363;2025;DICIEMBRE;MATRIMONIO;FEMENINO;AREQUIPA;CONDESUYOS;1
364;2025;DICIEMBRE;MATRIMONIO;FEMENINO;AREQUIPA;ISLAY;3
365;2025;DICIEMBRE;MATRIMONIO;FEMENINO;ARGENTINA;BUENOS AIRES;2
366;2025;DICIEMBRE;MATRIMONIO;FEMENINO;ARGENTINA;LA PLATA;1
367;2025;DICIEMBRE;MATRIMONIO;FEMENINO;AUSTRALIA;NUEVA GALES DEL SUR;1
368;2025;DICIEMBRE;MATRIMONIO;FEMENINO;AYACUCHO;HUAMANGA;14
369;2025;DICIEMBRE;MATRIMONIO;FEMENINO;AYACUCHO;LA MAR;1
370;2025;DICIEMBRE;MATRIMONIO;FEMENINO;AYACUCHO;LUCANAS;1
371;2025;DICIEMBRE;MATRIMONIO;FEMENINO;AYACUCHO;PARINACOCHAS;1
372;2025;DICIEMBRE;MATRIMONIO;FEMENINO;BOLIVIA;SANTA CRUZ;1
373;2025;DICIEMBRE;MATRIMONIO;FEMENINO;CAJAMARCA;CAJABAMBA;1
374;2025;DICIEMBRE;MATRIMONIO;FEMENINO;CAJAMARCA;CAJAMARCA;31
375;2025;DICIEMBRE;MATRIMONIO;FEMENINO;CAJAMARCA;CHOTA;2
376;2025;DICIEMBRE;MATRIMONIO;FEMENINO;CAJAMARCA;CONTUMAZA;1
377;2025;DICIEMBRE;MATRIMONIO;FEMENINO;CAJAMARCA;JAEN;3
378;2025;DICIEMBRE;MATRIMONIO;FEMENINO;CAJAMARCA;SAN IGNACIO;2
379;2025;DICIEMBRE;MATRIMONIO;FEMENINO;CAJAMARCA;SAN MARCOS;1
380;2025;DICIEMBRE;MATRIMONIO;FEMENINO;CAJAMARCA;SAN PABLO;3
381;2025;DICIEMBRE;MATRIMONIO;FEMENINO;CANADA;COLUMBIA BRITANICA;1
382;2025;DICIEMBRE;MATRIMONIO;FEMENINO;CANADA;MONTREAL;1
383;2025;DICIEMBRE;MATRIMONIO;FEMENINO;CANADA;ONTARIO;1
384;2025;DICIEMBRE;MATRIMONIO;FEMENINO;CHILE;ANTOFAGASTA;1
385;2025;DICIEMBRE;MATRIMONIO;FEMENINO;CHILE;ARICA;2
386;2025;DICIEMBRE;MATRIMONIO;FEMENINO;CHILE;SANTIAGO;9
387;2025;DICIEMBRE;MATRIMONIO;FEMENINO;CUSCO;ACOMAYO;1
388;2025;DICIEMBRE;MATRIMONIO;FEMENINO;CUSCO;ANTA;2
389;2025;DICIEMBRE;MATRIMONIO;FEMENINO;CUSCO;CALCA;1
390;2025;DICIEMBRE;MATRIMONIO;FEMENINO;CUSCO;CUSCO;55
391;2025;DICIEMBRE;MATRIMONIO;FEMENINO;CUSCO;ESPINAR;2
392;2025;DICIEMBRE;MATRIMONIO;FEMENINO;CUSCO;LA CONVENCION;7
393;2025;DICIEMBRE;MATRIMONIO;FEMENINO;CUSCO;URUBAMBA;2
394;2025;DICIEMBRE;MATRIMONIO;FEMENINO;ESPAŃA;ALMERIA;1
395;2025;DICIEMBRE;MATRIMONIO;FEMENINO;ESPAŃA;BALEARES;1
396;2025;DICIEMBRE;MATRIMONIO;FEMENINO;ESPAŃA;BARCELONA;9
397;2025;DICIEMBRE;MATRIMONIO;FEMENINO;ESPAŃA;BURGOS;1
398;2025;DICIEMBRE;MATRIMONIO;FEMENINO;ESPAŃA;CADIZ;1
399;2025;DICIEMBRE;MATRIMONIO;FEMENINO;ESPAŃA;CANTABRIA;2
400;2025;DICIEMBRE;MATRIMONIO;FEMENINO;ESPAŃA;GERONA;1
401;2025;DICIEMBRE;MATRIMONIO;FEMENINO;ESPAŃA;GUADALAJARA;2
402;2025;DICIEMBRE;MATRIMONIO;FEMENINO;ESPAŃA;HUESCA;1
403;2025;DICIEMBRE;MATRIMONIO;FEMENINO;ESPAŃA;LERIDA;1
404;2025;DICIEMBRE;MATRIMONIO;FEMENINO;ESPAŃA;LUGO;1
405;2025;DICIEMBRE;MATRIMONIO;FEMENINO;ESPAŃA;MADRID;17
406;2025;DICIEMBRE;MATRIMONIO;FEMENINO;ESPAŃA;TARRAGONA;1
407;2025;DICIEMBRE;MATRIMONIO;FEMENINO;ESPAŃA;TENERIFE;1
408;2025;DICIEMBRE;MATRIMONIO;FEMENINO;ESPAŃA;VALENCIA;1
409;2025;DICIEMBRE;MATRIMONIO;FEMENINO;ESPAŃA;VIZCAYA;1
410;2025;DICIEMBRE;MATRIMONIO;FEMENINO;ESPAŃA;ZAMORA;1
411;2025;DICIEMBRE;MATRIMONIO;FEMENINO;ESPAŃA;ZARAGOZA;1
412;2025;DICIEMBRE;MATRIMONIO;FEMENINO;ESTADOS UNIDOS DE AMERICA;CAROLINA DEL NORTE;1
413;2025;DICIEMBRE;MATRIMONIO;FEMENINO;ESTADOS UNIDOS DE AMERICA;CONNECTICUT;2
414;2025;DICIEMBRE;MATRIMONIO;FEMENINO;ESTADOS UNIDOS DE AMERICA;HARTFORD;1
415;2025;DICIEMBRE;MATRIMONIO;FEMENINO;ESTADOS UNIDOS DE AMERICA;HOUSTON;1
416;2025;DICIEMBRE;MATRIMONIO;FEMENINO;ESTADOS UNIDOS DE AMERICA;ILLINOIS;1
417;2025;DICIEMBRE;MATRIMONIO;FEMENINO;ESTADOS UNIDOS DE AMERICA;LOS ANGELES;1
418;2025;DICIEMBRE;MATRIMONIO;FEMENINO;ESTADOS UNIDOS DE AMERICA;MAINE;1
419;2025;DICIEMBRE;MATRIMONIO;FEMENINO;ESTADOS UNIDOS DE AMERICA;MIAMI;5
420;2025;DICIEMBRE;MATRIMONIO;FEMENINO;ESTADOS UNIDOS DE AMERICA;NUEVA YORK;7
421;2025;DICIEMBRE;MATRIMONIO;FEMENINO;ESTADOS UNIDOS DE AMERICA;OREGON;1
422;2025;DICIEMBRE;MATRIMONIO;FEMENINO;ESTADOS UNIDOS DE AMERICA;PENNSYLVANIA;1
423;2025;DICIEMBRE;MATRIMONIO;FEMENINO;ESTADOS UNIDOS DE AMERICA;SAN FRANCISCO;1
424;2025;DICIEMBRE;MATRIMONIO;FEMENINO;ESTADOS UNIDOS DE AMERICA;UTAH;1
425;2025;DICIEMBRE;MATRIMONIO;FEMENINO;ESTADOS UNIDOS DE AMERICA;VIRGINIA;4
426;2025;DICIEMBRE;MATRIMONIO;FEMENINO;ESTADOS UNIDOS DE AMERICA;WASHINGTON D. C.;2
427;2025;DICIEMBRE;MATRIMONIO;FEMENINO;FRANCIA;ILE DE FRANCE;1
428;2025;DICIEMBRE;MATRIMONIO;FEMENINO;GRAN BRETAŃA;LONDRES;1
429;2025;DICIEMBRE;MATRIMONIO;FEMENINO;HUANCAVELICA;ANGARAES;1
430;2025;DICIEMBRE;MATRIMONIO;FEMENINO;HUANCAVELICA;CHURCAMPA;2
431;2025;DICIEMBRE;MATRIMONIO;FEMENINO;HUANCAVELICA;HUANCAVELICA;1
432;2025;DICIEMBRE;MATRIMONIO;FEMENINO;HUANCAVELICA;HUAYTARA;2
433;2025;DICIEMBRE;MATRIMONIO;FEMENINO;HUANCAVELICA;TAYACAJA;2
434;2025;DICIEMBRE;MATRIMONIO;FEMENINO;HUANUCO;AMBO;1
435;2025;DICIEMBRE;MATRIMONIO;FEMENINO;HUANUCO;HUACAYBAMBA;1
436;2025;DICIEMBRE;MATRIMONIO;FEMENINO;HUANUCO;HUANUCO;23
437;2025;DICIEMBRE;MATRIMONIO;FEMENINO;HUANUCO;LEONCIO PRADO;8
438;2025;DICIEMBRE;MATRIMONIO;FEMENINO;HUANUCO;MARAŃON;1
439;2025;DICIEMBRE;MATRIMONIO;FEMENINO;HUANUCO;PUERTO INCA;3
440;2025;DICIEMBRE;MATRIMONIO;FEMENINO;HUANUCO;YAROWILCA;1
441;2025;DICIEMBRE;MATRIMONIO;FEMENINO;ICA;CHINCHA;20
442;2025;DICIEMBRE;MATRIMONIO;FEMENINO;ICA;ICA;27
443;2025;DICIEMBRE;MATRIMONIO;FEMENINO;ICA;NASCA;10
444;2025;DICIEMBRE;MATRIMONIO;FEMENINO;ICA;PALPA;1
445;2025;DICIEMBRE;MATRIMONIO;FEMENINO;ICA;PISCO;6
446;2025;DICIEMBRE;MATRIMONIO;FEMENINO;ITALIA;BRESCIA;1
447;2025;DICIEMBRE;MATRIMONIO;FEMENINO;ITALIA;EMILIA ROMAGNA;1
448;2025;DICIEMBRE;MATRIMONIO;FEMENINO;ITALIA;LACIO;1
449;2025;DICIEMBRE;MATRIMONIO;FEMENINO;ITALIA;LOMBARDIA;1
450;2025;DICIEMBRE;MATRIMONIO;FEMENINO;ITALIA;MILAN;5
451;2025;DICIEMBRE;MATRIMONIO;FEMENINO;ITALIA;ROMA;4
452;2025;DICIEMBRE;MATRIMONIO;FEMENINO;ITALIA;TOSCANA;1
453;2025;DICIEMBRE;MATRIMONIO;FEMENINO;ITALIA;TRENTINO ALTO ADIGIO;1
454;2025;DICIEMBRE;MATRIMONIO;FEMENINO;ITALIA;TURIN;2
455;2025;DICIEMBRE;MATRIMONIO;FEMENINO;ITALIA;VARESE;1
456;2025;DICIEMBRE;MATRIMONIO;FEMENINO;JAPON;CHIBA;1
457;2025;DICIEMBRE;MATRIMONIO;FEMENINO;JAPON;FUKUOKA;1
458;2025;DICIEMBRE;MATRIMONIO;FEMENINO;JAPON;SHIGA;1
459;2025;DICIEMBRE;MATRIMONIO;FEMENINO;JAPON;TOCHIGI;1
460;2025;DICIEMBRE;MATRIMONIO;FEMENINO;JUNIN;CHANCHAMAYO;2
461;2025;DICIEMBRE;MATRIMONIO;FEMENINO;JUNIN;CHUPACA;3
462;2025;DICIEMBRE;MATRIMONIO;FEMENINO;JUNIN;CONCEPCION;3
463;2025;DICIEMBRE;MATRIMONIO;FEMENINO;JUNIN;HUANCAYO;40
464;2025;DICIEMBRE;MATRIMONIO;FEMENINO;JUNIN;JAUJA;4
465;2025;DICIEMBRE;MATRIMONIO;FEMENINO;JUNIN;SATIPO;4
466;2025;DICIEMBRE;MATRIMONIO;FEMENINO;JUNIN;TARMA;1
467;2025;DICIEMBRE;MATRIMONIO;FEMENINO;LA LIBERTAD;ASCOPE;5
468;2025;DICIEMBRE;MATRIMONIO;FEMENINO;LA LIBERTAD;CHEPEN;1
469;2025;DICIEMBRE;MATRIMONIO;FEMENINO;LA LIBERTAD;OTUZCO;1
470;2025;DICIEMBRE;MATRIMONIO;FEMENINO;LA LIBERTAD;PACASMAYO;4
471;2025;DICIEMBRE;MATRIMONIO;FEMENINO;LA LIBERTAD;PATAZ;1
472;2025;DICIEMBRE;MATRIMONIO;FEMENINO;LA LIBERTAD;SANCHEZ CARRION;2
473;2025;DICIEMBRE;MATRIMONIO;FEMENINO;LA LIBERTAD;TRUJILLO;141
474;2025;DICIEMBRE;MATRIMONIO;FEMENINO;LA LIBERTAD;VIRU;3
475;2025;DICIEMBRE;MATRIMONIO;FEMENINO;LAMBAYEQUE;CHICLAYO;131
476;2025;DICIEMBRE;MATRIMONIO;FEMENINO;LAMBAYEQUE;FERREŃAFE;2
477;2025;DICIEMBRE;MATRIMONIO;FEMENINO;LAMBAYEQUE;LAMBAYEQUE;13
478;2025;DICIEMBRE;MATRIMONIO;FEMENINO;LIMA;BARRANCA;15
479;2025;DICIEMBRE;MATRIMONIO;FEMENINO;LIMA;CANTA;10
480;2025;DICIEMBRE;MATRIMONIO;FEMENINO;LIMA;CAŃETE;19
481;2025;DICIEMBRE;MATRIMONIO;FEMENINO;LIMA;HUARAL;16
482;2025;DICIEMBRE;MATRIMONIO;FEMENINO;LIMA;HUAROCHIRI;17
483;2025;DICIEMBRE;MATRIMONIO;FEMENINO;LIMA;HUAURA;24
484;2025;DICIEMBRE;MATRIMONIO;FEMENINO;LIMA;LIMA;3771
485;2025;DICIEMBRE;MATRIMONIO;FEMENINO;LORETO;ALTO AMAZONAS;2
486;2025;DICIEMBRE;MATRIMONIO;FEMENINO;LORETO;MARISCAL RAMON CASTILLA;4
487;2025;DICIEMBRE;MATRIMONIO;FEMENINO;LORETO;MAYNAS;58
488;2025;DICIEMBRE;MATRIMONIO;FEMENINO;LORETO;PUTUMAYO;1
489;2025;DICIEMBRE;MATRIMONIO;FEMENINO;MADRE DE DIOS;TAHUAMANU;1
490;2025;DICIEMBRE;MATRIMONIO;FEMENINO;MADRE DE DIOS;TAMBOPATA;10
491;2025;DICIEMBRE;MATRIMONIO;FEMENINO;MOQUEGUA;ILO;9
492;2025;DICIEMBRE;MATRIMONIO;FEMENINO;MOQUEGUA;MARISCAL NIETO;6
493;2025;DICIEMBRE;MATRIMONIO;FEMENINO;PASCO;OXAPAMPA;2
494;2025;DICIEMBRE;MATRIMONIO;FEMENINO;PASCO;PASCO;5
495;2025;DICIEMBRE;MATRIMONIO;FEMENINO;PIURA;AYABACA;1
496;2025;DICIEMBRE;MATRIMONIO;FEMENINO;PIURA;MORROPON;6
497;2025;DICIEMBRE;MATRIMONIO;FEMENINO;PIURA;PAITA;9
498;2025;DICIEMBRE;MATRIMONIO;FEMENINO;PIURA;PIURA;124
499;2025;DICIEMBRE;MATRIMONIO;FEMENINO;PIURA;SECHURA;2
500;2025;DICIEMBRE;MATRIMONIO;FEMENINO;PIURA;SULLANA;15
501;2025;DICIEMBRE;MATRIMONIO;FEMENINO;PIURA;TALARA;11
502;2025;DICIEMBRE;MATRIMONIO;FEMENINO;PUNO;CHUCUITO;2
503;2025;DICIEMBRE;MATRIMONIO;FEMENINO;PUNO;HUANCANE;1
504;2025;DICIEMBRE;MATRIMONIO;FEMENINO;PUNO;MELGAR;2
505;2025;DICIEMBRE;MATRIMONIO;FEMENINO;PUNO;PUNO;8
506;2025;DICIEMBRE;MATRIMONIO;FEMENINO;PUNO;SAN ROMAN;8
507;2025;DICIEMBRE;MATRIMONIO;FEMENINO;PUNO;SANDIA;1
508;2025;DICIEMBRE;MATRIMONIO;FEMENINO;REINO UNIDO DE GRAN BRETAŃA E;INGLATERRA;2
509;2025;DICIEMBRE;MATRIMONIO;FEMENINO;REPUBLICA DE COREA;GYEONGGI-DO;1
510;2025;DICIEMBRE;MATRIMONIO;FEMENINO;SAN MARTIN;BELLAVISTA;1
511;2025;DICIEMBRE;MATRIMONIO;FEMENINO;SAN MARTIN;LAMAS;1
512;2025;DICIEMBRE;MATRIMONIO;FEMENINO;SAN MARTIN;MOYOBAMBA;4
513;2025;DICIEMBRE;MATRIMONIO;FEMENINO;SAN MARTIN;PICOTA;3
514;2025;DICIEMBRE;MATRIMONIO;FEMENINO;SAN MARTIN;RIOJA;1
515;2025;DICIEMBRE;MATRIMONIO;FEMENINO;SAN MARTIN;SAN MARTIN;27
516;2025;DICIEMBRE;MATRIMONIO;FEMENINO;SAN MARTIN;TOCACHE;2
517;2025;DICIEMBRE;MATRIMONIO;FEMENINO;SUIZA;BASILEA CIUDAD;1
518;2025;DICIEMBRE;MATRIMONIO;FEMENINO;SUIZA;GINEBRA;1
519;2025;DICIEMBRE;MATRIMONIO;FEMENINO;SUIZA;TESINO;1
520;2025;DICIEMBRE;MATRIMONIO;FEMENINO;TACNA;CANDARAVE;1
521;2025;DICIEMBRE;MATRIMONIO;FEMENINO;TACNA;JORGE BASADRE;1
522;2025;DICIEMBRE;MATRIMONIO;FEMENINO;TACNA;TACNA;38
523;2025;DICIEMBRE;MATRIMONIO;FEMENINO;TUMBES;CONTRALMIRANTE VILLAR;1
524;2025;DICIEMBRE;MATRIMONIO;FEMENINO;TUMBES;TUMBES;20
525;2025;DICIEMBRE;MATRIMONIO;FEMENINO;TUMBES;ZARUMILLA;3
526;2025;DICIEMBRE;MATRIMONIO;FEMENINO;UCAYALI;CORONEL PORTILLO;34
527;2025;DICIEMBRE;MATRIMONIO;FEMENINO;VENEZUELA;MIRANDA;1
528;2025;DICIEMBRE;MATRIMONIO;FEMENINO;;CALLAO;326
529;2025;DICIEMBRE;MATRIMONIO;MASCULINO;ALEMANIA;BERLIN;1
530;2025;DICIEMBRE;MATRIMONIO;MASCULINO;ALEMANIA;HESSEN;1
531;2025;DICIEMBRE;MATRIMONIO;MASCULINO;AMAZONAS;BONGARA;1
532;2025;DICIEMBRE;MATRIMONIO;MASCULINO;AMAZONAS;CHACHAPOYAS;5
533;2025;DICIEMBRE;MATRIMONIO;MASCULINO;AMAZONAS;LUYA;2
534;2025;DICIEMBRE;MATRIMONIO;MASCULINO;ANCASH;ANTONIO RAIMONDI;1
535;2025;DICIEMBRE;MATRIMONIO;MASCULINO;ANCASH;CARHUAZ;1
536;2025;DICIEMBRE;MATRIMONIO;MASCULINO;ANCASH;CARLOS FERMIN FITZCARRALD;1
537;2025;DICIEMBRE;MATRIMONIO;MASCULINO;ANCASH;CASMA;3
538;2025;DICIEMBRE;MATRIMONIO;MASCULINO;ANCASH;HUARAZ;8
539;2025;DICIEMBRE;MATRIMONIO;MASCULINO;ANCASH;HUARI;6
540;2025;DICIEMBRE;MATRIMONIO;MASCULINO;ANCASH;HUARMEY;1
541;2025;DICIEMBRE;MATRIMONIO;MASCULINO;ANCASH;HUAYLAS;1
542;2025;DICIEMBRE;MATRIMONIO;MASCULINO;ANCASH;SANTA;39
543;2025;DICIEMBRE;MATRIMONIO;MASCULINO;ANCASH;YUNGAY;1
544;2025;DICIEMBRE;MATRIMONIO;MASCULINO;APURIMAC;ABANCAY;6
545;2025;DICIEMBRE;MATRIMONIO;MASCULINO;APURIMAC;ANDAHUAYLAS;6
546;2025;DICIEMBRE;MATRIMONIO;MASCULINO;APURIMAC;AYMARAES;2
547;2025;DICIEMBRE;MATRIMONIO;MASCULINO;APURIMAC;CHINCHEROS;1
548;2025;DICIEMBRE;MATRIMONIO;MASCULINO;APURIMAC;COTABAMBAS;1
549;2025;DICIEMBRE;MATRIMONIO;MASCULINO;APURIMAC;GRAU;1
550;2025;DICIEMBRE;MATRIMONIO;MASCULINO;AREQUIPA;AREQUIPA;144
551;2025;DICIEMBRE;MATRIMONIO;MASCULINO;AREQUIPA;CAMANA;4
552;2025;DICIEMBRE;MATRIMONIO;MASCULINO;AREQUIPA;CARAVELI;1
553;2025;DICIEMBRE;MATRIMONIO;MASCULINO;AREQUIPA;CAYLLOMA;3
554;2025;DICIEMBRE;MATRIMONIO;MASCULINO;AREQUIPA;ISLAY;3
555;2025;DICIEMBRE;MATRIMONIO;MASCULINO;ARGENTINA;BUENOS AIRES;1
556;2025;DICIEMBRE;MATRIMONIO;MASCULINO;AUSTRALIA;MELBOURNE;1
557;2025;DICIEMBRE;MATRIMONIO;MASCULINO;AUSTRALIA;SIDNEY;1
558;2025;DICIEMBRE;MATRIMONIO;MASCULINO;AYACUCHO;CANGALLO;4
559;2025;DICIEMBRE;MATRIMONIO;MASCULINO;AYACUCHO;HUAMANGA;17
560;2025;DICIEMBRE;MATRIMONIO;MASCULINO;AYACUCHO;HUANTA;1
561;2025;DICIEMBRE;MATRIMONIO;MASCULINO;AYACUCHO;LA MAR;1
562;2025;DICIEMBRE;MATRIMONIO;MASCULINO;AYACUCHO;LUCANAS;1
563;2025;DICIEMBRE;MATRIMONIO;MASCULINO;AYACUCHO;PAUCAR DEL SARA SARA;1
564;2025;DICIEMBRE;MATRIMONIO;MASCULINO;BRASIL;RIO DE JANEIRO;1
565;2025;DICIEMBRE;MATRIMONIO;MASCULINO;BRASIL;SAO PAULO;4
566;2025;DICIEMBRE;MATRIMONIO;MASCULINO;CAJAMARCA;CAJAMARCA;35
567;2025;DICIEMBRE;MATRIMONIO;MASCULINO;CAJAMARCA;CELENDIN;5
568;2025;DICIEMBRE;MATRIMONIO;MASCULINO;CAJAMARCA;CHOTA;4
569;2025;DICIEMBRE;MATRIMONIO;MASCULINO;CAJAMARCA;CONTUMAZA;1
570;2025;DICIEMBRE;MATRIMONIO;MASCULINO;CAJAMARCA;CUTERVO;1
571;2025;DICIEMBRE;MATRIMONIO;MASCULINO;CAJAMARCA;HUALGAYOC;1
572;2025;DICIEMBRE;MATRIMONIO;MASCULINO;CAJAMARCA;JAEN;3
573;2025;DICIEMBRE;MATRIMONIO;MASCULINO;CAJAMARCA;SAN IGNACIO;6
574;2025;DICIEMBRE;MATRIMONIO;MASCULINO;CAJAMARCA;SAN MARCOS;1
575;2025;DICIEMBRE;MATRIMONIO;MASCULINO;CAJAMARCA;SAN PABLO;2
576;2025;DICIEMBRE;MATRIMONIO;MASCULINO;CAJAMARCA;SANTA CRUZ;1
577;2025;DICIEMBRE;MATRIMONIO;MASCULINO;CANADA;ONTARIO;4
578;2025;DICIEMBRE;MATRIMONIO;MASCULINO;CANADA;TORONTO;1
579;2025;DICIEMBRE;MATRIMONIO;MASCULINO;CHILE;ARICA;1
580;2025;DICIEMBRE;MATRIMONIO;MASCULINO;CHILE;COPIAPO;1
581;2025;DICIEMBRE;MATRIMONIO;MASCULINO;CHILE;SANTIAGO;2
582;2025;DICIEMBRE;MATRIMONIO;MASCULINO;COLOMBIA;BOGOTA;1
583;2025;DICIEMBRE;MATRIMONIO;MASCULINO;CUSCO;ANTA;1
584;2025;DICIEMBRE;MATRIMONIO;MASCULINO;CUSCO;CALCA;3
585;2025;DICIEMBRE;MATRIMONIO;MASCULINO;CUSCO;CANCHIS;1
586;2025;DICIEMBRE;MATRIMONIO;MASCULINO;CUSCO;CUSCO;64
587;2025;DICIEMBRE;MATRIMONIO;MASCULINO;CUSCO;ESPINAR;2
588;2025;DICIEMBRE;MATRIMONIO;MASCULINO;CUSCO;LA CONVENCION;3
589;2025;DICIEMBRE;MATRIMONIO;MASCULINO;CUSCO;PARURO;1
590;2025;DICIEMBRE;MATRIMONIO;MASCULINO;CUSCO;PAUCARTAMBO;1
591;2025;DICIEMBRE;MATRIMONIO;MASCULINO;CUSCO;QUISPICANCHI;1
592;2025;DICIEMBRE;MATRIMONIO;MASCULINO;CUSCO;URUBAMBA;2
593;2025;DICIEMBRE;MATRIMONIO;MASCULINO;ECUADOR;GUAYAS;1
594;2025;DICIEMBRE;MATRIMONIO;MASCULINO;ESPAŃA;BARCELONA;8
595;2025;DICIEMBRE;MATRIMONIO;MASCULINO;ESPAŃA;CASTELLON;1
596;2025;DICIEMBRE;MATRIMONIO;MASCULINO;ESPAŃA;CUENCA;1
597;2025;DICIEMBRE;MATRIMONIO;MASCULINO;ESPAŃA;GERONA;1
598;2025;DICIEMBRE;MATRIMONIO;MASCULINO;ESPAŃA;LA CORUŃA;1
599;2025;DICIEMBRE;MATRIMONIO;MASCULINO;ESPAŃA;LERIDA;2
600;2025;DICIEMBRE;MATRIMONIO;MASCULINO;ESPAŃA;LUGO;1
601;2025;DICIEMBRE;MATRIMONIO;MASCULINO;ESPAŃA;MADRID;19
602;2025;DICIEMBRE;MATRIMONIO;MASCULINO;ESPAŃA;SALAMANCA;1
603;2025;DICIEMBRE;MATRIMONIO;MASCULINO;ESPAŃA;TARRAGONA;1
604;2025;DICIEMBRE;MATRIMONIO;MASCULINO;ESPAŃA;VALENCIA;1
605;2025;DICIEMBRE;MATRIMONIO;MASCULINO;ESPAŃA;ZAMORA;1
606;2025;DICIEMBRE;MATRIMONIO;MASCULINO;ESTADOS UNIDOS DE AMERICA;BOSTON;1
607;2025;DICIEMBRE;MATRIMONIO;MASCULINO;ESTADOS UNIDOS DE AMERICA;CAROLINA DEL NORTE;5
608;2025;DICIEMBRE;MATRIMONIO;MASCULINO;ESTADOS UNIDOS DE AMERICA;CONNECTICUT;3
609;2025;DICIEMBRE;MATRIMONIO;MASCULINO;ESTADOS UNIDOS DE AMERICA;DALLAS;2
610;2025;DICIEMBRE;MATRIMONIO;MASCULINO;ESTADOS UNIDOS DE AMERICA;FORT LAUDERDALE;1
611;2025;DICIEMBRE;MATRIMONIO;MASCULINO;ESTADOS UNIDOS DE AMERICA;HOUSTON;1
612;2025;DICIEMBRE;MATRIMONIO;MASCULINO;ESTADOS UNIDOS DE AMERICA;ILLINOIS;1
613;2025;DICIEMBRE;MATRIMONIO;MASCULINO;ESTADOS UNIDOS DE AMERICA;KENTUCKY;1
614;2025;DICIEMBRE;MATRIMONIO;MASCULINO;ESTADOS UNIDOS DE AMERICA;LOS ANGELES;2
615;2025;DICIEMBRE;MATRIMONIO;MASCULINO;ESTADOS UNIDOS DE AMERICA;MARYLAND;2
616;2025;DICIEMBRE;MATRIMONIO;MASCULINO;ESTADOS UNIDOS DE AMERICA;MIAMI;4
617;2025;DICIEMBRE;MATRIMONIO;MASCULINO;ESTADOS UNIDOS DE AMERICA;MISSOURI;1
618;2025;DICIEMBRE;MATRIMONIO;MASCULINO;ESTADOS UNIDOS DE AMERICA;NUEVA JERSEY;4
619;2025;DICIEMBRE;MATRIMONIO;MASCULINO;ESTADOS UNIDOS DE AMERICA;NUEVA YORK;4
620;2025;DICIEMBRE;MATRIMONIO;MASCULINO;ESTADOS UNIDOS DE AMERICA;OHIO;1
621;2025;DICIEMBRE;MATRIMONIO;MASCULINO;ESTADOS UNIDOS DE AMERICA;OKLAHOMA;1
622;2025;DICIEMBRE;MATRIMONIO;MASCULINO;ESTADOS UNIDOS DE AMERICA;ORLANDO;1
623;2025;DICIEMBRE;MATRIMONIO;MASCULINO;ESTADOS UNIDOS DE AMERICA;PENNSYLVANIA;1
624;2025;DICIEMBRE;MATRIMONIO;MASCULINO;ESTADOS UNIDOS DE AMERICA;SAN DIEGO;1
625;2025;DICIEMBRE;MATRIMONIO;MASCULINO;ESTADOS UNIDOS DE AMERICA;SAN FRANCISCO;1
626;2025;DICIEMBRE;MATRIMONIO;MASCULINO;ESTADOS UNIDOS DE AMERICA;TAMPA;1
627;2025;DICIEMBRE;MATRIMONIO;MASCULINO;ESTADOS UNIDOS DE AMERICA;VIRGINIA;4
628;2025;DICIEMBRE;MATRIMONIO;MASCULINO;ESTADOS UNIDOS DE AMERICA;WASHINGTON;1
629;2025;DICIEMBRE;MATRIMONIO;MASCULINO;ESTADOS UNIDOS DE AMERICA;WISCONSIN;1
630;2025;DICIEMBRE;MATRIMONIO;MASCULINO;FRANCIA;PARIS;1
631;2025;DICIEMBRE;MATRIMONIO;MASCULINO;HOLANDA;GELDRE;1
632;2025;DICIEMBRE;MATRIMONIO;MASCULINO;HUANCAVELICA;ANGARAES;1
633;2025;DICIEMBRE;MATRIMONIO;MASCULINO;HUANCAVELICA;CASTROVIRREYNA;1
634;2025;DICIEMBRE;MATRIMONIO;MASCULINO;HUANCAVELICA;CHURCAMPA;1
635;2025;DICIEMBRE;MATRIMONIO;MASCULINO;HUANCAVELICA;HUANCAVELICA;3
636;2025;DICIEMBRE;MATRIMONIO;MASCULINO;HUANCAVELICA;TAYACAJA;1
637;2025;DICIEMBRE;MATRIMONIO;MASCULINO;HUANUCO;DOS DE MAYO;1
638;2025;DICIEMBRE;MATRIMONIO;MASCULINO;HUANUCO;HUANUCO;10
639;2025;DICIEMBRE;MATRIMONIO;MASCULINO;HUANUCO;LAURICOCHA;1
640;2025;DICIEMBRE;MATRIMONIO;MASCULINO;HUANUCO;LEONCIO PRADO;5
641;2025;DICIEMBRE;MATRIMONIO;MASCULINO;HUANUCO;PUERTO INCA;1
642;2025;DICIEMBRE;MATRIMONIO;MASCULINO;ICA;CHINCHA;26
643;2025;DICIEMBRE;MATRIMONIO;MASCULINO;ICA;ICA;53
644;2025;DICIEMBRE;MATRIMONIO;MASCULINO;ICA;NASCA;8
645;2025;DICIEMBRE;MATRIMONIO;MASCULINO;ICA;PISCO;10
646;2025;DICIEMBRE;MATRIMONIO;MASCULINO;ITALIA;BOLONIA;1
647;2025;DICIEMBRE;MATRIMONIO;MASCULINO;ITALIA;LECCO;1
648;2025;DICIEMBRE;MATRIMONIO;MASCULINO;ITALIA;LOMBARDIA;1
649;2025;DICIEMBRE;MATRIMONIO;MASCULINO;ITALIA;MILAN;4
650;2025;DICIEMBRE;MATRIMONIO;MASCULINO;ITALIA;NAPOLES;1
651;2025;DICIEMBRE;MATRIMONIO;MASCULINO;ITALIA;ROMA;1
652;2025;DICIEMBRE;MATRIMONIO;MASCULINO;ITALIA;VARESE;1
653;2025;DICIEMBRE;MATRIMONIO;MASCULINO;JAPON;CHIBA;1
654;2025;DICIEMBRE;MATRIMONIO;MASCULINO;JAPON;NAGANO;1
655;2025;DICIEMBRE;MATRIMONIO;MASCULINO;JUNIN;CHANCHAMAYO;2
656;2025;DICIEMBRE;MATRIMONIO;MASCULINO;JUNIN;CHUPACA;1
657;2025;DICIEMBRE;MATRIMONIO;MASCULINO;JUNIN;CONCEPCION;1
658;2025;DICIEMBRE;MATRIMONIO;MASCULINO;JUNIN;HUANCAYO;52
659;2025;DICIEMBRE;MATRIMONIO;MASCULINO;JUNIN;JAUJA;2
660;2025;DICIEMBRE;MATRIMONIO;MASCULINO;JUNIN;SATIPO;6
661;2025;DICIEMBRE;MATRIMONIO;MASCULINO;JUNIN;TARMA;6
662;2025;DICIEMBRE;MATRIMONIO;MASCULINO;JUNIN;YAULI;4
663;2025;DICIEMBRE;MATRIMONIO;MASCULINO;LA LIBERTAD;ASCOPE;5
664;2025;DICIEMBRE;MATRIMONIO;MASCULINO;LA LIBERTAD;CHEPEN;5
665;2025;DICIEMBRE;MATRIMONIO;MASCULINO;LA LIBERTAD;OTUZCO;1
666;2025;DICIEMBRE;MATRIMONIO;MASCULINO;LA LIBERTAD;PACASMAYO;3
667;2025;DICIEMBRE;MATRIMONIO;MASCULINO;LA LIBERTAD;PATAZ;2
668;2025;DICIEMBRE;MATRIMONIO;MASCULINO;LA LIBERTAD;SANCHEZ CARRION;3
669;2025;DICIEMBRE;MATRIMONIO;MASCULINO;LA LIBERTAD;TRUJILLO;156
670;2025;DICIEMBRE;MATRIMONIO;MASCULINO;LA LIBERTAD;VIRU;1
671;2025;DICIEMBRE;MATRIMONIO;MASCULINO;LAMBAYEQUE;CHICLAYO;137
672;2025;DICIEMBRE;MATRIMONIO;MASCULINO;LAMBAYEQUE;FERREŃAFE;4
673;2025;DICIEMBRE;MATRIMONIO;MASCULINO;LAMBAYEQUE;LAMBAYEQUE;13
674;2025;DICIEMBRE;MATRIMONIO;MASCULINO;LIMA;BARRANCA;18
675;2025;DICIEMBRE;MATRIMONIO;MASCULINO;LIMA;CANTA;8
676;2025;DICIEMBRE;MATRIMONIO;MASCULINO;LIMA;CAŃETE;17
677;2025;DICIEMBRE;MATRIMONIO;MASCULINO;LIMA;HUARAL;11
678;2025;DICIEMBRE;MATRIMONIO;MASCULINO;LIMA;HUAROCHIRI;17
679;2025;DICIEMBRE;MATRIMONIO;MASCULINO;LIMA;HUAURA;17
680;2025;DICIEMBRE;MATRIMONIO;MASCULINO;LIMA;LIMA;4209
681;2025;DICIEMBRE;MATRIMONIO;MASCULINO;LORETO;ALTO AMAZONAS;3
682;2025;DICIEMBRE;MATRIMONIO;MASCULINO;LORETO;LORETO;1
683;2025;DICIEMBRE;MATRIMONIO;MASCULINO;LORETO;MARISCAL RAMON CASTILLA;4
684;2025;DICIEMBRE;MATRIMONIO;MASCULINO;LORETO;MAYNAS;58
685;2025;DICIEMBRE;MATRIMONIO;MASCULINO;LORETO;UCAYALI;1
686;2025;DICIEMBRE;MATRIMONIO;MASCULINO;MADRE DE DIOS;TAMBOPATA;7
687;2025;DICIEMBRE;MATRIMONIO;MASCULINO;MEXICO;TABASCO;1
688;2025;DICIEMBRE;MATRIMONIO;MASCULINO;MOQUEGUA;GENERAL SANCHEZ CERRO;1
689;2025;DICIEMBRE;MATRIMONIO;MASCULINO;MOQUEGUA;ILO;9
690;2025;DICIEMBRE;MATRIMONIO;MASCULINO;MOQUEGUA;MARISCAL NIETO;7
691;2025;DICIEMBRE;MATRIMONIO;MASCULINO;PASCO;DANIEL ALCIDES CARRION;2
692;2025;DICIEMBRE;MATRIMONIO;MASCULINO;PASCO;OXAPAMPA;2
693;2025;DICIEMBRE;MATRIMONIO;MASCULINO;PASCO;PASCO;3
694;2025;DICIEMBRE;MATRIMONIO;MASCULINO;PIURA;AYABACA;1
695;2025;DICIEMBRE;MATRIMONIO;MASCULINO;PIURA;HUANCABAMBA;4
696;2025;DICIEMBRE;MATRIMONIO;MASCULINO;PIURA;MORROPON;3
697;2025;DICIEMBRE;MATRIMONIO;MASCULINO;PIURA;PAITA;6
698;2025;DICIEMBRE;MATRIMONIO;MASCULINO;PIURA;PIURA;109
699;2025;DICIEMBRE;MATRIMONIO;MASCULINO;PIURA;SECHURA;3
700;2025;DICIEMBRE;MATRIMONIO;MASCULINO;PIURA;SULLANA;26
701;2025;DICIEMBRE;MATRIMONIO;MASCULINO;PIURA;TALARA;16
702;2025;DICIEMBRE;MATRIMONIO;MASCULINO;PUNO;CARABAYA;1
703;2025;DICIEMBRE;MATRIMONIO;MASCULINO;PUNO;HUANCANE;2
704;2025;DICIEMBRE;MATRIMONIO;MASCULINO;PUNO;LAMPA;1
705;2025;DICIEMBRE;MATRIMONIO;MASCULINO;PUNO;MELGAR;2
706;2025;DICIEMBRE;MATRIMONIO;MASCULINO;PUNO;PUNO;10
707;2025;DICIEMBRE;MATRIMONIO;MASCULINO;PUNO;SAN ANTONIO DE PUTINA;1
708;2025;DICIEMBRE;MATRIMONIO;MASCULINO;PUNO;SAN ROMAN;11
709;2025;DICIEMBRE;MATRIMONIO;MASCULINO;PUNO;SANDIA;2
710;2025;DICIEMBRE;MATRIMONIO;MASCULINO;REPUBLICA DE PANAMA;PANAMA;1
711;2025;DICIEMBRE;MATRIMONIO;MASCULINO;SAN MARTIN;BELLAVISTA;2
712;2025;DICIEMBRE;MATRIMONIO;MASCULINO;SAN MARTIN;LAMAS;2
713;2025;DICIEMBRE;MATRIMONIO;MASCULINO;SAN MARTIN;MOYOBAMBA;5
714;2025;DICIEMBRE;MATRIMONIO;MASCULINO;SAN MARTIN;PICOTA;1
715;2025;DICIEMBRE;MATRIMONIO;MASCULINO;SAN MARTIN;SAN MARTIN;17
716;2025;DICIEMBRE;MATRIMONIO;MASCULINO;SUECIA;ESTOCOLMO;1
717;2025;DICIEMBRE;MATRIMONIO;MASCULINO;SUIZA;VAUD;1
718;2025;DICIEMBRE;MATRIMONIO;MASCULINO;TACNA;JORGE BASADRE;3
719;2025;DICIEMBRE;MATRIMONIO;MASCULINO;TACNA;TACNA;54
720;2025;DICIEMBRE;MATRIMONIO;MASCULINO;TUMBES;CONTRALMIRANTE VILLAR;2
721;2025;DICIEMBRE;MATRIMONIO;MASCULINO;TUMBES;TUMBES;19
722;2025;DICIEMBRE;MATRIMONIO;MASCULINO;TUMBES;ZARUMILLA;2
723;2025;DICIEMBRE;MATRIMONIO;MASCULINO;UCAYALI;ATALAYA;1
724;2025;DICIEMBRE;MATRIMONIO;MASCULINO;UCAYALI;CORONEL PORTILLO;39
725;2025;DICIEMBRE;MATRIMONIO;MASCULINO;UCAYALI;PADRE ABAD;1
726;2025;DICIEMBRE;MATRIMONIO;MASCULINO;URUGUAY;COLONIA;1
727;2025;DICIEMBRE;MATRIMONIO;MASCULINO;VENEZUELA;MIRANDA;1
728;2025;DICIEMBRE;MATRIMONIO;MASCULINO;;CALLAO;331
729;2025;DICIEMBRE;NACIMIENTO;FEMENINO;ALEMANIA;BADEN-WÜRTTEMBERG;3
730;2025;DICIEMBRE;NACIMIENTO;FEMENINO;ALEMANIA;BAVIERA;3
731;2025;DICIEMBRE;NACIMIENTO;FEMENINO;ALEMANIA;BERLIN;1
732;2025;DICIEMBRE;NACIMIENTO;FEMENINO;ALEMANIA;DÜSSELDORF;1
733;2025;DICIEMBRE;NACIMIENTO;FEMENINO;ALEMANIA;FRANKFURT;1
734;2025;DICIEMBRE;NACIMIENTO;FEMENINO;ALEMANIA;HAMBURGO;1
735;2025;DICIEMBRE;NACIMIENTO;FEMENINO;ALEMANIA;HESSEN;3
736;2025;DICIEMBRE;NACIMIENTO;FEMENINO;ALEMANIA;MUNICH;2
737;2025;DICIEMBRE;NACIMIENTO;FEMENINO;ALEMANIA;RENANIA DEL NORTE-WESTFALIA;3
738;2025;DICIEMBRE;NACIMIENTO;FEMENINO;AMAZONAS;BAGUA;28
739;2025;DICIEMBRE;NACIMIENTO;FEMENINO;AMAZONAS;BONGARA;16
740;2025;DICIEMBRE;NACIMIENTO;FEMENINO;AMAZONAS;CHACHAPOYAS;25
741;2025;DICIEMBRE;NACIMIENTO;FEMENINO;AMAZONAS;CONDORCANQUI;2
742;2025;DICIEMBRE;NACIMIENTO;FEMENINO;AMAZONAS;LUYA;15
743;2025;DICIEMBRE;NACIMIENTO;FEMENINO;AMAZONAS;RODRIGUEZ DE MENDOZA;22
744;2025;DICIEMBRE;NACIMIENTO;FEMENINO;AMAZONAS;UTCUBAMBA;19
745;2025;DICIEMBRE;NACIMIENTO;FEMENINO;ANCASH;ANTONIO RAIMONDI;4
746;2025;DICIEMBRE;NACIMIENTO;FEMENINO;ANCASH;ASUNCION;1
747;2025;DICIEMBRE;NACIMIENTO;FEMENINO;ANCASH;BOLOGNESI;4
748;2025;DICIEMBRE;NACIMIENTO;FEMENINO;ANCASH;CARHUAZ;12
749;2025;DICIEMBRE;NACIMIENTO;FEMENINO;ANCASH;CARLOS FERMIN FITZCARRALD;2
750;2025;DICIEMBRE;NACIMIENTO;FEMENINO;ANCASH;CASMA;11
751;2025;DICIEMBRE;NACIMIENTO;FEMENINO;ANCASH;CORONGO;2
752;2025;DICIEMBRE;NACIMIENTO;FEMENINO;ANCASH;HUARAZ;34
753;2025;DICIEMBRE;NACIMIENTO;FEMENINO;ANCASH;HUARI;54
754;2025;DICIEMBRE;NACIMIENTO;FEMENINO;ANCASH;HUARMEY;7
755;2025;DICIEMBRE;NACIMIENTO;FEMENINO;ANCASH;HUAYLAS;7
756;2025;DICIEMBRE;NACIMIENTO;FEMENINO;ANCASH;MARISCAL LUZURIAGA;2
757;2025;DICIEMBRE;NACIMIENTO;FEMENINO;ANCASH;OCROS;2
758;2025;DICIEMBRE;NACIMIENTO;FEMENINO;ANCASH;PALLASCA;8
759;2025;DICIEMBRE;NACIMIENTO;FEMENINO;ANCASH;POMABAMBA;1
760;2025;DICIEMBRE;NACIMIENTO;FEMENINO;ANCASH;SANTA;386
761;2025;DICIEMBRE;NACIMIENTO;FEMENINO;ANCASH;SIHUAS;4
762;2025;DICIEMBRE;NACIMIENTO;FEMENINO;ANCASH;YUNGAY;15
763;2025;DICIEMBRE;NACIMIENTO;FEMENINO;APURIMAC;ABANCAY;55
764;2025;DICIEMBRE;NACIMIENTO;FEMENINO;APURIMAC;ANDAHUAYLAS;16
765;2025;DICIEMBRE;NACIMIENTO;FEMENINO;APURIMAC;ANTABAMBA;2
766;2025;DICIEMBRE;NACIMIENTO;FEMENINO;APURIMAC;AYMARAES;10
767;2025;DICIEMBRE;NACIMIENTO;FEMENINO;APURIMAC;CHINCHEROS;47
768;2025;DICIEMBRE;NACIMIENTO;FEMENINO;APURIMAC;COTABAMBAS;35
769;2025;DICIEMBRE;NACIMIENTO;FEMENINO;APURIMAC;GRAU;10
770;2025;DICIEMBRE;NACIMIENTO;FEMENINO;AREQUIPA;AREQUIPA;730
771;2025;DICIEMBRE;NACIMIENTO;FEMENINO;AREQUIPA;CAMANA;17
772;2025;DICIEMBRE;NACIMIENTO;FEMENINO;AREQUIPA;CARAVELI;22
773;2025;DICIEMBRE;NACIMIENTO;FEMENINO;AREQUIPA;CASTILLA;8
774;2025;DICIEMBRE;NACIMIENTO;FEMENINO;AREQUIPA;CAYLLOMA;22
775;2025;DICIEMBRE;NACIMIENTO;FEMENINO;AREQUIPA;CONDESUYOS;1
776;2025;DICIEMBRE;NACIMIENTO;FEMENINO;AREQUIPA;ISLAY;20
777;2025;DICIEMBRE;NACIMIENTO;FEMENINO;AREQUIPA;LA UNION;2
778;2025;DICIEMBRE;NACIMIENTO;FEMENINO;ARGENTINA;BUENOS AIRES;16
779;2025;DICIEMBRE;NACIMIENTO;FEMENINO;ARGENTINA;CORDOBA;2
780;2025;DICIEMBRE;NACIMIENTO;FEMENINO;ARGENTINA;MENDOZA;2
781;2025;DICIEMBRE;NACIMIENTO;FEMENINO;AUSTRALIA;AUSTRALIA MERIDIONAL;1
782;2025;DICIEMBRE;NACIMIENTO;FEMENINO;AUSTRALIA;BRISBANE;1
783;2025;DICIEMBRE;NACIMIENTO;FEMENINO;AUSTRALIA;SIDNEY;1
784;2025;DICIEMBRE;NACIMIENTO;FEMENINO;AUSTRIA;VIENA;1
785;2025;DICIEMBRE;NACIMIENTO;FEMENINO;AYACUCHO;CANGALLO;8
786;2025;DICIEMBRE;NACIMIENTO;FEMENINO;AYACUCHO;HUAMANGA;85
787;2025;DICIEMBRE;NACIMIENTO;FEMENINO;AYACUCHO;HUANCA SANCOS;3
788;2025;DICIEMBRE;NACIMIENTO;FEMENINO;AYACUCHO;HUANTA;15
789;2025;DICIEMBRE;NACIMIENTO;FEMENINO;AYACUCHO;LA MAR;23
790;2025;DICIEMBRE;NACIMIENTO;FEMENINO;AYACUCHO;LUCANAS;10
791;2025;DICIEMBRE;NACIMIENTO;FEMENINO;AYACUCHO;PARINACOCHAS;11
792;2025;DICIEMBRE;NACIMIENTO;FEMENINO;AYACUCHO;PAUCAR DEL SARA SARA;6
793;2025;DICIEMBRE;NACIMIENTO;FEMENINO;AYACUCHO;SUCRE;4
794;2025;DICIEMBRE;NACIMIENTO;FEMENINO;AYACUCHO;VICTOR FAJARDO;4
795;2025;DICIEMBRE;NACIMIENTO;FEMENINO;AYACUCHO;VILCAS HUAMAN;2
796;2025;DICIEMBRE;NACIMIENTO;FEMENINO;BELGICA;AMBERES;1
797;2025;DICIEMBRE;NACIMIENTO;FEMENINO;BOLIVIA;COCHABAMBA;1
798;2025;DICIEMBRE;NACIMIENTO;FEMENINO;BOLIVIA;SANTA CRUZ;2
799;2025;DICIEMBRE;NACIMIENTO;FEMENINO;BRASIL;ESPIRITO SANTO;1
800;2025;DICIEMBRE;NACIMIENTO;FEMENINO;BRASIL;RIO DE JANEIRO;1
801;2025;DICIEMBRE;NACIMIENTO;FEMENINO;BRASIL;SANTA CATARINA;2
802;2025;DICIEMBRE;NACIMIENTO;FEMENINO;BRASIL;SAO PAULO;3
803;2025;DICIEMBRE;NACIMIENTO;FEMENINO;CAJAMARCA;CAJABAMBA;74
804;2025;DICIEMBRE;NACIMIENTO;FEMENINO;CAJAMARCA;CAJAMARCA;304
805;2025;DICIEMBRE;NACIMIENTO;FEMENINO;CAJAMARCA;CELENDIN;19
806;2025;DICIEMBRE;NACIMIENTO;FEMENINO;CAJAMARCA;CHOTA;29
807;2025;DICIEMBRE;NACIMIENTO;FEMENINO;CAJAMARCA;CONTUMAZA;5
808;2025;DICIEMBRE;NACIMIENTO;FEMENINO;CAJAMARCA;CUTERVO;28
809;2025;DICIEMBRE;NACIMIENTO;FEMENINO;CAJAMARCA;HUALGAYOC;16
810;2025;DICIEMBRE;NACIMIENTO;FEMENINO;CAJAMARCA;JAEN;38
811;2025;DICIEMBRE;NACIMIENTO;FEMENINO;CAJAMARCA;SAN IGNACIO;47
812;2025;DICIEMBRE;NACIMIENTO;FEMENINO;CAJAMARCA;SAN MARCOS;10
813;2025;DICIEMBRE;NACIMIENTO;FEMENINO;CAJAMARCA;SAN MIGUEL;17
814;2025;DICIEMBRE;NACIMIENTO;FEMENINO;CAJAMARCA;SAN PABLO;5
815;2025;DICIEMBRE;NACIMIENTO;FEMENINO;CAJAMARCA;SANTA CRUZ;2
816;2025;DICIEMBRE;NACIMIENTO;FEMENINO;CANADA;COLUMBIA BRITANICA;5
817;2025;DICIEMBRE;NACIMIENTO;FEMENINO;CANADA;MANITOBA;2
818;2025;DICIEMBRE;NACIMIENTO;FEMENINO;CANADA;MONTREAL;4
819;2025;DICIEMBRE;NACIMIENTO;FEMENINO;CANADA;ONTARIO;6
820;2025;DICIEMBRE;NACIMIENTO;FEMENINO;CANADA;QUEBEC;1
821;2025;DICIEMBRE;NACIMIENTO;FEMENINO;CANADA;TORONTO;4
822;2025;DICIEMBRE;NACIMIENTO;FEMENINO;CHILE;ARICA;7
823;2025;DICIEMBRE;NACIMIENTO;FEMENINO;CHILE;ATACAMA;1
824;2025;DICIEMBRE;NACIMIENTO;FEMENINO;CHILE;CALAMA;1
825;2025;DICIEMBRE;NACIMIENTO;FEMENINO;CHILE;COPIAPO;1
826;2025;DICIEMBRE;NACIMIENTO;FEMENINO;CHILE;IQUIQUE;1
827;2025;DICIEMBRE;NACIMIENTO;FEMENINO;CHILE;LOS RIOS;2
828;2025;DICIEMBRE;NACIMIENTO;FEMENINO;CHILE;MAULE;1
829;2025;DICIEMBRE;NACIMIENTO;FEMENINO;CHILE;O'HIGGINS;3
830;2025;DICIEMBRE;NACIMIENTO;FEMENINO;CHILE;SANTIAGO;43
831;2025;DICIEMBRE;NACIMIENTO;FEMENINO;CHILE;TARAPACA;1
832;2025;DICIEMBRE;NACIMIENTO;FEMENINO;CHILE;VALPARAISO;3
833;2025;DICIEMBRE;NACIMIENTO;FEMENINO;COLOMBIA;CALDAS;1
834;2025;DICIEMBRE;NACIMIENTO;FEMENINO;COLOMBIA;CALI;1
835;2025;DICIEMBRE;NACIMIENTO;FEMENINO;COLOMBIA;MEDELLIN;1
836;2025;DICIEMBRE;NACIMIENTO;FEMENINO;CROACIA;ZAGREB;1
837;2025;DICIEMBRE;NACIMIENTO;FEMENINO;CUBA;LA HABANA;1
838;2025;DICIEMBRE;NACIMIENTO;FEMENINO;CUSCO;ACOMAYO;6
839;2025;DICIEMBRE;NACIMIENTO;FEMENINO;CUSCO;ANTA;25
840;2025;DICIEMBRE;NACIMIENTO;FEMENINO;CUSCO;CALCA;10
841;2025;DICIEMBRE;NACIMIENTO;FEMENINO;CUSCO;CANAS;3
842;2025;DICIEMBRE;NACIMIENTO;FEMENINO;CUSCO;CANCHIS;22
843;2025;DICIEMBRE;NACIMIENTO;FEMENINO;CUSCO;CHUMBIVILCAS;7
844;2025;DICIEMBRE;NACIMIENTO;FEMENINO;CUSCO;CUSCO;502
845;2025;DICIEMBRE;NACIMIENTO;FEMENINO;CUSCO;ESPINAR;21
846;2025;DICIEMBRE;NACIMIENTO;FEMENINO;CUSCO;LA CONVENCION;79
847;2025;DICIEMBRE;NACIMIENTO;FEMENINO;CUSCO;PARURO;9
848;2025;DICIEMBRE;NACIMIENTO;FEMENINO;CUSCO;PAUCARTAMBO;6
849;2025;DICIEMBRE;NACIMIENTO;FEMENINO;CUSCO;QUISPICANCHI;33
850;2025;DICIEMBRE;NACIMIENTO;FEMENINO;CUSCO;URUBAMBA;25
851;2025;DICIEMBRE;NACIMIENTO;FEMENINO;ECUADOR;QUITO;3
852;2025;DICIEMBRE;NACIMIENTO;FEMENINO;ESPAŃA;ALICANTE;1
853;2025;DICIEMBRE;NACIMIENTO;FEMENINO;ESPAŃA;ALMERIA;6
854;2025;DICIEMBRE;NACIMIENTO;FEMENINO;ESPAŃA;ASTURIAS;5
855;2025;DICIEMBRE;NACIMIENTO;FEMENINO;ESPAŃA;AVILA;3
856;2025;DICIEMBRE;NACIMIENTO;FEMENINO;ESPAŃA;BADAJOZ;2
857;2025;DICIEMBRE;NACIMIENTO;FEMENINO;ESPAŃA;BALEARES;1
858;2025;DICIEMBRE;NACIMIENTO;FEMENINO;ESPAŃA;BARCELONA;70
859;2025;DICIEMBRE;NACIMIENTO;FEMENINO;ESPAŃA;BILBAO;1
860;2025;DICIEMBRE;NACIMIENTO;FEMENINO;ESPAŃA;BURGOS;2
861;2025;DICIEMBRE;NACIMIENTO;FEMENINO;ESPAŃA;CACERES;2
862;2025;DICIEMBRE;NACIMIENTO;FEMENINO;ESPAŃA;CADIZ;1
863;2025;DICIEMBRE;NACIMIENTO;FEMENINO;ESPAŃA;CANTABRIA;8
864;2025;DICIEMBRE;NACIMIENTO;FEMENINO;ESPAŃA;CASTELLON;3
865;2025;DICIEMBRE;NACIMIENTO;FEMENINO;ESPAŃA;CIUDAD REAL;1
866;2025;DICIEMBRE;NACIMIENTO;FEMENINO;ESPAŃA;CORDOBA;1
867;2025;DICIEMBRE;NACIMIENTO;FEMENINO;ESPAŃA;GALICIA;2
868;2025;DICIEMBRE;NACIMIENTO;FEMENINO;ESPAŃA;GERONA;3
869;2025;DICIEMBRE;NACIMIENTO;FEMENINO;ESPAŃA;GUADALAJARA;5
870;2025;DICIEMBRE;NACIMIENTO;FEMENINO;ESPAŃA;GUIPUZCOA;1
871;2025;DICIEMBRE;NACIMIENTO;FEMENINO;ESPAŃA;HUELVA;1
872;2025;DICIEMBRE;NACIMIENTO;FEMENINO;ESPAŃA;HUESCA;1
873;2025;DICIEMBRE;NACIMIENTO;FEMENINO;ESPAŃA;JAEN;2
874;2025;DICIEMBRE;NACIMIENTO;FEMENINO;ESPAŃA;LA CORUŃA;9
875;2025;DICIEMBRE;NACIMIENTO;FEMENINO;ESPAŃA;LAS PALMAS;2
876;2025;DICIEMBRE;NACIMIENTO;FEMENINO;ESPAŃA;LERIDA;2
877;2025;DICIEMBRE;NACIMIENTO;FEMENINO;ESPAŃA;LUGO;3
878;2025;DICIEMBRE;NACIMIENTO;FEMENINO;ESPAŃA;MADRID;124
879;2025;DICIEMBRE;NACIMIENTO;FEMENINO;ESPAŃA;MALAGA;4
880;2025;DICIEMBRE;NACIMIENTO;FEMENINO;ESPAŃA;MALLORCA;3
881;2025;DICIEMBRE;NACIMIENTO;FEMENINO;ESPAŃA;MURCIA;1
882;2025;DICIEMBRE;NACIMIENTO;FEMENINO;ESPAŃA;NAVARRA;4
883;2025;DICIEMBRE;NACIMIENTO;FEMENINO;ESPAŃA;PONTEVEDRA;2
884;2025;DICIEMBRE;NACIMIENTO;FEMENINO;ESPAŃA;SALAMANCA;2
885;2025;DICIEMBRE;NACIMIENTO;FEMENINO;ESPAŃA;SEGOVIA;1
886;2025;DICIEMBRE;NACIMIENTO;FEMENINO;ESPAŃA;SEVILLA;3
887;2025;DICIEMBRE;NACIMIENTO;FEMENINO;ESPAŃA;TARRAGONA;1
888;2025;DICIEMBRE;NACIMIENTO;FEMENINO;ESPAŃA;TENERIFE;1
889;2025;DICIEMBRE;NACIMIENTO;FEMENINO;ESPAŃA;TERUEL;1
890;2025;DICIEMBRE;NACIMIENTO;FEMENINO;ESPAŃA;TOLEDO;3
891;2025;DICIEMBRE;NACIMIENTO;FEMENINO;ESPAŃA;VALENCIA;11
892;2025;DICIEMBRE;NACIMIENTO;FEMENINO;ESPAŃA;VIZCAYA;3
893;2025;DICIEMBRE;NACIMIENTO;FEMENINO;ESPAŃA;ZARAGOZA;5
894;2025;DICIEMBRE;NACIMIENTO;FEMENINO;ESTADOS UNIDOS DE AMERICA;ARIZONA;1
895;2025;DICIEMBRE;NACIMIENTO;FEMENINO;ESTADOS UNIDOS DE AMERICA;BOSTON;1
896;2025;DICIEMBRE;NACIMIENTO;FEMENINO;ESTADOS UNIDOS DE AMERICA;CALIFORNIA;2
897;2025;DICIEMBRE;NACIMIENTO;FEMENINO;ESTADOS UNIDOS DE AMERICA;CAROLINA DEL NORTE;4
898;2025;DICIEMBRE;NACIMIENTO;FEMENINO;ESTADOS UNIDOS DE AMERICA;CAROLINA DEL SUR;1
899;2025;DICIEMBRE;NACIMIENTO;FEMENINO;ESTADOS UNIDOS DE AMERICA;CHICAGO;1
900;2025;DICIEMBRE;NACIMIENTO;FEMENINO;ESTADOS UNIDOS DE AMERICA;COLORADO;2
901;2025;DICIEMBRE;NACIMIENTO;FEMENINO;ESTADOS UNIDOS DE AMERICA;CONNECTICUT;5
902;2025;DICIEMBRE;NACIMIENTO;FEMENINO;ESTADOS UNIDOS DE AMERICA;DALLAS;3
903;2025;DICIEMBRE;NACIMIENTO;FEMENINO;ESTADOS UNIDOS DE AMERICA;FLORIDA;6
904;2025;DICIEMBRE;NACIMIENTO;FEMENINO;ESTADOS UNIDOS DE AMERICA;GEORGIA;3
905;2025;DICIEMBRE;NACIMIENTO;FEMENINO;ESTADOS UNIDOS DE AMERICA;HOUSTON;3
906;2025;DICIEMBRE;NACIMIENTO;FEMENINO;ESTADOS UNIDOS DE AMERICA;ILLINOIS;2
907;2025;DICIEMBRE;NACIMIENTO;FEMENINO;ESTADOS UNIDOS DE AMERICA;KANSAS;3
908;2025;DICIEMBRE;NACIMIENTO;FEMENINO;ESTADOS UNIDOS DE AMERICA;KENTUCKY;2
909;2025;DICIEMBRE;NACIMIENTO;FEMENINO;ESTADOS UNIDOS DE AMERICA;LOS ANGELES;11
910;2025;DICIEMBRE;NACIMIENTO;FEMENINO;ESTADOS UNIDOS DE AMERICA;LOUISIANA;1
911;2025;DICIEMBRE;NACIMIENTO;FEMENINO;ESTADOS UNIDOS DE AMERICA;MARYLAND;4
912;2025;DICIEMBRE;NACIMIENTO;FEMENINO;ESTADOS UNIDOS DE AMERICA;MIAMI;12
913;2025;DICIEMBRE;NACIMIENTO;FEMENINO;ESTADOS UNIDOS DE AMERICA;NUEVA JERSEY;23
914;2025;DICIEMBRE;NACIMIENTO;FEMENINO;ESTADOS UNIDOS DE AMERICA;NUEVA YORK;17
915;2025;DICIEMBRE;NACIMIENTO;FEMENINO;ESTADOS UNIDOS DE AMERICA;NUEVO MEXICO;1
916;2025;DICIEMBRE;NACIMIENTO;FEMENINO;ESTADOS UNIDOS DE AMERICA;OKLAHOMA;1
917;2025;DICIEMBRE;NACIMIENTO;FEMENINO;ESTADOS UNIDOS DE AMERICA;ORLANDO;2
918;2025;DICIEMBRE;NACIMIENTO;FEMENINO;ESTADOS UNIDOS DE AMERICA;PENNSYLVANIA;3
919;2025;DICIEMBRE;NACIMIENTO;FEMENINO;ESTADOS UNIDOS DE AMERICA;SAN ANTONIO;1
920;2025;DICIEMBRE;NACIMIENTO;FEMENINO;ESTADOS UNIDOS DE AMERICA;SAN DIEGO;2
921;2025;DICIEMBRE;NACIMIENTO;FEMENINO;ESTADOS UNIDOS DE AMERICA;SAN FRANCISCO;13
922;2025;DICIEMBRE;NACIMIENTO;FEMENINO;ESTADOS UNIDOS DE AMERICA;SEATTLE;4
923;2025;DICIEMBRE;NACIMIENTO;FEMENINO;ESTADOS UNIDOS DE AMERICA;TAMPA;1
924;2025;DICIEMBRE;NACIMIENTO;FEMENINO;ESTADOS UNIDOS DE AMERICA;UTAH;7
925;2025;DICIEMBRE;NACIMIENTO;FEMENINO;ESTADOS UNIDOS DE AMERICA;VIRGINIA;15
926;2025;DICIEMBRE;NACIMIENTO;FEMENINO;ESTADOS UNIDOS DE AMERICA;WASHINGTON D. C.;1
927;2025;DICIEMBRE;NACIMIENTO;FEMENINO;FRANCIA;ALSACIA;1
928;2025;DICIEMBRE;NACIMIENTO;FEMENINO;FRANCIA;BURDEOS;1
929;2025;DICIEMBRE;NACIMIENTO;FEMENINO;FRANCIA;ESTRASBURGO;2
930;2025;DICIEMBRE;NACIMIENTO;FEMENINO;FRANCIA;FRANCO CONDADO;1
931;2025;DICIEMBRE;NACIMIENTO;FEMENINO;FRANCIA;GRAN ESTE;1
932;2025;DICIEMBRE;NACIMIENTO;FEMENINO;FRANCIA;GUAYANA FRANCESA CAYENA;1
933;2025;DICIEMBRE;NACIMIENTO;FEMENINO;FRANCIA;ILE DE FRANCE;1
934;2025;DICIEMBRE;NACIMIENTO;FEMENINO;FRANCIA;ISLA DE FRANCIA;1
935;2025;DICIEMBRE;NACIMIENTO;FEMENINO;FRANCIA;LORENA;1
936;2025;DICIEMBRE;NACIMIENTO;FEMENINO;FRANCIA;OCCITANIA;2
937;2025;DICIEMBRE;NACIMIENTO;FEMENINO;FRANCIA;PARIS;2
938;2025;DICIEMBRE;NACIMIENTO;FEMENINO;FRANCIA;PROVENZA-COSTA AZUL;1
939;2025;DICIEMBRE;NACIMIENTO;FEMENINO;FRANCIA;RHONE - ALPES;1
940;2025;DICIEMBRE;NACIMIENTO;FEMENINO;GRAN BRETAŃA;BIRMINGHAM;1
941;2025;DICIEMBRE;NACIMIENTO;FEMENINO;GRAN BRETAŃA;HULL;1
942;2025;DICIEMBRE;NACIMIENTO;FEMENINO;GRAN BRETAŃA;LANCASTER;1
943;2025;DICIEMBRE;NACIMIENTO;FEMENINO;GRAN BRETAŃA;LONDRES;2
944;2025;DICIEMBRE;NACIMIENTO;FEMENINO;GRECIA;ATENAS;1
945;2025;DICIEMBRE;NACIMIENTO;FEMENINO;HUANCAVELICA;ACOBAMBA;11
946;2025;DICIEMBRE;NACIMIENTO;FEMENINO;HUANCAVELICA;ANGARAES;8
947;2025;DICIEMBRE;NACIMIENTO;FEMENINO;HUANCAVELICA;CASTROVIRREYNA;8
948;2025;DICIEMBRE;NACIMIENTO;FEMENINO;HUANCAVELICA;CHURCAMPA;16
949;2025;DICIEMBRE;NACIMIENTO;FEMENINO;HUANCAVELICA;HUANCAVELICA;46
950;2025;DICIEMBRE;NACIMIENTO;FEMENINO;HUANCAVELICA;HUAYTARA;19
951;2025;DICIEMBRE;NACIMIENTO;FEMENINO;HUANCAVELICA;TAYACAJA;38
952;2025;DICIEMBRE;NACIMIENTO;FEMENINO;HUANUCO;AMBO;8
953;2025;DICIEMBRE;NACIMIENTO;FEMENINO;HUANUCO;DOS DE MAYO;9
954;2025;DICIEMBRE;NACIMIENTO;FEMENINO;HUANUCO;HUACAYBAMBA;3
955;2025;DICIEMBRE;NACIMIENTO;FEMENINO;HUANUCO;HUAMALIES;24
956;2025;DICIEMBRE;NACIMIENTO;FEMENINO;HUANUCO;HUANUCO;113
957;2025;DICIEMBRE;NACIMIENTO;FEMENINO;HUANUCO;LAURICOCHA;1
958;2025;DICIEMBRE;NACIMIENTO;FEMENINO;HUANUCO;LEONCIO PRADO;120
959;2025;DICIEMBRE;NACIMIENTO;FEMENINO;HUANUCO;MARAŃON;5
960;2025;DICIEMBRE;NACIMIENTO;FEMENINO;HUANUCO;PACHITEA;21
961;2025;DICIEMBRE;NACIMIENTO;FEMENINO;HUANUCO;PUERTO INCA;14
962;2025;DICIEMBRE;NACIMIENTO;FEMENINO;HUANUCO;YAROWILCA;13
963;2025;DICIEMBRE;NACIMIENTO;FEMENINO;ICA;CHINCHA;269
964;2025;DICIEMBRE;NACIMIENTO;FEMENINO;ICA;ICA;650
965;2025;DICIEMBRE;NACIMIENTO;FEMENINO;ICA;NASCA;95
966;2025;DICIEMBRE;NACIMIENTO;FEMENINO;ICA;PALPA;4
967;2025;DICIEMBRE;NACIMIENTO;FEMENINO;ICA;PISCO;161
968;2025;DICIEMBRE;NACIMIENTO;FEMENINO;IRLANDA;DUBLIN;1
969;2025;DICIEMBRE;NACIMIENTO;FEMENINO;ITALIA;CALABRIA;1
970;2025;DICIEMBRE;NACIMIENTO;FEMENINO;ITALIA;FLORENCIA;6
971;2025;DICIEMBRE;NACIMIENTO;FEMENINO;ITALIA;GENOVA;3
972;2025;DICIEMBRE;NACIMIENTO;FEMENINO;ITALIA;IMPERIA;1
973;2025;DICIEMBRE;NACIMIENTO;FEMENINO;ITALIA;LACIO;1
974;2025;DICIEMBRE;NACIMIENTO;FEMENINO;ITALIA;LECCO;1
975;2025;DICIEMBRE;NACIMIENTO;FEMENINO;ITALIA;LODI;1
976;2025;DICIEMBRE;NACIMIENTO;FEMENINO;ITALIA;LOMBARDIA;5
977;2025;DICIEMBRE;NACIMIENTO;FEMENINO;ITALIA;MARCAS;5
978;2025;DICIEMBRE;NACIMIENTO;FEMENINO;ITALIA;MILAN;29
979;2025;DICIEMBRE;NACIMIENTO;FEMENINO;ITALIA;NAPOLES;1
980;2025;DICIEMBRE;NACIMIENTO;FEMENINO;ITALIA;NOVARA;2
981;2025;DICIEMBRE;NACIMIENTO;FEMENINO;ITALIA;PAVIA;1
982;2025;DICIEMBRE;NACIMIENTO;FEMENINO;ITALIA;PERUGIA;1
983;2025;DICIEMBRE;NACIMIENTO;FEMENINO;ITALIA;ROMA;23
984;2025;DICIEMBRE;NACIMIENTO;FEMENINO;ITALIA;TURIN;7
985;2025;DICIEMBRE;NACIMIENTO;FEMENINO;ITALIA;VARESE;3
986;2025;DICIEMBRE;NACIMIENTO;FEMENINO;JAPON;AICHI;1
987;2025;DICIEMBRE;NACIMIENTO;FEMENINO;JAPON;CHIBA;4
988;2025;DICIEMBRE;NACIMIENTO;FEMENINO;JAPON;GUNMA;1
989;2025;DICIEMBRE;NACIMIENTO;FEMENINO;JAPON;NAGANO;1
990;2025;DICIEMBRE;NACIMIENTO;FEMENINO;JAPON;OSAKA;1
991;2025;DICIEMBRE;NACIMIENTO;FEMENINO;JAPON;TOCHIGI;1
992;2025;DICIEMBRE;NACIMIENTO;FEMENINO;JAPON;TOKIO;2
993;2025;DICIEMBRE;NACIMIENTO;FEMENINO;JAPON;YAMANASHI;1
994;2025;DICIEMBRE;NACIMIENTO;FEMENINO;JUNIN;CHANCHAMAYO;38
995;2025;DICIEMBRE;NACIMIENTO;FEMENINO;JUNIN;CHUPACA;44
996;2025;DICIEMBRE;NACIMIENTO;FEMENINO;JUNIN;CONCEPCION;28
997;2025;DICIEMBRE;NACIMIENTO;FEMENINO;JUNIN;HUANCAYO;420
998;2025;DICIEMBRE;NACIMIENTO;FEMENINO;JUNIN;JAUJA;37
999;2025;DICIEMBRE;NACIMIENTO;FEMENINO;JUNIN;JUNIN;1
1000;2025;DICIEMBRE;NACIMIENTO;FEMENINO;JUNIN;SATIPO;51
1001;2025;DICIEMBRE;NACIMIENTO;FEMENINO;JUNIN;TARMA;17
1002;2025;DICIEMBRE;NACIMIENTO;FEMENINO;JUNIN;YAULI;4
1003;2025;DICIEMBRE;NACIMIENTO;FEMENINO;LA LIBERTAD;ASCOPE;57
1004;2025;DICIEMBRE;NACIMIENTO;FEMENINO;LA LIBERTAD;BOLIVAR;1
1005;2025;DICIEMBRE;NACIMIENTO;FEMENINO;LA LIBERTAD;CHEPEN;28
1006;2025;DICIEMBRE;NACIMIENTO;FEMENINO;LA LIBERTAD;GRAN CHIMU;11
1007;2025;DICIEMBRE;NACIMIENTO;FEMENINO;LA LIBERTAD;JULCAN;4
1008;2025;DICIEMBRE;NACIMIENTO;FEMENINO;LA LIBERTAD;OTUZCO;20
1009;2025;DICIEMBRE;NACIMIENTO;FEMENINO;LA LIBERTAD;PACASMAYO;28
1010;2025;DICIEMBRE;NACIMIENTO;FEMENINO;LA LIBERTAD;PATAZ;24
1011;2025;DICIEMBRE;NACIMIENTO;FEMENINO;LA LIBERTAD;SANCHEZ CARRION;18
1012;2025;DICIEMBRE;NACIMIENTO;FEMENINO;LA LIBERTAD;SANTIAGO DE CHUCO;21
1013;2025;DICIEMBRE;NACIMIENTO;FEMENINO;LA LIBERTAD;TRUJILLO;1107
1014;2025;DICIEMBRE;NACIMIENTO;FEMENINO;LA LIBERTAD;VIRU;75
1015;2025;DICIEMBRE;NACIMIENTO;FEMENINO;LAMBAYEQUE;CHICLAYO;816
1016;2025;DICIEMBRE;NACIMIENTO;FEMENINO;LAMBAYEQUE;FERREŃAFE;22
1017;2025;DICIEMBRE;NACIMIENTO;FEMENINO;LAMBAYEQUE;LAMBAYEQUE;159
1018;2025;DICIEMBRE;NACIMIENTO;FEMENINO;LIMA;BARRANCA;80
1019;2025;DICIEMBRE;NACIMIENTO;FEMENINO;LIMA;CAJATAMBO;1
1020;2025;DICIEMBRE;NACIMIENTO;FEMENINO;LIMA;CANTA;8
1021;2025;DICIEMBRE;NACIMIENTO;FEMENINO;LIMA;CAŃETE;152
1022;2025;DICIEMBRE;NACIMIENTO;FEMENINO;LIMA;HUARAL;96
1023;2025;DICIEMBRE;NACIMIENTO;FEMENINO;LIMA;HUAROCHIRI;88
1024;2025;DICIEMBRE;NACIMIENTO;FEMENINO;LIMA;HUAURA;139
1025;2025;DICIEMBRE;NACIMIENTO;FEMENINO;LIMA;LIMA;16063
1026;2025;DICIEMBRE;NACIMIENTO;FEMENINO;LIMA;OYON;4
1027;2025;DICIEMBRE;NACIMIENTO;FEMENINO;LIMA;YAUYOS;10
1028;2025;DICIEMBRE;NACIMIENTO;FEMENINO;LORETO;ALTO AMAZONAS;25
1029;2025;DICIEMBRE;NACIMIENTO;FEMENINO;LORETO;DATEM DEL MARAŃON;5
1030;2025;DICIEMBRE;NACIMIENTO;FEMENINO;LORETO;LORETO;12
1031;2025;DICIEMBRE;NACIMIENTO;FEMENINO;LORETO;MARISCAL RAMON CASTILLA;24
1032;2025;DICIEMBRE;NACIMIENTO;FEMENINO;LORETO;MAYNAS;474
1033;2025;DICIEMBRE;NACIMIENTO;FEMENINO;LORETO;PUTUMAYO;2
1034;2025;DICIEMBRE;NACIMIENTO;FEMENINO;LORETO;REQUENA;19
1035;2025;DICIEMBRE;NACIMIENTO;FEMENINO;LORETO;UCAYALI;13
1036;2025;DICIEMBRE;NACIMIENTO;FEMENINO;MADRE DE DIOS;MANU;21
1037;2025;DICIEMBRE;NACIMIENTO;FEMENINO;MADRE DE DIOS;TAHUAMANU;10
1038;2025;DICIEMBRE;NACIMIENTO;FEMENINO;MADRE DE DIOS;TAMBOPATA;308
1039;2025;DICIEMBRE;NACIMIENTO;FEMENINO;MALTA;LA VALETTA;1
1040;2025;DICIEMBRE;NACIMIENTO;FEMENINO;MOQUEGUA;GENERAL SANCHEZ CERRO;9
1041;2025;DICIEMBRE;NACIMIENTO;FEMENINO;MOQUEGUA;ILO;45
1042;2025;DICIEMBRE;NACIMIENTO;FEMENINO;MOQUEGUA;MARISCAL NIETO;72
1043;2025;DICIEMBRE;NACIMIENTO;FEMENINO;PARAGUAY;ASUNCION;1
1044;2025;DICIEMBRE;NACIMIENTO;FEMENINO;PASCO;DANIEL ALCIDES CARRION;8
1045;2025;DICIEMBRE;NACIMIENTO;FEMENINO;PASCO;OXAPAMPA;22
1046;2025;DICIEMBRE;NACIMIENTO;FEMENINO;PASCO;PASCO;29
1047;2025;DICIEMBRE;NACIMIENTO;FEMENINO;PIURA;AYABACA;45
1048;2025;DICIEMBRE;NACIMIENTO;FEMENINO;PIURA;HUANCABAMBA;35
1049;2025;DICIEMBRE;NACIMIENTO;FEMENINO;PIURA;MORROPON;49
1050;2025;DICIEMBRE;NACIMIENTO;FEMENINO;PIURA;PAITA;55
1051;2025;DICIEMBRE;NACIMIENTO;FEMENINO;PIURA;PIURA;608
1052;2025;DICIEMBRE;NACIMIENTO;FEMENINO;PIURA;SECHURA;19
1053;2025;DICIEMBRE;NACIMIENTO;FEMENINO;PIURA;SULLANA;165
1054;2025;DICIEMBRE;NACIMIENTO;FEMENINO;PIURA;TALARA;81
1055;2025;DICIEMBRE;NACIMIENTO;FEMENINO;PUNO;AZANGARO;17
1056;2025;DICIEMBRE;NACIMIENTO;FEMENINO;PUNO;CARABAYA;10
1057;2025;DICIEMBRE;NACIMIENTO;FEMENINO;PUNO;CHUCUITO;11
1058;2025;DICIEMBRE;NACIMIENTO;FEMENINO;PUNO;EL COLLAO;22
1059;2025;DICIEMBRE;NACIMIENTO;FEMENINO;PUNO;HUANCANE;8
1060;2025;DICIEMBRE;NACIMIENTO;FEMENINO;PUNO;LAMPA;4
1061;2025;DICIEMBRE;NACIMIENTO;FEMENINO;PUNO;MELGAR;14
1062;2025;DICIEMBRE;NACIMIENTO;FEMENINO;PUNO;MOHO;3
1063;2025;DICIEMBRE;NACIMIENTO;FEMENINO;PUNO;PUNO;68
1064;2025;DICIEMBRE;NACIMIENTO;FEMENINO;PUNO;SAN ANTONIO DE PUTINA;10
1065;2025;DICIEMBRE;NACIMIENTO;FEMENINO;PUNO;SAN ROMAN;125
1066;2025;DICIEMBRE;NACIMIENTO;FEMENINO;PUNO;SANDIA;19
1067;2025;DICIEMBRE;NACIMIENTO;FEMENINO;PUNO;YUNGUYO;2
1068;2025;DICIEMBRE;NACIMIENTO;FEMENINO;REINO UNIDO DE GRAN BRETAŃA E;INGLATERRA;3
1069;2025;DICIEMBRE;NACIMIENTO;FEMENINO;REPUBLICA DE COREA;SEUL;1
1070;2025;DICIEMBRE;NACIMIENTO;FEMENINO;REPUBLICA DE PANAMA;PANAMA;4
1071;2025;DICIEMBRE;NACIMIENTO;FEMENINO;REPUBLICA DOMINICANA;SANTO DOMINGO;1
1072;2025;DICIEMBRE;NACIMIENTO;FEMENINO;REPUBLICA POPULAR CHINA;REGION ADMINISTRATIVA ESPECIAL HONG KONG;1
1073;2025;DICIEMBRE;NACIMIENTO;FEMENINO;SAN MARTIN;BELLAVISTA;12
1074;2025;DICIEMBRE;NACIMIENTO;FEMENINO;SAN MARTIN;EL DORADO;16
1075;2025;DICIEMBRE;NACIMIENTO;FEMENINO;SAN MARTIN;HUALLAGA;9
1076;2025;DICIEMBRE;NACIMIENTO;FEMENINO;SAN MARTIN;LAMAS;18
1077;2025;DICIEMBRE;NACIMIENTO;FEMENINO;SAN MARTIN;MARISCAL CACERES;34
1078;2025;DICIEMBRE;NACIMIENTO;FEMENINO;SAN MARTIN;MOYOBAMBA;55
1079;2025;DICIEMBRE;NACIMIENTO;FEMENINO;SAN MARTIN;PICOTA;14
1080;2025;DICIEMBRE;NACIMIENTO;FEMENINO;SAN MARTIN;RIOJA;40
1081;2025;DICIEMBRE;NACIMIENTO;FEMENINO;SAN MARTIN;SAN MARTIN;178
1082;2025;DICIEMBRE;NACIMIENTO;FEMENINO;SAN MARTIN;TOCACHE;18
1083;2025;DICIEMBRE;NACIMIENTO;FEMENINO;SINGAPUR;SINGAPUR;2
1084;2025;DICIEMBRE;NACIMIENTO;FEMENINO;SUECIA;ESTOCOLMO;4
1085;2025;DICIEMBRE;NACIMIENTO;FEMENINO;SUECIA;GOTEMBURGO;1
1086;2025;DICIEMBRE;NACIMIENTO;FEMENINO;SUIZA;ARGOVIA;1
1087;2025;DICIEMBRE;NACIMIENTO;FEMENINO;SUIZA;BERNA;1
1088;2025;DICIEMBRE;NACIMIENTO;FEMENINO;SUIZA;GINEBRA;1
1089;2025;DICIEMBRE;NACIMIENTO;FEMENINO;SUIZA;TESINO;2
1090;2025;DICIEMBRE;NACIMIENTO;FEMENINO;TACNA;CANDARAVE;3
1091;2025;DICIEMBRE;NACIMIENTO;FEMENINO;TACNA;JORGE BASADRE;14
1092;2025;DICIEMBRE;NACIMIENTO;FEMENINO;TACNA;TACNA;432
1093;2025;DICIEMBRE;NACIMIENTO;FEMENINO;TACNA;TARATA;5
1094;2025;DICIEMBRE;NACIMIENTO;FEMENINO;TUMBES;CONTRALMIRANTE VILLAR;13
1095;2025;DICIEMBRE;NACIMIENTO;FEMENINO;TUMBES;TUMBES;115
1096;2025;DICIEMBRE;NACIMIENTO;FEMENINO;TUMBES;ZARUMILLA;28
1097;2025;DICIEMBRE;NACIMIENTO;FEMENINO;UCAYALI;ATALAYA;24
1098;2025;DICIEMBRE;NACIMIENTO;FEMENINO;UCAYALI;CORONEL PORTILLO;333
1099;2025;DICIEMBRE;NACIMIENTO;FEMENINO;UCAYALI;PADRE ABAD;19
1100;2025;DICIEMBRE;NACIMIENTO;FEMENINO;UCAYALI;PURUS;3
1101;2025;DICIEMBRE;NACIMIENTO;FEMENINO;URUGUAY;MONTEVIDEO;1
1102;2025;DICIEMBRE;NACIMIENTO;FEMENINO;VENEZUELA;CARACAS;1
1103;2025;DICIEMBRE;NACIMIENTO;FEMENINO;VENEZUELA;MIRANDA;1
1104;2025;DICIEMBRE;NACIMIENTO;FEMENINO;VENEZUELA;TACHIRA;1
1105;2025;DICIEMBRE;NACIMIENTO;FEMENINO;;CALLAO;1358
1106;2025;DICIEMBRE;NACIMIENTO;MASCULINO;ALEMANIA;BAVIERA;1
1107;2025;DICIEMBRE;NACIMIENTO;MASCULINO;ALEMANIA;BERLIN;1
1108;2025;DICIEMBRE;NACIMIENTO;MASCULINO;ALEMANIA;COLONIA;1
1109;2025;DICIEMBRE;NACIMIENTO;MASCULINO;ALEMANIA;HAMBURGO;1
1110;2025;DICIEMBRE;NACIMIENTO;MASCULINO;ALEMANIA;HESSEN;2
1111;2025;DICIEMBRE;NACIMIENTO;MASCULINO;ALEMANIA;MUNICH;1
1112;2025;DICIEMBRE;NACIMIENTO;MASCULINO;ALEMANIA;STUTTGART;1
1113;2025;DICIEMBRE;NACIMIENTO;MASCULINO;AMAZONAS;BAGUA;14
1114;2025;DICIEMBRE;NACIMIENTO;MASCULINO;AMAZONAS;BONGARA;10
1115;2025;DICIEMBRE;NACIMIENTO;MASCULINO;AMAZONAS;CHACHAPOYAS;25
1116;2025;DICIEMBRE;NACIMIENTO;MASCULINO;AMAZONAS;CONDORCANQUI;2
1117;2025;DICIEMBRE;NACIMIENTO;MASCULINO;AMAZONAS;LUYA;10
1118;2025;DICIEMBRE;NACIMIENTO;MASCULINO;AMAZONAS;RODRIGUEZ DE MENDOZA;10
1119;2025;DICIEMBRE;NACIMIENTO;MASCULINO;AMAZONAS;UTCUBAMBA;15
1120;2025;DICIEMBRE;NACIMIENTO;MASCULINO;ANCASH;ANTONIO RAIMONDI;2
1121;2025;DICIEMBRE;NACIMIENTO;MASCULINO;ANCASH;ASUNCION;1
1122;2025;DICIEMBRE;NACIMIENTO;MASCULINO;ANCASH;BOLOGNESI;4
1123;2025;DICIEMBRE;NACIMIENTO;MASCULINO;ANCASH;CARHUAZ;10
1124;2025;DICIEMBRE;NACIMIENTO;MASCULINO;ANCASH;CASMA;9
1125;2025;DICIEMBRE;NACIMIENTO;MASCULINO;ANCASH;HUARAZ;26
1126;2025;DICIEMBRE;NACIMIENTO;MASCULINO;ANCASH;HUARI;33
1127;2025;DICIEMBRE;NACIMIENTO;MASCULINO;ANCASH;HUARMEY;12
1128;2025;DICIEMBRE;NACIMIENTO;MASCULINO;ANCASH;HUAYLAS;8
1129;2025;DICIEMBRE;NACIMIENTO;MASCULINO;ANCASH;MARISCAL LUZURIAGA;2
1130;2025;DICIEMBRE;NACIMIENTO;MASCULINO;ANCASH;OCROS;1
1131;2025;DICIEMBRE;NACIMIENTO;MASCULINO;ANCASH;PALLASCA;8
1132;2025;DICIEMBRE;NACIMIENTO;MASCULINO;ANCASH;POMABAMBA;2
1133;2025;DICIEMBRE;NACIMIENTO;MASCULINO;ANCASH;RECUAY;3
1134;2025;DICIEMBRE;NACIMIENTO;MASCULINO;ANCASH;SANTA;210
1135;2025;DICIEMBRE;NACIMIENTO;MASCULINO;ANCASH;SIHUAS;4
1136;2025;DICIEMBRE;NACIMIENTO;MASCULINO;ANCASH;YUNGAY;13
1137;2025;DICIEMBRE;NACIMIENTO;MASCULINO;ANTILLAS HOLANDESAS;ARUBA;1
1138;2025;DICIEMBRE;NACIMIENTO;MASCULINO;ANTILLAS HOLANDESAS;BONAIRE;1
1139;2025;DICIEMBRE;NACIMIENTO;MASCULINO;APURIMAC;ABANCAY;27
1140;2025;DICIEMBRE;NACIMIENTO;MASCULINO;APURIMAC;ANDAHUAYLAS;20
1141;2025;DICIEMBRE;NACIMIENTO;MASCULINO;APURIMAC;AYMARAES;2
1142;2025;DICIEMBRE;NACIMIENTO;MASCULINO;APURIMAC;CHINCHEROS;12
1143;2025;DICIEMBRE;NACIMIENTO;MASCULINO;APURIMAC;COTABAMBAS;14
1144;2025;DICIEMBRE;NACIMIENTO;MASCULINO;APURIMAC;GRAU;5
1145;2025;DICIEMBRE;NACIMIENTO;MASCULINO;AREQUIPA;AREQUIPA;588
1146;2025;DICIEMBRE;NACIMIENTO;MASCULINO;AREQUIPA;CAMANA;17
1147;2025;DICIEMBRE;NACIMIENTO;MASCULINO;AREQUIPA;CARAVELI;16
1148;2025;DICIEMBRE;NACIMIENTO;MASCULINO;AREQUIPA;CASTILLA;5
1149;2025;DICIEMBRE;NACIMIENTO;MASCULINO;AREQUIPA;CAYLLOMA;25
1150;2025;DICIEMBRE;NACIMIENTO;MASCULINO;AREQUIPA;CONDESUYOS;3
1151;2025;DICIEMBRE;NACIMIENTO;MASCULINO;AREQUIPA;ISLAY;10
1152;2025;DICIEMBRE;NACIMIENTO;MASCULINO;AREQUIPA;LA UNION;1
1153;2025;DICIEMBRE;NACIMIENTO;MASCULINO;ARGENTINA;BUENOS AIRES;6
1154;2025;DICIEMBRE;NACIMIENTO;MASCULINO;ARGENTINA;LA PLATA;4
1155;2025;DICIEMBRE;NACIMIENTO;MASCULINO;ARGENTINA;MENDOZA;1
1156;2025;DICIEMBRE;NACIMIENTO;MASCULINO;ARGENTINA;RIO NEGRO;1
1157;2025;DICIEMBRE;NACIMIENTO;MASCULINO;ARGENTINA;ROSARIO DE SANTA FE;1
1158;2025;DICIEMBRE;NACIMIENTO;MASCULINO;AUSTRALIA;AUSTRALIA MERIDIONAL;1
1159;2025;DICIEMBRE;NACIMIENTO;MASCULINO;AUSTRALIA;BRISBANE;1
1160;2025;DICIEMBRE;NACIMIENTO;MASCULINO;AUSTRALIA;QUEENSLAND;1
1161;2025;DICIEMBRE;NACIMIENTO;MASCULINO;AUSTRALIA;SIDNEY;1
1162;2025;DICIEMBRE;NACIMIENTO;MASCULINO;AYACUCHO;CANGALLO;9
1163;2025;DICIEMBRE;NACIMIENTO;MASCULINO;AYACUCHO;HUAMANGA;68
1164;2025;DICIEMBRE;NACIMIENTO;MASCULINO;AYACUCHO;HUANCA SANCOS;1
1165;2025;DICIEMBRE;NACIMIENTO;MASCULINO;AYACUCHO;HUANTA;9
1166;2025;DICIEMBRE;NACIMIENTO;MASCULINO;AYACUCHO;LA MAR;12
1167;2025;DICIEMBRE;NACIMIENTO;MASCULINO;AYACUCHO;LUCANAS;12
1168;2025;DICIEMBRE;NACIMIENTO;MASCULINO;AYACUCHO;PARINACOCHAS;7
1169;2025;DICIEMBRE;NACIMIENTO;MASCULINO;AYACUCHO;PAUCAR DEL SARA SARA;4
1170;2025;DICIEMBRE;NACIMIENTO;MASCULINO;AYACUCHO;SUCRE;1
1171;2025;DICIEMBRE;NACIMIENTO;MASCULINO;AYACUCHO;VILCAS HUAMAN;3
1172;2025;DICIEMBRE;NACIMIENTO;MASCULINO;BELGICA;BRABANTE FLAMENCO;1
1173;2025;DICIEMBRE;NACIMIENTO;MASCULINO;BELGICA;BRUSELAS;4
1174;2025;DICIEMBRE;NACIMIENTO;MASCULINO;BOLIVIA;COCHABAMBA;2
1175;2025;DICIEMBRE;NACIMIENTO;MASCULINO;BOLIVIA;LA PAZ;1
1176;2025;DICIEMBRE;NACIMIENTO;MASCULINO;BOLIVIA;SANTA CRUZ;2
1177;2025;DICIEMBRE;NACIMIENTO;MASCULINO;BRASIL;AMAZONAS;1
1178;2025;DICIEMBRE;NACIMIENTO;MASCULINO;BRASIL;BRASILIA;1
1179;2025;DICIEMBRE;NACIMIENTO;MASCULINO;BRASIL;PARANA;1
1180;2025;DICIEMBRE;NACIMIENTO;MASCULINO;CAJAMARCA;CAJABAMBA;22
1181;2025;DICIEMBRE;NACIMIENTO;MASCULINO;CAJAMARCA;CAJAMARCA;270
1182;2025;DICIEMBRE;NACIMIENTO;MASCULINO;CAJAMARCA;CELENDIN;15
1183;2025;DICIEMBRE;NACIMIENTO;MASCULINO;CAJAMARCA;CHOTA;32
1184;2025;DICIEMBRE;NACIMIENTO;MASCULINO;CAJAMARCA;CONTUMAZA;3
1185;2025;DICIEMBRE;NACIMIENTO;MASCULINO;CAJAMARCA;CUTERVO;22
1186;2025;DICIEMBRE;NACIMIENTO;MASCULINO;CAJAMARCA;HUALGAYOC;15
1187;2025;DICIEMBRE;NACIMIENTO;MASCULINO;CAJAMARCA;JAEN;27
1188;2025;DICIEMBRE;NACIMIENTO;MASCULINO;CAJAMARCA;SAN IGNACIO;31
1189;2025;DICIEMBRE;NACIMIENTO;MASCULINO;CAJAMARCA;SAN MARCOS;8
1190;2025;DICIEMBRE;NACIMIENTO;MASCULINO;CAJAMARCA;SAN MIGUEL;10
1191;2025;DICIEMBRE;NACIMIENTO;MASCULINO;CAJAMARCA;SAN PABLO;3
1192;2025;DICIEMBRE;NACIMIENTO;MASCULINO;CAJAMARCA;SANTA CRUZ;7
1193;2025;DICIEMBRE;NACIMIENTO;MASCULINO;CANADA;ALBERTA;1
1194;2025;DICIEMBRE;NACIMIENTO;MASCULINO;CANADA;COLUMBIA BRITANICA;3
1195;2025;DICIEMBRE;NACIMIENTO;MASCULINO;CANADA;MONTREAL;6
1196;2025;DICIEMBRE;NACIMIENTO;MASCULINO;CANADA;ONTARIO;1
1197;2025;DICIEMBRE;NACIMIENTO;MASCULINO;CANADA;QUEBEC;2
1198;2025;DICIEMBRE;NACIMIENTO;MASCULINO;CANADA;TORONTO;1
1199;2025;DICIEMBRE;NACIMIENTO;MASCULINO;CANADA;VANCOUVER;2
1200;2025;DICIEMBRE;NACIMIENTO;MASCULINO;CHILE;ARICA;2
1201;2025;DICIEMBRE;NACIMIENTO;MASCULINO;CHILE;CALAMA;1
1202;2025;DICIEMBRE;NACIMIENTO;MASCULINO;CHILE;COQUIMBO;1
1203;2025;DICIEMBRE;NACIMIENTO;MASCULINO;CHILE;IQUIQUE;3
1204;2025;DICIEMBRE;NACIMIENTO;MASCULINO;CHILE;SANTIAGO;32
1205;2025;DICIEMBRE;NACIMIENTO;MASCULINO;CHILE;TARAPACA;2
1206;2025;DICIEMBRE;NACIMIENTO;MASCULINO;COLOMBIA;BOGOTA;1
1207;2025;DICIEMBRE;NACIMIENTO;MASCULINO;COLOMBIA;CUNDINAMARCA;1
1208;2025;DICIEMBRE;NACIMIENTO;MASCULINO;COLOMBIA;MEDELLIN;1
1209;2025;DICIEMBRE;NACIMIENTO;MASCULINO;CUSCO;ACOMAYO;2
1210;2025;DICIEMBRE;NACIMIENTO;MASCULINO;CUSCO;ANTA;10
1211;2025;DICIEMBRE;NACIMIENTO;MASCULINO;CUSCO;CALCA;10
1212;2025;DICIEMBRE;NACIMIENTO;MASCULINO;CUSCO;CANAS;7
1213;2025;DICIEMBRE;NACIMIENTO;MASCULINO;CUSCO;CANCHIS;14
1214;2025;DICIEMBRE;NACIMIENTO;MASCULINO;CUSCO;CHUMBIVILCAS;11
1215;2025;DICIEMBRE;NACIMIENTO;MASCULINO;CUSCO;CUSCO;317
1216;2025;DICIEMBRE;NACIMIENTO;MASCULINO;CUSCO;ESPINAR;15
1217;2025;DICIEMBRE;NACIMIENTO;MASCULINO;CUSCO;LA CONVENCION;44
1218;2025;DICIEMBRE;NACIMIENTO;MASCULINO;CUSCO;PARURO;4
1219;2025;DICIEMBRE;NACIMIENTO;MASCULINO;CUSCO;PAUCARTAMBO;5
1220;2025;DICIEMBRE;NACIMIENTO;MASCULINO;CUSCO;QUISPICANCHI;20
1221;2025;DICIEMBRE;NACIMIENTO;MASCULINO;CUSCO;URUBAMBA;13
1222;2025;DICIEMBRE;NACIMIENTO;MASCULINO;ECUADOR;GUAYAS;2
1223;2025;DICIEMBRE;NACIMIENTO;MASCULINO;ESPAŃA;ALMERIA;3
1224;2025;DICIEMBRE;NACIMIENTO;MASCULINO;ESPAŃA;BARCELONA;45
1225;2025;DICIEMBRE;NACIMIENTO;MASCULINO;ESPAŃA;CADIZ;1
1226;2025;DICIEMBRE;NACIMIENTO;MASCULINO;ESPAŃA;CANTABRIA;2
1227;2025;DICIEMBRE;NACIMIENTO;MASCULINO;ESPAŃA;CASTELLON;3
1228;2025;DICIEMBRE;NACIMIENTO;MASCULINO;ESPAŃA;CORDOBA;1
1229;2025;DICIEMBRE;NACIMIENTO;MASCULINO;ESPAŃA;CUENCA;2
1230;2025;DICIEMBRE;NACIMIENTO;MASCULINO;ESPAŃA;GALICIA;1
1231;2025;DICIEMBRE;NACIMIENTO;MASCULINO;ESPAŃA;GUADALAJARA;3
1232;2025;DICIEMBRE;NACIMIENTO;MASCULINO;ESPAŃA;GUIPUZCOA;2
1233;2025;DICIEMBRE;NACIMIENTO;MASCULINO;ESPAŃA;HUESCA;1
1234;2025;DICIEMBRE;NACIMIENTO;MASCULINO;ESPAŃA;LA CORUŃA;4
1235;2025;DICIEMBRE;NACIMIENTO;MASCULINO;ESPAŃA;LAS PALMAS;1
1236;2025;DICIEMBRE;NACIMIENTO;MASCULINO;ESPAŃA;LERIDA;2
1237;2025;DICIEMBRE;NACIMIENTO;MASCULINO;ESPAŃA;LUGO;1
1238;2025;DICIEMBRE;NACIMIENTO;MASCULINO;ESPAŃA;MADRID;55
1239;2025;DICIEMBRE;NACIMIENTO;MASCULINO;ESPAŃA;MALAGA;1
1240;2025;DICIEMBRE;NACIMIENTO;MASCULINO;ESPAŃA;MALLORCA;2
1241;2025;DICIEMBRE;NACIMIENTO;MASCULINO;ESPAŃA;MURCIA;1
1242;2025;DICIEMBRE;NACIMIENTO;MASCULINO;ESPAŃA;NAVARRA;2
1243;2025;DICIEMBRE;NACIMIENTO;MASCULINO;ESPAŃA;PALENCIA;1
1244;2025;DICIEMBRE;NACIMIENTO;MASCULINO;ESPAŃA;PONTEVEDRA;2
1245;2025;DICIEMBRE;NACIMIENTO;MASCULINO;ESPAŃA;SALAMANCA;2
1246;2025;DICIEMBRE;NACIMIENTO;MASCULINO;ESPAŃA;SEVILLA;3
1247;2025;DICIEMBRE;NACIMIENTO;MASCULINO;ESPAŃA;TENERIFE;3
1248;2025;DICIEMBRE;NACIMIENTO;MASCULINO;ESPAŃA;TOLEDO;4
1249;2025;DICIEMBRE;NACIMIENTO;MASCULINO;ESPAŃA;VALENCIA;3
1250;2025;DICIEMBRE;NACIMIENTO;MASCULINO;ESPAŃA;VALLADOLID;1
1251;2025;DICIEMBRE;NACIMIENTO;MASCULINO;ESPAŃA;VIZCAYA;1
1252;2025;DICIEMBRE;NACIMIENTO;MASCULINO;ESPAŃA;ZARAGOZA;3
1253;2025;DICIEMBRE;NACIMIENTO;MASCULINO;ESTADOS UNIDOS DE AMERICA;ARIZONA;3
1254;2025;DICIEMBRE;NACIMIENTO;MASCULINO;ESTADOS UNIDOS DE AMERICA;BOSTON;1
1255;2025;DICIEMBRE;NACIMIENTO;MASCULINO;ESTADOS UNIDOS DE AMERICA;CALIFORNIA;2
1256;2025;DICIEMBRE;NACIMIENTO;MASCULINO;ESTADOS UNIDOS DE AMERICA;CAROLINA DEL NORTE;2
1257;2025;DICIEMBRE;NACIMIENTO;MASCULINO;ESTADOS UNIDOS DE AMERICA;COLORADO;1
1258;2025;DICIEMBRE;NACIMIENTO;MASCULINO;ESTADOS UNIDOS DE AMERICA;CONNECTICUT;4
1259;2025;DICIEMBRE;NACIMIENTO;MASCULINO;ESTADOS UNIDOS DE AMERICA;DALLAS;7
1260;2025;DICIEMBRE;NACIMIENTO;MASCULINO;ESTADOS UNIDOS DE AMERICA;FLORIDA;4
1261;2025;DICIEMBRE;NACIMIENTO;MASCULINO;ESTADOS UNIDOS DE AMERICA;FORT LAUDERDALE;1
1262;2025;DICIEMBRE;NACIMIENTO;MASCULINO;ESTADOS UNIDOS DE AMERICA;HOUSTON;5
1263;2025;DICIEMBRE;NACIMIENTO;MASCULINO;ESTADOS UNIDOS DE AMERICA;INDIANA;1
1264;2025;DICIEMBRE;NACIMIENTO;MASCULINO;ESTADOS UNIDOS DE AMERICA;LAS VEGAS;2
1265;2025;DICIEMBRE;NACIMIENTO;MASCULINO;ESTADOS UNIDOS DE AMERICA;LOS ANGELES;13
1266;2025;DICIEMBRE;NACIMIENTO;MASCULINO;ESTADOS UNIDOS DE AMERICA;MARYLAND;6
1267;2025;DICIEMBRE;NACIMIENTO;MASCULINO;ESTADOS UNIDOS DE AMERICA;MASSACHUSETTS;2
1268;2025;DICIEMBRE;NACIMIENTO;MASCULINO;ESTADOS UNIDOS DE AMERICA;MIAMI;8
1269;2025;DICIEMBRE;NACIMIENTO;MASCULINO;ESTADOS UNIDOS DE AMERICA;MINNESOTA;1
1270;2025;DICIEMBRE;NACIMIENTO;MASCULINO;ESTADOS UNIDOS DE AMERICA;NUEVA JERSEY;20
1271;2025;DICIEMBRE;NACIMIENTO;MASCULINO;ESTADOS UNIDOS DE AMERICA;NUEVA YORK;18
1272;2025;DICIEMBRE;NACIMIENTO;MASCULINO;ESTADOS UNIDOS DE AMERICA;OHIO;1
1273;2025;DICIEMBRE;NACIMIENTO;MASCULINO;ESTADOS UNIDOS DE AMERICA;ORLANDO;3
1274;2025;DICIEMBRE;NACIMIENTO;MASCULINO;ESTADOS UNIDOS DE AMERICA;PENNSYLVANIA;2
1275;2025;DICIEMBRE;NACIMIENTO;MASCULINO;ESTADOS UNIDOS DE AMERICA;SAN FRANCISCO;8
1276;2025;DICIEMBRE;NACIMIENTO;MASCULINO;ESTADOS UNIDOS DE AMERICA;SEATTLE;2
1277;2025;DICIEMBRE;NACIMIENTO;MASCULINO;ESTADOS UNIDOS DE AMERICA;TAMPA;2
1278;2025;DICIEMBRE;NACIMIENTO;MASCULINO;ESTADOS UNIDOS DE AMERICA;TENNESSEE;1
1279;2025;DICIEMBRE;NACIMIENTO;MASCULINO;ESTADOS UNIDOS DE AMERICA;UTAH;4
1280;2025;DICIEMBRE;NACIMIENTO;MASCULINO;ESTADOS UNIDOS DE AMERICA;VIRGINIA;12
1281;2025;DICIEMBRE;NACIMIENTO;MASCULINO;ESTADOS UNIDOS DE AMERICA;WASHINGTON;2
1282;2025;DICIEMBRE;NACIMIENTO;MASCULINO;ESTADOS UNIDOS DE AMERICA;WISCONSIN;2
1283;2025;DICIEMBRE;NACIMIENTO;MASCULINO;FRANCIA;GUAYANA FRANCESA CAYENA;1
1284;2025;DICIEMBRE;NACIMIENTO;MASCULINO;FRANCIA;ISLA DE FRANCIA;2
1285;2025;DICIEMBRE;NACIMIENTO;MASCULINO;FRANCIA;NORMANDIA;1
1286;2025;DICIEMBRE;NACIMIENTO;MASCULINO;FRANCIA;PARIS;3
1287;2025;DICIEMBRE;NACIMIENTO;MASCULINO;FRANCIA;PROVENZA-COSTA AZUL;1
1288;2025;DICIEMBRE;NACIMIENTO;MASCULINO;GRAN BRETAŃA;LONDRES;2
1289;2025;DICIEMBRE;NACIMIENTO;MASCULINO;HOLANDA;HOLANDA SEPTENTRIONAL;1
1290;2025;DICIEMBRE;NACIMIENTO;MASCULINO;HUANCAVELICA;ACOBAMBA;10
1291;2025;DICIEMBRE;NACIMIENTO;MASCULINO;HUANCAVELICA;ANGARAES;10
1292;2025;DICIEMBRE;NACIMIENTO;MASCULINO;HUANCAVELICA;CASTROVIRREYNA;4
1293;2025;DICIEMBRE;NACIMIENTO;MASCULINO;HUANCAVELICA;CHURCAMPA;6
1294;2025;DICIEMBRE;NACIMIENTO;MASCULINO;HUANCAVELICA;HUANCAVELICA;35
1295;2025;DICIEMBRE;NACIMIENTO;MASCULINO;HUANCAVELICA;HUAYTARA;10
1296;2025;DICIEMBRE;NACIMIENTO;MASCULINO;HUANCAVELICA;TAYACAJA;19
1297;2025;DICIEMBRE;NACIMIENTO;MASCULINO;HUANUCO;AMBO;6
1298;2025;DICIEMBRE;NACIMIENTO;MASCULINO;HUANUCO;DOS DE MAYO;8
1299;2025;DICIEMBRE;NACIMIENTO;MASCULINO;HUANUCO;HUACAYBAMBA;2
1300;2025;DICIEMBRE;NACIMIENTO;MASCULINO;HUANUCO;HUAMALIES;14
1301;2025;DICIEMBRE;NACIMIENTO;MASCULINO;HUANUCO;HUANUCO;84
1302;2025;DICIEMBRE;NACIMIENTO;MASCULINO;HUANUCO;LAURICOCHA;2
1303;2025;DICIEMBRE;NACIMIENTO;MASCULINO;HUANUCO;LEONCIO PRADO;66
1304;2025;DICIEMBRE;NACIMIENTO;MASCULINO;HUANUCO;MARAŃON;3
1305;2025;DICIEMBRE;NACIMIENTO;MASCULINO;HUANUCO;PACHITEA;9
1306;2025;DICIEMBRE;NACIMIENTO;MASCULINO;HUANUCO;PUERTO INCA;7
1307;2025;DICIEMBRE;NACIMIENTO;MASCULINO;HUANUCO;YAROWILCA;7
1308;2025;DICIEMBRE;NACIMIENTO;MASCULINO;ICA;CHINCHA;159
1309;2025;DICIEMBRE;NACIMIENTO;MASCULINO;ICA;ICA;389
1310;2025;DICIEMBRE;NACIMIENTO;MASCULINO;ICA;NASCA;56
1311;2025;DICIEMBRE;NACIMIENTO;MASCULINO;ICA;PALPA;6
1312;2025;DICIEMBRE;NACIMIENTO;MASCULINO;ICA;PISCO;70
1313;2025;DICIEMBRE;NACIMIENTO;MASCULINO;ISLAS CAIMAN;GEORGE TOWN;1
1314;2025;DICIEMBRE;NACIMIENTO;MASCULINO;ITALIA;ABRUZOS;1
1315;2025;DICIEMBRE;NACIMIENTO;MASCULINO;ITALIA;BOLONIA;2
1316;2025;DICIEMBRE;NACIMIENTO;MASCULINO;ITALIA;FLORENCIA;4
1317;2025;DICIEMBRE;NACIMIENTO;MASCULINO;ITALIA;GENOVA;1
1318;2025;DICIEMBRE;NACIMIENTO;MASCULINO;ITALIA;LOMBARDIA;3
1319;2025;DICIEMBRE;NACIMIENTO;MASCULINO;ITALIA;MILAN;14
1320;2025;DICIEMBRE;NACIMIENTO;MASCULINO;ITALIA;PARMA;2
1321;2025;DICIEMBRE;NACIMIENTO;MASCULINO;ITALIA;PAVIA;1
1322;2025;DICIEMBRE;NACIMIENTO;MASCULINO;ITALIA;ROMA;3
1323;2025;DICIEMBRE;NACIMIENTO;MASCULINO;ITALIA;TURIN;1
1324;2025;DICIEMBRE;NACIMIENTO;MASCULINO;ITALIA;VARESE;1
1325;2025;DICIEMBRE;NACIMIENTO;MASCULINO;JAPON;AICHI;1
1326;2025;DICIEMBRE;NACIMIENTO;MASCULINO;JAPON;GUNMA;3
1327;2025;DICIEMBRE;NACIMIENTO;MASCULINO;JAPON;KANAGAWA;1
1328;2025;DICIEMBRE;NACIMIENTO;MASCULINO;JAPON;NAGANO;1
1329;2025;DICIEMBRE;NACIMIENTO;MASCULINO;JAPON;OSAKA;4
1330;2025;DICIEMBRE;NACIMIENTO;MASCULINO;JAPON;SHIZUOKA;1
1331;2025;DICIEMBRE;NACIMIENTO;MASCULINO;JAPON;TOKIO;1
1332;2025;DICIEMBRE;NACIMIENTO;MASCULINO;JUNIN;CHANCHAMAYO;25
1333;2025;DICIEMBRE;NACIMIENTO;MASCULINO;JUNIN;CHUPACA;16
1334;2025;DICIEMBRE;NACIMIENTO;MASCULINO;JUNIN;CONCEPCION;14
1335;2025;DICIEMBRE;NACIMIENTO;MASCULINO;JUNIN;HUANCAYO;220
1336;2025;DICIEMBRE;NACIMIENTO;MASCULINO;JUNIN;JAUJA;13
1337;2025;DICIEMBRE;NACIMIENTO;MASCULINO;JUNIN;JUNIN;1
1338;2025;DICIEMBRE;NACIMIENTO;MASCULINO;JUNIN;SATIPO;27
1339;2025;DICIEMBRE;NACIMIENTO;MASCULINO;JUNIN;TARMA;9
1340;2025;DICIEMBRE;NACIMIENTO;MASCULINO;JUNIN;YAULI;11
1341;2025;DICIEMBRE;NACIMIENTO;MASCULINO;LA LIBERTAD;ASCOPE;44
1342;2025;DICIEMBRE;NACIMIENTO;MASCULINO;LA LIBERTAD;BOLIVAR;2
1343;2025;DICIEMBRE;NACIMIENTO;MASCULINO;LA LIBERTAD;CHEPEN;24
1344;2025;DICIEMBRE;NACIMIENTO;MASCULINO;LA LIBERTAD;GRAN CHIMU;3
1345;2025;DICIEMBRE;NACIMIENTO;MASCULINO;LA LIBERTAD;JULCAN;4
1346;2025;DICIEMBRE;NACIMIENTO;MASCULINO;LA LIBERTAD;OTUZCO;12
1347;2025;DICIEMBRE;NACIMIENTO;MASCULINO;LA LIBERTAD;PACASMAYO;19
1348;2025;DICIEMBRE;NACIMIENTO;MASCULINO;LA LIBERTAD;PATAZ;12
1349;2025;DICIEMBRE;NACIMIENTO;MASCULINO;LA LIBERTAD;SANCHEZ CARRION;15
1350;2025;DICIEMBRE;NACIMIENTO;MASCULINO;LA LIBERTAD;SANTIAGO DE CHUCO;7
1351;2025;DICIEMBRE;NACIMIENTO;MASCULINO;LA LIBERTAD;TRUJILLO;751
1352;2025;DICIEMBRE;NACIMIENTO;MASCULINO;LA LIBERTAD;VIRU;24
1353;2025;DICIEMBRE;NACIMIENTO;MASCULINO;LAMBAYEQUE;CHICLAYO;605
1354;2025;DICIEMBRE;NACIMIENTO;MASCULINO;LAMBAYEQUE;FERREŃAFE;15
1355;2025;DICIEMBRE;NACIMIENTO;MASCULINO;LAMBAYEQUE;LAMBAYEQUE;74
1356;2025;DICIEMBRE;NACIMIENTO;MASCULINO;LIMA;BARRANCA;61
1357;2025;DICIEMBRE;NACIMIENTO;MASCULINO;LIMA;CANTA;7
1358;2025;DICIEMBRE;NACIMIENTO;MASCULINO;LIMA;CAŃETE;87
1359;2025;DICIEMBRE;NACIMIENTO;MASCULINO;LIMA;HUARAL;64
1360;2025;DICIEMBRE;NACIMIENTO;MASCULINO;LIMA;HUAROCHIRI;42
1361;2025;DICIEMBRE;NACIMIENTO;MASCULINO;LIMA;HUAURA;87
1362;2025;DICIEMBRE;NACIMIENTO;MASCULINO;LIMA;LIMA;11926
1363;2025;DICIEMBRE;NACIMIENTO;MASCULINO;LIMA;OYON;6
1364;2025;DICIEMBRE;NACIMIENTO;MASCULINO;LIMA;YAUYOS;6
1365;2025;DICIEMBRE;NACIMIENTO;MASCULINO;LORETO;ALTO AMAZONAS;9
1366;2025;DICIEMBRE;NACIMIENTO;MASCULINO;LORETO;LORETO;7
1367;2025;DICIEMBRE;NACIMIENTO;MASCULINO;LORETO;MARISCAL RAMON CASTILLA;8
1368;2025;DICIEMBRE;NACIMIENTO;MASCULINO;LORETO;MAYNAS;229
1369;2025;DICIEMBRE;NACIMIENTO;MASCULINO;LORETO;PUTUMAYO;6
1370;2025;DICIEMBRE;NACIMIENTO;MASCULINO;LORETO;REQUENA;5
1371;2025;DICIEMBRE;NACIMIENTO;MASCULINO;LORETO;UCAYALI;5
1372;2025;DICIEMBRE;NACIMIENTO;MASCULINO;MADRE DE DIOS;MANU;11
1373;2025;DICIEMBRE;NACIMIENTO;MASCULINO;MADRE DE DIOS;TAHUAMANU;5
1374;2025;DICIEMBRE;NACIMIENTO;MASCULINO;MADRE DE DIOS;TAMBOPATA;138
1375;2025;DICIEMBRE;NACIMIENTO;MASCULINO;MEXICO;BAJA CALIFORNIA NORTE;1
1376;2025;DICIEMBRE;NACIMIENTO;MASCULINO;MEXICO;ESTADO DE MEXICO;1
1377;2025;DICIEMBRE;NACIMIENTO;MASCULINO;MEXICO;PUEBLA;1
1378;2025;DICIEMBRE;NACIMIENTO;MASCULINO;MEXICO;SINALOA;1
1379;2025;DICIEMBRE;NACIMIENTO;MASCULINO;MOQUEGUA;GENERAL SANCHEZ CERRO;5
1380;2025;DICIEMBRE;NACIMIENTO;MASCULINO;MOQUEGUA;ILO;27
1381;2025;DICIEMBRE;NACIMIENTO;MASCULINO;MOQUEGUA;MARISCAL NIETO;37
1382;2025;DICIEMBRE;NACIMIENTO;MASCULINO;PASCO;DANIEL ALCIDES CARRION;4
1383;2025;DICIEMBRE;NACIMIENTO;MASCULINO;PASCO;OXAPAMPA;17
1384;2025;DICIEMBRE;NACIMIENTO;MASCULINO;PASCO;PASCO;26
1385;2025;DICIEMBRE;NACIMIENTO;MASCULINO;PIURA;AYABACA;26
1386;2025;DICIEMBRE;NACIMIENTO;MASCULINO;PIURA;HUANCABAMBA;14
1387;2025;DICIEMBRE;NACIMIENTO;MASCULINO;PIURA;MORROPON;27
1388;2025;DICIEMBRE;NACIMIENTO;MASCULINO;PIURA;PAITA;45
1389;2025;DICIEMBRE;NACIMIENTO;MASCULINO;PIURA;PIURA;368
1390;2025;DICIEMBRE;NACIMIENTO;MASCULINO;PIURA;SECHURA;14
1391;2025;DICIEMBRE;NACIMIENTO;MASCULINO;PIURA;SULLANA;117
1392;2025;DICIEMBRE;NACIMIENTO;MASCULINO;PIURA;TALARA;53
1393;2025;DICIEMBRE;NACIMIENTO;MASCULINO;POLONIA;MAZOVIA;1
1394;2025;DICIEMBRE;NACIMIENTO;MASCULINO;PORTUGAL;LISBOA;3
1395;2025;DICIEMBRE;NACIMIENTO;MASCULINO;PUNO;AZANGARO;15
1396;2025;DICIEMBRE;NACIMIENTO;MASCULINO;PUNO;CARABAYA;11
1397;2025;DICIEMBRE;NACIMIENTO;MASCULINO;PUNO;CHUCUITO;14
1398;2025;DICIEMBRE;NACIMIENTO;MASCULINO;PUNO;EL COLLAO;4
1399;2025;DICIEMBRE;NACIMIENTO;MASCULINO;PUNO;HUANCANE;9
1400;2025;DICIEMBRE;NACIMIENTO;MASCULINO;PUNO;LAMPA;5
1401;2025;DICIEMBRE;NACIMIENTO;MASCULINO;PUNO;MELGAR;7
1402;2025;DICIEMBRE;NACIMIENTO;MASCULINO;PUNO;MOHO;4
1403;2025;DICIEMBRE;NACIMIENTO;MASCULINO;PUNO;PUNO;37
1404;2025;DICIEMBRE;NACIMIENTO;MASCULINO;PUNO;SAN ANTONIO DE PUTINA;1
1405;2025;DICIEMBRE;NACIMIENTO;MASCULINO;PUNO;SAN ROMAN;71
1406;2025;DICIEMBRE;NACIMIENTO;MASCULINO;PUNO;SANDIA;3
1407;2025;DICIEMBRE;NACIMIENTO;MASCULINO;REPUBLICA DE PANAMA;PANAMA;2
1408;2025;DICIEMBRE;NACIMIENTO;MASCULINO;REPUBLICA DOMINICANA;HERMANAS MIRABAL;2
1409;2025;DICIEMBRE;NACIMIENTO;MASCULINO;SAN MARTIN;BELLAVISTA;7
1410;2025;DICIEMBRE;NACIMIENTO;MASCULINO;SAN MARTIN;EL DORADO;5
1411;2025;DICIEMBRE;NACIMIENTO;MASCULINO;SAN MARTIN;HUALLAGA;5
1412;2025;DICIEMBRE;NACIMIENTO;MASCULINO;SAN MARTIN;LAMAS;17
1413;2025;DICIEMBRE;NACIMIENTO;MASCULINO;SAN MARTIN;MARISCAL CACERES;22
1414;2025;DICIEMBRE;NACIMIENTO;MASCULINO;SAN MARTIN;MOYOBAMBA;45
1415;2025;DICIEMBRE;NACIMIENTO;MASCULINO;SAN MARTIN;PICOTA;8
1416;2025;DICIEMBRE;NACIMIENTO;MASCULINO;SAN MARTIN;RIOJA;23
1417;2025;DICIEMBRE;NACIMIENTO;MASCULINO;SAN MARTIN;SAN MARTIN;137
1418;2025;DICIEMBRE;NACIMIENTO;MASCULINO;SAN MARTIN;TOCACHE;7
1419;2025;DICIEMBRE;NACIMIENTO;MASCULINO;SUIZA;GINEBRA;1
1420;2025;DICIEMBRE;NACIMIENTO;MASCULINO;SUIZA;VAUD;1
1421;2025;DICIEMBRE;NACIMIENTO;MASCULINO;TACNA;CANDARAVE;2
1422;2025;DICIEMBRE;NACIMIENTO;MASCULINO;TACNA;JORGE BASADRE;9
1423;2025;DICIEMBRE;NACIMIENTO;MASCULINO;TACNA;TACNA;192
1424;2025;DICIEMBRE;NACIMIENTO;MASCULINO;TACNA;TARATA;3
1425;2025;DICIEMBRE;NACIMIENTO;MASCULINO;TUMBES;CONTRALMIRANTE VILLAR;10
1426;2025;DICIEMBRE;NACIMIENTO;MASCULINO;TUMBES;TUMBES;81
1427;2025;DICIEMBRE;NACIMIENTO;MASCULINO;TUMBES;ZARUMILLA;13
1428;2025;DICIEMBRE;NACIMIENTO;MASCULINO;UCAYALI;ATALAYA;9
1429;2025;DICIEMBRE;NACIMIENTO;MASCULINO;UCAYALI;CORONEL PORTILLO;182
1430;2025;DICIEMBRE;NACIMIENTO;MASCULINO;UCAYALI;PADRE ABAD;16
1431;2025;DICIEMBRE;NACIMIENTO;MASCULINO;UCAYALI;PURUS;1
1432;2025;DICIEMBRE;NACIMIENTO;MASCULINO;URUGUAY;MONTEVIDEO;1
1433;2025;DICIEMBRE;NACIMIENTO;MASCULINO;VENEZUELA;CARACAS;2
1434;2025;DICIEMBRE;NACIMIENTO;MASCULINO;VENEZUELA;MIRANDA;2
1435;2025;DICIEMBRE;NACIMIENTO;MASCULINO;;CALLAO;1066
