;ANIO_REGISTRO;MES_REGISTRO;TIPO_ACTA;DE_GENERO;DEPART_CIUDAD_ESTADO_DOM_SOL;PROVINCIA_DOM_SOL;CANT_COPIAS_EMITIDAS
1;2024;NOVIEMBRE;DEFUNCION;FEMENINO;AMAZONAS;BAGUA;2
2;2024;NOVIEMBRE;DEFUNCION;FEMENINO;AMAZONAS;CHACHAPOYAS;3
3;2024;NOVIEMBRE;DEFUNCION;FEMENINO;AMAZONAS;LUYA;1
4;2024;NOVIEMBRE;DEFUNCION;FEMENINO;AMAZONAS;RODRIGUEZ DE MENDOZA;3
5;2024;NOVIEMBRE;DEFUNCION;FEMENINO;AMAZONAS;UTCUBAMBA;2
6;2024;NOVIEMBRE;DEFUNCION;FEMENINO;ANCASH;ANTONIO RAIMONDI;1
7;2024;NOVIEMBRE;DEFUNCION;FEMENINO;ANCASH;BOLOGNESI;1
8;2024;NOVIEMBRE;DEFUNCION;FEMENINO;ANCASH;CARHUAZ;3
9;2024;NOVIEMBRE;DEFUNCION;FEMENINO;ANCASH;CASMA;1
10;2024;NOVIEMBRE;DEFUNCION;FEMENINO;ANCASH;HUARAZ;3
11;2024;NOVIEMBRE;DEFUNCION;FEMENINO;ANCASH;HUARI;6
12;2024;NOVIEMBRE;DEFUNCION;FEMENINO;ANCASH;HUARMEY;2
13;2024;NOVIEMBRE;DEFUNCION;FEMENINO;ANCASH;HUAYLAS;2
14;2024;NOVIEMBRE;DEFUNCION;FEMENINO;ANCASH;OCROS;4
15;2024;NOVIEMBRE;DEFUNCION;FEMENINO;ANCASH;PALLASCA;1
16;2024;NOVIEMBRE;DEFUNCION;FEMENINO;ANCASH;RECUAY;3
17;2024;NOVIEMBRE;DEFUNCION;FEMENINO;ANCASH;SANTA;73
18;2024;NOVIEMBRE;DEFUNCION;FEMENINO;ANCASH;YUNGAY;3
19;2024;NOVIEMBRE;DEFUNCION;FEMENINO;APURIMAC;ABANCAY;5
20;2024;NOVIEMBRE;DEFUNCION;FEMENINO;APURIMAC;ANDAHUAYLAS;3
21;2024;NOVIEMBRE;DEFUNCION;FEMENINO;APURIMAC;AYMARAES;1
22;2024;NOVIEMBRE;DEFUNCION;FEMENINO;APURIMAC;CHINCHEROS;4
23;2024;NOVIEMBRE;DEFUNCION;FEMENINO;APURIMAC;COTABAMBAS;1
24;2024;NOVIEMBRE;DEFUNCION;FEMENINO;AREQUIPA;AREQUIPA;197
25;2024;NOVIEMBRE;DEFUNCION;FEMENINO;AREQUIPA;CAMANA;3
26;2024;NOVIEMBRE;DEFUNCION;FEMENINO;AREQUIPA;CARAVELI;3
27;2024;NOVIEMBRE;DEFUNCION;FEMENINO;AREQUIPA;CASTILLA;1
28;2024;NOVIEMBRE;DEFUNCION;FEMENINO;AREQUIPA;CAYLLOMA;5
29;2024;NOVIEMBRE;DEFUNCION;FEMENINO;AREQUIPA;CONDESUYOS;1
30;2024;NOVIEMBRE;DEFUNCION;FEMENINO;AREQUIPA;ISLAY;7
31;2024;NOVIEMBRE;DEFUNCION;FEMENINO;ARGENTINA;BUENOS AIRES;4
32;2024;NOVIEMBRE;DEFUNCION;FEMENINO;ARGENTINA;LA PLATA;1
33;2024;NOVIEMBRE;DEFUNCION;FEMENINO;AYACUCHO;HUAMANGA;11
34;2024;NOVIEMBRE;DEFUNCION;FEMENINO;AYACUCHO;LA MAR;3
35;2024;NOVIEMBRE;DEFUNCION;FEMENINO;AYACUCHO;LUCANAS;2
36;2024;NOVIEMBRE;DEFUNCION;FEMENINO;AYACUCHO;PARINACOCHAS;7
37;2024;NOVIEMBRE;DEFUNCION;FEMENINO;AYACUCHO;PAUCAR DEL SARA SARA;6
38;2024;NOVIEMBRE;DEFUNCION;FEMENINO;CAJAMARCA;CAJABAMBA;2
39;2024;NOVIEMBRE;DEFUNCION;FEMENINO;CAJAMARCA;CAJAMARCA;30
40;2024;NOVIEMBRE;DEFUNCION;FEMENINO;CAJAMARCA;CELENDIN;1
41;2024;NOVIEMBRE;DEFUNCION;FEMENINO;CAJAMARCA;CHOTA;1
42;2024;NOVIEMBRE;DEFUNCION;FEMENINO;CAJAMARCA;CONTUMAZA;5
43;2024;NOVIEMBRE;DEFUNCION;FEMENINO;CAJAMARCA;CUTERVO;4
44;2024;NOVIEMBRE;DEFUNCION;FEMENINO;CAJAMARCA;HUALGAYOC;2
45;2024;NOVIEMBRE;DEFUNCION;FEMENINO;CAJAMARCA;JAEN;7
46;2024;NOVIEMBRE;DEFUNCION;FEMENINO;CAJAMARCA;SAN IGNACIO;2
47;2024;NOVIEMBRE;DEFUNCION;FEMENINO;CAJAMARCA;SAN MARCOS;1
48;2024;NOVIEMBRE;DEFUNCION;FEMENINO;CAJAMARCA;SAN MIGUEL;1
49;2024;NOVIEMBRE;DEFUNCION;FEMENINO;CAJAMARCA;SAN PABLO;2
50;2024;NOVIEMBRE;DEFUNCION;FEMENINO;CHILE;ANTOFAGASTA;1
51;2024;NOVIEMBRE;DEFUNCION;FEMENINO;CHILE;IQUIQUE;1
52;2024;NOVIEMBRE;DEFUNCION;FEMENINO;CHILE;SANTIAGO;6
53;2024;NOVIEMBRE;DEFUNCION;FEMENINO;CUSCO;ACOMAYO;1
54;2024;NOVIEMBRE;DEFUNCION;FEMENINO;CUSCO;ANTA;3
55;2024;NOVIEMBRE;DEFUNCION;FEMENINO;CUSCO;CANAS;1
56;2024;NOVIEMBRE;DEFUNCION;FEMENINO;CUSCO;CANCHIS;2
57;2024;NOVIEMBRE;DEFUNCION;FEMENINO;CUSCO;CHUMBIVILCAS;1
58;2024;NOVIEMBRE;DEFUNCION;FEMENINO;CUSCO;CUSCO;41
59;2024;NOVIEMBRE;DEFUNCION;FEMENINO;CUSCO;ESPINAR;1
60;2024;NOVIEMBRE;DEFUNCION;FEMENINO;CUSCO;LA CONVENCION;6
61;2024;NOVIEMBRE;DEFUNCION;FEMENINO;CUSCO;QUISPICANCHI;8
62;2024;NOVIEMBRE;DEFUNCION;FEMENINO;CUSCO;URUBAMBA;1
63;2024;NOVIEMBRE;DEFUNCION;FEMENINO;ESPAŃA;BARCELONA;3
64;2024;NOVIEMBRE;DEFUNCION;FEMENINO;ESPAŃA;GUADALAJARA;1
65;2024;NOVIEMBRE;DEFUNCION;FEMENINO;ESPAŃA;MADRID;7
66;2024;NOVIEMBRE;DEFUNCION;FEMENINO;ESTADOS UNIDOS DE AMERICA;MIAMI;2
67;2024;NOVIEMBRE;DEFUNCION;FEMENINO;ESTADOS UNIDOS DE AMERICA;NUEVA JERSEY;3
68;2024;NOVIEMBRE;DEFUNCION;FEMENINO;ESTADOS UNIDOS DE AMERICA;NUEVA YORK;2
69;2024;NOVIEMBRE;DEFUNCION;FEMENINO;ESTADOS UNIDOS DE AMERICA;ORLANDO;1
70;2024;NOVIEMBRE;DEFUNCION;FEMENINO;ESTADOS UNIDOS DE AMERICA;SAN FRANCISCO;4
71;2024;NOVIEMBRE;DEFUNCION;FEMENINO;FRANCIA;ILE DE FRANCE;1
72;2024;NOVIEMBRE;DEFUNCION;FEMENINO;HUANCAVELICA;ACOBAMBA;1
73;2024;NOVIEMBRE;DEFUNCION;FEMENINO;HUANCAVELICA;ANGARAES;2
74;2024;NOVIEMBRE;DEFUNCION;FEMENINO;HUANCAVELICA;CASTROVIRREYNA;1
75;2024;NOVIEMBRE;DEFUNCION;FEMENINO;HUANCAVELICA;CHURCAMPA;2
76;2024;NOVIEMBRE;DEFUNCION;FEMENINO;HUANCAVELICA;HUANCAVELICA;1
77;2024;NOVIEMBRE;DEFUNCION;FEMENINO;HUANCAVELICA;HUAYTARA;1
78;2024;NOVIEMBRE;DEFUNCION;FEMENINO;HUANCAVELICA;TAYACAJA;8
79;2024;NOVIEMBRE;DEFUNCION;FEMENINO;HUANUCO;DOS DE MAYO;1
80;2024;NOVIEMBRE;DEFUNCION;FEMENINO;HUANUCO;HUAMALIES;5
81;2024;NOVIEMBRE;DEFUNCION;FEMENINO;HUANUCO;HUANUCO;14
82;2024;NOVIEMBRE;DEFUNCION;FEMENINO;HUANUCO;LEONCIO PRADO;14
83;2024;NOVIEMBRE;DEFUNCION;FEMENINO;HUANUCO;PUERTO INCA;1
84;2024;NOVIEMBRE;DEFUNCION;FEMENINO;HUANUCO;YAROWILCA;1
85;2024;NOVIEMBRE;DEFUNCION;FEMENINO;ICA;CHINCHA;42
86;2024;NOVIEMBRE;DEFUNCION;FEMENINO;ICA;ICA;58
87;2024;NOVIEMBRE;DEFUNCION;FEMENINO;ICA;NASCA;12
88;2024;NOVIEMBRE;DEFUNCION;FEMENINO;ICA;PISCO;18
89;2024;NOVIEMBRE;DEFUNCION;FEMENINO;ITALIA;MILAN;1
90;2024;NOVIEMBRE;DEFUNCION;FEMENINO;ITALIA;ROMA;3
91;2024;NOVIEMBRE;DEFUNCION;FEMENINO;JUNIN;CHANCHAMAYO;11
92;2024;NOVIEMBRE;DEFUNCION;FEMENINO;JUNIN;CHUPACA;9
93;2024;NOVIEMBRE;DEFUNCION;FEMENINO;JUNIN;CONCEPCION;4
94;2024;NOVIEMBRE;DEFUNCION;FEMENINO;JUNIN;HUANCAYO;53
95;2024;NOVIEMBRE;DEFUNCION;FEMENINO;JUNIN;JAUJA;6
96;2024;NOVIEMBRE;DEFUNCION;FEMENINO;JUNIN;JUNIN;2
97;2024;NOVIEMBRE;DEFUNCION;FEMENINO;JUNIN;SATIPO;4
98;2024;NOVIEMBRE;DEFUNCION;FEMENINO;JUNIN;TARMA;2
99;2024;NOVIEMBRE;DEFUNCION;FEMENINO;LA LIBERTAD;ASCOPE;24
100;2024;NOVIEMBRE;DEFUNCION;FEMENINO;LA LIBERTAD;BOLIVAR;1
101;2024;NOVIEMBRE;DEFUNCION;FEMENINO;LA LIBERTAD;CHEPEN;8
102;2024;NOVIEMBRE;DEFUNCION;FEMENINO;LA LIBERTAD;GRAN CHIMU;3
103;2024;NOVIEMBRE;DEFUNCION;FEMENINO;LA LIBERTAD;JULCAN;1
104;2024;NOVIEMBRE;DEFUNCION;FEMENINO;LA LIBERTAD;OTUZCO;2
105;2024;NOVIEMBRE;DEFUNCION;FEMENINO;LA LIBERTAD;PACASMAYO;6
106;2024;NOVIEMBRE;DEFUNCION;FEMENINO;LA LIBERTAD;PATAZ;1
107;2024;NOVIEMBRE;DEFUNCION;FEMENINO;LA LIBERTAD;SANTIAGO DE CHUCO;1
108;2024;NOVIEMBRE;DEFUNCION;FEMENINO;LA LIBERTAD;TRUJILLO;219
109;2024;NOVIEMBRE;DEFUNCION;FEMENINO;LA LIBERTAD;VIRU;17
110;2024;NOVIEMBRE;DEFUNCION;FEMENINO;LAMBAYEQUE;CHICLAYO;228
111;2024;NOVIEMBRE;DEFUNCION;FEMENINO;LAMBAYEQUE;FERREŃAFE;4
112;2024;NOVIEMBRE;DEFUNCION;FEMENINO;LAMBAYEQUE;LAMBAYEQUE;20
113;2024;NOVIEMBRE;DEFUNCION;FEMENINO;LIMA;BARRANCA;73
114;2024;NOVIEMBRE;DEFUNCION;FEMENINO;LIMA;CANTA;1
115;2024;NOVIEMBRE;DEFUNCION;FEMENINO;LIMA;CAŃETE;27
116;2024;NOVIEMBRE;DEFUNCION;FEMENINO;LIMA;HUARAL;20
117;2024;NOVIEMBRE;DEFUNCION;FEMENINO;LIMA;HUAROCHIRI;11
118;2024;NOVIEMBRE;DEFUNCION;FEMENINO;LIMA;HUAURA;23
119;2024;NOVIEMBRE;DEFUNCION;FEMENINO;LIMA;LIMA;3296
120;2024;NOVIEMBRE;DEFUNCION;FEMENINO;LIMA;OYON;1
121;2024;NOVIEMBRE;DEFUNCION;FEMENINO;LIMA;YAUYOS;2
122;2024;NOVIEMBRE;DEFUNCION;FEMENINO;LORETO;MARISCAL RAMON CASTILLA;1
123;2024;NOVIEMBRE;DEFUNCION;FEMENINO;LORETO;MAYNAS;43
124;2024;NOVIEMBRE;DEFUNCION;FEMENINO;LORETO;UCAYALI;1
125;2024;NOVIEMBRE;DEFUNCION;FEMENINO;MADRE DE DIOS;MANU;2
126;2024;NOVIEMBRE;DEFUNCION;FEMENINO;MADRE DE DIOS;TAHUAMANU;2
127;2024;NOVIEMBRE;DEFUNCION;FEMENINO;MADRE DE DIOS;TAMBOPATA;16
128;2024;NOVIEMBRE;DEFUNCION;FEMENINO;MOQUEGUA;GENERAL SANCHEZ CERRO;1
129;2024;NOVIEMBRE;DEFUNCION;FEMENINO;MOQUEGUA;ILO;6
130;2024;NOVIEMBRE;DEFUNCION;FEMENINO;MOQUEGUA;MARISCAL NIETO;10
131;2024;NOVIEMBRE;DEFUNCION;FEMENINO;PASCO;DANIEL ALCIDES CARRION;1
132;2024;NOVIEMBRE;DEFUNCION;FEMENINO;PASCO;OXAPAMPA;5
133;2024;NOVIEMBRE;DEFUNCION;FEMENINO;PASCO;PASCO;3
134;2024;NOVIEMBRE;DEFUNCION;FEMENINO;PIURA;AYABACA;2
135;2024;NOVIEMBRE;DEFUNCION;FEMENINO;PIURA;HUANCABAMBA;3
136;2024;NOVIEMBRE;DEFUNCION;FEMENINO;PIURA;MORROPON;12
137;2024;NOVIEMBRE;DEFUNCION;FEMENINO;PIURA;PAITA;8
138;2024;NOVIEMBRE;DEFUNCION;FEMENINO;PIURA;PIURA;216
139;2024;NOVIEMBRE;DEFUNCION;FEMENINO;PIURA;SECHURA;3
140;2024;NOVIEMBRE;DEFUNCION;FEMENINO;PIURA;SULLANA;41
141;2024;NOVIEMBRE;DEFUNCION;FEMENINO;PIURA;TALARA;19
142;2024;NOVIEMBRE;DEFUNCION;FEMENINO;PUNO;AZANGARO;1
143;2024;NOVIEMBRE;DEFUNCION;FEMENINO;PUNO;CARABAYA;4
144;2024;NOVIEMBRE;DEFUNCION;FEMENINO;PUNO;HUANCANE;3
145;2024;NOVIEMBRE;DEFUNCION;FEMENINO;PUNO;LAMPA;2
146;2024;NOVIEMBRE;DEFUNCION;FEMENINO;PUNO;MOHO;1
147;2024;NOVIEMBRE;DEFUNCION;FEMENINO;PUNO;PUNO;9
148;2024;NOVIEMBRE;DEFUNCION;FEMENINO;PUNO;SAN ANTONIO DE PUTINA;1
149;2024;NOVIEMBRE;DEFUNCION;FEMENINO;PUNO;SAN ROMAN;23
150;2024;NOVIEMBRE;DEFUNCION;FEMENINO;PUNO;SANDIA;1
151;2024;NOVIEMBRE;DEFUNCION;FEMENINO;SAN MARTIN;EL DORADO;4
152;2024;NOVIEMBRE;DEFUNCION;FEMENINO;SAN MARTIN;HUALLAGA;1
153;2024;NOVIEMBRE;DEFUNCION;FEMENINO;SAN MARTIN;LAMAS;1
154;2024;NOVIEMBRE;DEFUNCION;FEMENINO;SAN MARTIN;MARISCAL CACERES;1
155;2024;NOVIEMBRE;DEFUNCION;FEMENINO;SAN MARTIN;MOYOBAMBA;3
156;2024;NOVIEMBRE;DEFUNCION;FEMENINO;SAN MARTIN;PICOTA;1
157;2024;NOVIEMBRE;DEFUNCION;FEMENINO;SAN MARTIN;RIOJA;4
158;2024;NOVIEMBRE;DEFUNCION;FEMENINO;SAN MARTIN;SAN MARTIN;12
159;2024;NOVIEMBRE;DEFUNCION;FEMENINO;SAN MARTIN;TOCACHE;1
160;2024;NOVIEMBRE;DEFUNCION;FEMENINO;TACNA;CANDARAVE;1
161;2024;NOVIEMBRE;DEFUNCION;FEMENINO;TACNA;JORGE BASADRE;1
162;2024;NOVIEMBRE;DEFUNCION;FEMENINO;TACNA;TACNA;29
163;2024;NOVIEMBRE;DEFUNCION;FEMENINO;TUMBES;CONTRALMIRANTE VILLAR;1
164;2024;NOVIEMBRE;DEFUNCION;FEMENINO;TUMBES;TUMBES;6
165;2024;NOVIEMBRE;DEFUNCION;FEMENINO;TUMBES;ZARUMILLA;2
166;2024;NOVIEMBRE;DEFUNCION;FEMENINO;UCAYALI;ATALAYA;2
167;2024;NOVIEMBRE;DEFUNCION;FEMENINO;UCAYALI;CORONEL PORTILLO;24
168;2024;NOVIEMBRE;DEFUNCION;FEMENINO;;CALLAO;177
169;2024;NOVIEMBRE;DEFUNCION;MASCULINO;AMAZONAS;CHACHAPOYAS;3
170;2024;NOVIEMBRE;DEFUNCION;MASCULINO;AMAZONAS;RODRIGUEZ DE MENDOZA;2
171;2024;NOVIEMBRE;DEFUNCION;MASCULINO;AMAZONAS;UTCUBAMBA;2
172;2024;NOVIEMBRE;DEFUNCION;MASCULINO;ANCASH;CARHUAZ;2
173;2024;NOVIEMBRE;DEFUNCION;MASCULINO;ANCASH;HUARAZ;6
174;2024;NOVIEMBRE;DEFUNCION;MASCULINO;ANCASH;HUARI;7
175;2024;NOVIEMBRE;DEFUNCION;MASCULINO;ANCASH;HUAYLAS;2
176;2024;NOVIEMBRE;DEFUNCION;MASCULINO;ANCASH;OCROS;4
177;2024;NOVIEMBRE;DEFUNCION;MASCULINO;ANCASH;RECUAY;2
178;2024;NOVIEMBRE;DEFUNCION;MASCULINO;ANCASH;SANTA;68
179;2024;NOVIEMBRE;DEFUNCION;MASCULINO;ANCASH;SIHUAS;1
180;2024;NOVIEMBRE;DEFUNCION;MASCULINO;ANCASH;YUNGAY;3
181;2024;NOVIEMBRE;DEFUNCION;MASCULINO;APURIMAC;ABANCAY;4
182;2024;NOVIEMBRE;DEFUNCION;MASCULINO;APURIMAC;ANDAHUAYLAS;2
183;2024;NOVIEMBRE;DEFUNCION;MASCULINO;APURIMAC;ANTABAMBA;1
184;2024;NOVIEMBRE;DEFUNCION;MASCULINO;APURIMAC;CHINCHEROS;2
185;2024;NOVIEMBRE;DEFUNCION;MASCULINO;AREQUIPA;AREQUIPA;152
186;2024;NOVIEMBRE;DEFUNCION;MASCULINO;AREQUIPA;CAMANA;2
187;2024;NOVIEMBRE;DEFUNCION;MASCULINO;AREQUIPA;CARAVELI;2
188;2024;NOVIEMBRE;DEFUNCION;MASCULINO;AREQUIPA;CASTILLA;2
189;2024;NOVIEMBRE;DEFUNCION;MASCULINO;AREQUIPA;CAYLLOMA;4
190;2024;NOVIEMBRE;DEFUNCION;MASCULINO;AREQUIPA;ISLAY;5
191;2024;NOVIEMBRE;DEFUNCION;MASCULINO;ARGENTINA;BUENOS AIRES;1
192;2024;NOVIEMBRE;DEFUNCION;MASCULINO;ARGENTINA;CORDOBA;2
193;2024;NOVIEMBRE;DEFUNCION;MASCULINO;AUSTRIA;VIENA;1
194;2024;NOVIEMBRE;DEFUNCION;MASCULINO;AYACUCHO;CANGALLO;7
195;2024;NOVIEMBRE;DEFUNCION;MASCULINO;AYACUCHO;HUAMANGA;9
196;2024;NOVIEMBRE;DEFUNCION;MASCULINO;AYACUCHO;HUANTA;5
197;2024;NOVIEMBRE;DEFUNCION;MASCULINO;AYACUCHO;LA MAR;3
198;2024;NOVIEMBRE;DEFUNCION;MASCULINO;AYACUCHO;LUCANAS;2
199;2024;NOVIEMBRE;DEFUNCION;MASCULINO;AYACUCHO;PARINACOCHAS;5
200;2024;NOVIEMBRE;DEFUNCION;MASCULINO;AYACUCHO;PAUCAR DEL SARA SARA;1
201;2024;NOVIEMBRE;DEFUNCION;MASCULINO;CAJAMARCA;CAJABAMBA;2
202;2024;NOVIEMBRE;DEFUNCION;MASCULINO;CAJAMARCA;CAJAMARCA;21
203;2024;NOVIEMBRE;DEFUNCION;MASCULINO;CAJAMARCA;CHOTA;7
204;2024;NOVIEMBRE;DEFUNCION;MASCULINO;CAJAMARCA;CUTERVO;1
205;2024;NOVIEMBRE;DEFUNCION;MASCULINO;CAJAMARCA;HUALGAYOC;1
206;2024;NOVIEMBRE;DEFUNCION;MASCULINO;CAJAMARCA;JAEN;5
207;2024;NOVIEMBRE;DEFUNCION;MASCULINO;CAJAMARCA;SAN IGNACIO;6
208;2024;NOVIEMBRE;DEFUNCION;MASCULINO;CAJAMARCA;SAN MARCOS;1
209;2024;NOVIEMBRE;DEFUNCION;MASCULINO;CAJAMARCA;SAN MIGUEL;3
210;2024;NOVIEMBRE;DEFUNCION;MASCULINO;CAJAMARCA;SANTA CRUZ;2
211;2024;NOVIEMBRE;DEFUNCION;MASCULINO;CHILE;ARICA;2
212;2024;NOVIEMBRE;DEFUNCION;MASCULINO;CHILE;SANTIAGO;7
213;2024;NOVIEMBRE;DEFUNCION;MASCULINO;COLOMBIA;MEDELLIN;1
214;2024;NOVIEMBRE;DEFUNCION;MASCULINO;CUSCO;ANTA;3
215;2024;NOVIEMBRE;DEFUNCION;MASCULINO;CUSCO;CALCA;1
216;2024;NOVIEMBRE;DEFUNCION;MASCULINO;CUSCO;CANCHIS;2
217;2024;NOVIEMBRE;DEFUNCION;MASCULINO;CUSCO;CHUMBIVILCAS;1
218;2024;NOVIEMBRE;DEFUNCION;MASCULINO;CUSCO;CUSCO;33
219;2024;NOVIEMBRE;DEFUNCION;MASCULINO;CUSCO;ESPINAR;1
220;2024;NOVIEMBRE;DEFUNCION;MASCULINO;CUSCO;LA CONVENCION;8
221;2024;NOVIEMBRE;DEFUNCION;MASCULINO;CUSCO;QUISPICANCHI;2
222;2024;NOVIEMBRE;DEFUNCION;MASCULINO;CUSCO;URUBAMBA;2
223;2024;NOVIEMBRE;DEFUNCION;MASCULINO;ESPAŃA;BARCELONA;3
224;2024;NOVIEMBRE;DEFUNCION;MASCULINO;ESPAŃA;GUADALAJARA;1
225;2024;NOVIEMBRE;DEFUNCION;MASCULINO;ESPAŃA;MADRID;1
226;2024;NOVIEMBRE;DEFUNCION;MASCULINO;ESPAŃA;VALENCIA;1
227;2024;NOVIEMBRE;DEFUNCION;MASCULINO;ESTADOS UNIDOS DE AMERICA;AUSTIN;1
228;2024;NOVIEMBRE;DEFUNCION;MASCULINO;ESTADOS UNIDOS DE AMERICA;CONNECTICUT;2
229;2024;NOVIEMBRE;DEFUNCION;MASCULINO;ESTADOS UNIDOS DE AMERICA;NUEVA JERSEY;3
230;2024;NOVIEMBRE;DEFUNCION;MASCULINO;ESTADOS UNIDOS DE AMERICA;NUEVA YORK;1
231;2024;NOVIEMBRE;DEFUNCION;MASCULINO;ESTADOS UNIDOS DE AMERICA;SAN FRANCISCO;2
232;2024;NOVIEMBRE;DEFUNCION;MASCULINO;FRANCIA;ILE DE FRANCE;1
233;2024;NOVIEMBRE;DEFUNCION;MASCULINO;HUANCAVELICA;ACOBAMBA;1
234;2024;NOVIEMBRE;DEFUNCION;MASCULINO;HUANCAVELICA;ANGARAES;2
235;2024;NOVIEMBRE;DEFUNCION;MASCULINO;HUANCAVELICA;CASTROVIRREYNA;1
236;2024;NOVIEMBRE;DEFUNCION;MASCULINO;HUANCAVELICA;CHURCAMPA;2
237;2024;NOVIEMBRE;DEFUNCION;MASCULINO;HUANCAVELICA;HUANCAVELICA;5
238;2024;NOVIEMBRE;DEFUNCION;MASCULINO;HUANCAVELICA;TAYACAJA;8
239;2024;NOVIEMBRE;DEFUNCION;MASCULINO;HUANUCO;AMBO;1
240;2024;NOVIEMBRE;DEFUNCION;MASCULINO;HUANUCO;DOS DE MAYO;1
241;2024;NOVIEMBRE;DEFUNCION;MASCULINO;HUANUCO;HUACAYBAMBA;1
242;2024;NOVIEMBRE;DEFUNCION;MASCULINO;HUANUCO;HUANUCO;5
243;2024;NOVIEMBRE;DEFUNCION;MASCULINO;HUANUCO;LAURICOCHA;1
244;2024;NOVIEMBRE;DEFUNCION;MASCULINO;HUANUCO;LEONCIO PRADO;6
245;2024;NOVIEMBRE;DEFUNCION;MASCULINO;HUANUCO;PUERTO INCA;1
246;2024;NOVIEMBRE;DEFUNCION;MASCULINO;HUANUCO;YAROWILCA;1
247;2024;NOVIEMBRE;DEFUNCION;MASCULINO;ICA;CHINCHA;26
248;2024;NOVIEMBRE;DEFUNCION;MASCULINO;ICA;ICA;75
249;2024;NOVIEMBRE;DEFUNCION;MASCULINO;ICA;NASCA;7
250;2024;NOVIEMBRE;DEFUNCION;MASCULINO;ICA;PALPA;1
251;2024;NOVIEMBRE;DEFUNCION;MASCULINO;ICA;PISCO;14
252;2024;NOVIEMBRE;DEFUNCION;MASCULINO;ITALIA;MILAN;2
253;2024;NOVIEMBRE;DEFUNCION;MASCULINO;JUNIN;CHANCHAMAYO;3
254;2024;NOVIEMBRE;DEFUNCION;MASCULINO;JUNIN;CHUPACA;8
255;2024;NOVIEMBRE;DEFUNCION;MASCULINO;JUNIN;CONCEPCION;3
256;2024;NOVIEMBRE;DEFUNCION;MASCULINO;JUNIN;HUANCAYO;55
257;2024;NOVIEMBRE;DEFUNCION;MASCULINO;JUNIN;JAUJA;2
258;2024;NOVIEMBRE;DEFUNCION;MASCULINO;JUNIN;JUNIN;3
259;2024;NOVIEMBRE;DEFUNCION;MASCULINO;JUNIN;SATIPO;1
260;2024;NOVIEMBRE;DEFUNCION;MASCULINO;JUNIN;TARMA;1
261;2024;NOVIEMBRE;DEFUNCION;MASCULINO;JUNIN;YAULI;2
262;2024;NOVIEMBRE;DEFUNCION;MASCULINO;LA LIBERTAD;ASCOPE;18
263;2024;NOVIEMBRE;DEFUNCION;MASCULINO;LA LIBERTAD;CHEPEN;2
264;2024;NOVIEMBRE;DEFUNCION;MASCULINO;LA LIBERTAD;GRAN CHIMU;3
265;2024;NOVIEMBRE;DEFUNCION;MASCULINO;LA LIBERTAD;OTUZCO;2
266;2024;NOVIEMBRE;DEFUNCION;MASCULINO;LA LIBERTAD;PACASMAYO;6
267;2024;NOVIEMBRE;DEFUNCION;MASCULINO;LA LIBERTAD;PATAZ;1
268;2024;NOVIEMBRE;DEFUNCION;MASCULINO;LA LIBERTAD;SANCHEZ CARRION;6
269;2024;NOVIEMBRE;DEFUNCION;MASCULINO;LA LIBERTAD;SANTIAGO DE CHUCO;2
270;2024;NOVIEMBRE;DEFUNCION;MASCULINO;LA LIBERTAD;TRUJILLO;199
271;2024;NOVIEMBRE;DEFUNCION;MASCULINO;LA LIBERTAD;VIRU;4
272;2024;NOVIEMBRE;DEFUNCION;MASCULINO;LAMBAYEQUE;CHICLAYO;170
273;2024;NOVIEMBRE;DEFUNCION;MASCULINO;LAMBAYEQUE;FERREŃAFE;9
274;2024;NOVIEMBRE;DEFUNCION;MASCULINO;LAMBAYEQUE;LAMBAYEQUE;9
275;2024;NOVIEMBRE;DEFUNCION;MASCULINO;LIMA;BARRANCA;48
276;2024;NOVIEMBRE;DEFUNCION;MASCULINO;LIMA;CANTA;4
277;2024;NOVIEMBRE;DEFUNCION;MASCULINO;LIMA;CAŃETE;32
278;2024;NOVIEMBRE;DEFUNCION;MASCULINO;LIMA;HUARAL;13
279;2024;NOVIEMBRE;DEFUNCION;MASCULINO;LIMA;HUAROCHIRI;7
280;2024;NOVIEMBRE;DEFUNCION;MASCULINO;LIMA;HUAURA;32
281;2024;NOVIEMBRE;DEFUNCION;MASCULINO;LIMA;LIMA;2678
282;2024;NOVIEMBRE;DEFUNCION;MASCULINO;LIMA;OYON;1
283;2024;NOVIEMBRE;DEFUNCION;MASCULINO;LIMA;YAUYOS;2
284;2024;NOVIEMBRE;DEFUNCION;MASCULINO;LORETO;ALTO AMAZONAS;2
285;2024;NOVIEMBRE;DEFUNCION;MASCULINO;LORETO;MAYNAS;51
286;2024;NOVIEMBRE;DEFUNCION;MASCULINO;LORETO;REQUENA;2
287;2024;NOVIEMBRE;DEFUNCION;MASCULINO;LORETO;UCAYALI;4
288;2024;NOVIEMBRE;DEFUNCION;MASCULINO;MADRE DE DIOS;TAMBOPATA;12
289;2024;NOVIEMBRE;DEFUNCION;MASCULINO;MOQUEGUA;GENERAL SANCHEZ CERRO;2
290;2024;NOVIEMBRE;DEFUNCION;MASCULINO;MOQUEGUA;ILO;5
291;2024;NOVIEMBRE;DEFUNCION;MASCULINO;MOQUEGUA;MARISCAL NIETO;4
292;2024;NOVIEMBRE;DEFUNCION;MASCULINO;PASCO;OXAPAMPA;2
293;2024;NOVIEMBRE;DEFUNCION;MASCULINO;PASCO;PASCO;4
294;2024;NOVIEMBRE;DEFUNCION;MASCULINO;PIURA;AYABACA;6
295;2024;NOVIEMBRE;DEFUNCION;MASCULINO;PIURA;HUANCABAMBA;1
296;2024;NOVIEMBRE;DEFUNCION;MASCULINO;PIURA;MORROPON;13
297;2024;NOVIEMBRE;DEFUNCION;MASCULINO;PIURA;PAITA;9
298;2024;NOVIEMBRE;DEFUNCION;MASCULINO;PIURA;PIURA;169
299;2024;NOVIEMBRE;DEFUNCION;MASCULINO;PIURA;SECHURA;3
300;2024;NOVIEMBRE;DEFUNCION;MASCULINO;PIURA;SULLANA;30
301;2024;NOVIEMBRE;DEFUNCION;MASCULINO;PIURA;TALARA;21
302;2024;NOVIEMBRE;DEFUNCION;MASCULINO;PUNO;CARABAYA;1
303;2024;NOVIEMBRE;DEFUNCION;MASCULINO;PUNO;CHUCUITO;1
304;2024;NOVIEMBRE;DEFUNCION;MASCULINO;PUNO;EL COLLAO;3
305;2024;NOVIEMBRE;DEFUNCION;MASCULINO;PUNO;HUANCANE;2
306;2024;NOVIEMBRE;DEFUNCION;MASCULINO;PUNO;PUNO;8
307;2024;NOVIEMBRE;DEFUNCION;MASCULINO;PUNO;SAN ROMAN;20
308;2024;NOVIEMBRE;DEFUNCION;MASCULINO;PUNO;SANDIA;1
309;2024;NOVIEMBRE;DEFUNCION;MASCULINO;PUNO;YUNGUYO;1
310;2024;NOVIEMBRE;DEFUNCION;MASCULINO;SAN MARTIN;EL DORADO;2
311;2024;NOVIEMBRE;DEFUNCION;MASCULINO;SAN MARTIN;LAMAS;1
312;2024;NOVIEMBRE;DEFUNCION;MASCULINO;SAN MARTIN;MARISCAL CACERES;3
313;2024;NOVIEMBRE;DEFUNCION;MASCULINO;SAN MARTIN;MOYOBAMBA;3
314;2024;NOVIEMBRE;DEFUNCION;MASCULINO;SAN MARTIN;PICOTA;2
315;2024;NOVIEMBRE;DEFUNCION;MASCULINO;SAN MARTIN;RIOJA;4
316;2024;NOVIEMBRE;DEFUNCION;MASCULINO;SAN MARTIN;SAN MARTIN;4
317;2024;NOVIEMBRE;DEFUNCION;MASCULINO;SAN MARTIN;TOCACHE;1
318;2024;NOVIEMBRE;DEFUNCION;MASCULINO;SENEGAL;DAKAR;1
319;2024;NOVIEMBRE;DEFUNCION;MASCULINO;TACNA;CANDARAVE;1
320;2024;NOVIEMBRE;DEFUNCION;MASCULINO;TACNA;TACNA;22
321;2024;NOVIEMBRE;DEFUNCION;MASCULINO;TACNA;TARATA;1
322;2024;NOVIEMBRE;DEFUNCION;MASCULINO;TUMBES;TUMBES;12
323;2024;NOVIEMBRE;DEFUNCION;MASCULINO;TUMBES;ZARUMILLA;1
324;2024;NOVIEMBRE;DEFUNCION;MASCULINO;UCAYALI;ATALAYA;3
325;2024;NOVIEMBRE;DEFUNCION;MASCULINO;UCAYALI;CORONEL PORTILLO;29
326;2024;NOVIEMBRE;DEFUNCION;MASCULINO;UCAYALI;PADRE ABAD;3
327;2024;NOVIEMBRE;DEFUNCION;MASCULINO;VENEZUELA;CARABOBO;2
328;2024;NOVIEMBRE;DEFUNCION;MASCULINO;;CALLAO;312
329;2024;NOVIEMBRE;MATRIMONIO;FEMENINO;ALEMANIA;BADEN-WÜRTTEMBERG;2
330;2024;NOVIEMBRE;MATRIMONIO;FEMENINO;ALEMANIA;BERLIN;1
331;2024;NOVIEMBRE;MATRIMONIO;FEMENINO;AMAZONAS;BAGUA;1
332;2024;NOVIEMBRE;MATRIMONIO;FEMENINO;AMAZONAS;BONGARA;1
333;2024;NOVIEMBRE;MATRIMONIO;FEMENINO;AMAZONAS;CHACHAPOYAS;2
334;2024;NOVIEMBRE;MATRIMONIO;FEMENINO;AMAZONAS;LUYA;1
335;2024;NOVIEMBRE;MATRIMONIO;FEMENINO;AMAZONAS;RODRIGUEZ DE MENDOZA;1
336;2024;NOVIEMBRE;MATRIMONIO;FEMENINO;AMAZONAS;UTCUBAMBA;1
337;2024;NOVIEMBRE;MATRIMONIO;FEMENINO;ANCASH;CARHUAZ;1
338;2024;NOVIEMBRE;MATRIMONIO;FEMENINO;ANCASH;CASMA;1
339;2024;NOVIEMBRE;MATRIMONIO;FEMENINO;ANCASH;HUARAZ;4
340;2024;NOVIEMBRE;MATRIMONIO;FEMENINO;ANCASH;HUARI;3
341;2024;NOVIEMBRE;MATRIMONIO;FEMENINO;ANCASH;HUARMEY;1
342;2024;NOVIEMBRE;MATRIMONIO;FEMENINO;ANCASH;HUAYLAS;1
343;2024;NOVIEMBRE;MATRIMONIO;FEMENINO;ANCASH;OCROS;1
344;2024;NOVIEMBRE;MATRIMONIO;FEMENINO;ANCASH;RECUAY;1
345;2024;NOVIEMBRE;MATRIMONIO;FEMENINO;ANCASH;SANTA;36
346;2024;NOVIEMBRE;MATRIMONIO;FEMENINO;ANCASH;SIHUAS;1
347;2024;NOVIEMBRE;MATRIMONIO;FEMENINO;ANCASH;YUNGAY;2
348;2024;NOVIEMBRE;MATRIMONIO;FEMENINO;APURIMAC;ABANCAY;5
349;2024;NOVIEMBRE;MATRIMONIO;FEMENINO;AREQUIPA;AREQUIPA;132
350;2024;NOVIEMBRE;MATRIMONIO;FEMENINO;AREQUIPA;CAMANA;3
351;2024;NOVIEMBRE;MATRIMONIO;FEMENINO;AREQUIPA;CAYLLOMA;1
352;2024;NOVIEMBRE;MATRIMONIO;FEMENINO;AREQUIPA;ISLAY;7
353;2024;NOVIEMBRE;MATRIMONIO;FEMENINO;ARGENTINA;BUENOS AIRES;3
354;2024;NOVIEMBRE;MATRIMONIO;FEMENINO;ARGENTINA;LA PLATA;1
355;2024;NOVIEMBRE;MATRIMONIO;FEMENINO;AUSTRALIA;SIDNEY;1
356;2024;NOVIEMBRE;MATRIMONIO;FEMENINO;AYACUCHO;HUAMANGA;4
357;2024;NOVIEMBRE;MATRIMONIO;FEMENINO;AYACUCHO;PARINACOCHAS;2
358;2024;NOVIEMBRE;MATRIMONIO;FEMENINO;AYACUCHO;PAUCAR DEL SARA SARA;1
359;2024;NOVIEMBRE;MATRIMONIO;FEMENINO;BELGICA;AMBERES;1
360;2024;NOVIEMBRE;MATRIMONIO;FEMENINO;CAJAMARCA;CAJAMARCA;27
361;2024;NOVIEMBRE;MATRIMONIO;FEMENINO;CAJAMARCA;CELENDIN;1
362;2024;NOVIEMBRE;MATRIMONIO;FEMENINO;CAJAMARCA;CHOTA;4
363;2024;NOVIEMBRE;MATRIMONIO;FEMENINO;CAJAMARCA;CONTUMAZA;3
364;2024;NOVIEMBRE;MATRIMONIO;FEMENINO;CAJAMARCA;CUTERVO;2
365;2024;NOVIEMBRE;MATRIMONIO;FEMENINO;CAJAMARCA;JAEN;1
366;2024;NOVIEMBRE;MATRIMONIO;FEMENINO;CAJAMARCA;SAN MARCOS;2
367;2024;NOVIEMBRE;MATRIMONIO;FEMENINO;CAJAMARCA;SAN MIGUEL;2
368;2024;NOVIEMBRE;MATRIMONIO;FEMENINO;CAJAMARCA;SAN PABLO;2
369;2024;NOVIEMBRE;MATRIMONIO;FEMENINO;CAJAMARCA;SANTA CRUZ;1
370;2024;NOVIEMBRE;MATRIMONIO;FEMENINO;CANADA;ONTARIO;2
371;2024;NOVIEMBRE;MATRIMONIO;FEMENINO;CANADA;TORONTO;1
372;2024;NOVIEMBRE;MATRIMONIO;FEMENINO;CHILE;ATACAMA;1
373;2024;NOVIEMBRE;MATRIMONIO;FEMENINO;CHILE;SANTIAGO;4
374;2024;NOVIEMBRE;MATRIMONIO;FEMENINO;CUSCO;ANTA;4
375;2024;NOVIEMBRE;MATRIMONIO;FEMENINO;CUSCO;CALCA;1
376;2024;NOVIEMBRE;MATRIMONIO;FEMENINO;CUSCO;CUSCO;40
377;2024;NOVIEMBRE;MATRIMONIO;FEMENINO;CUSCO;QUISPICANCHI;2
378;2024;NOVIEMBRE;MATRIMONIO;FEMENINO;CUSCO;URUBAMBA;1
379;2024;NOVIEMBRE;MATRIMONIO;FEMENINO;ESPAŃA;BARCELONA;5
380;2024;NOVIEMBRE;MATRIMONIO;FEMENINO;ESPAŃA;MADRID;11
381;2024;NOVIEMBRE;MATRIMONIO;FEMENINO;ESPAŃA;PONTEVEDRA;1
382;2024;NOVIEMBRE;MATRIMONIO;FEMENINO;ESPAŃA;TARRAGONA;1
383;2024;NOVIEMBRE;MATRIMONIO;FEMENINO;ESPAŃA;TENERIFE;1
384;2024;NOVIEMBRE;MATRIMONIO;FEMENINO;ESPAŃA;TOLEDO;1
385;2024;NOVIEMBRE;MATRIMONIO;FEMENINO;ESPAŃA;VALENCIA;1
386;2024;NOVIEMBRE;MATRIMONIO;FEMENINO;ESPAŃA;ZARAGOZA;1
387;2024;NOVIEMBRE;MATRIMONIO;FEMENINO;ESTADOS UNIDOS DE AMERICA;CAROLINA DEL NORTE;1
388;2024;NOVIEMBRE;MATRIMONIO;FEMENINO;ESTADOS UNIDOS DE AMERICA;CONNECTICUT;2
389;2024;NOVIEMBRE;MATRIMONIO;FEMENINO;ESTADOS UNIDOS DE AMERICA;FLORIDA;1
390;2024;NOVIEMBRE;MATRIMONIO;FEMENINO;ESTADOS UNIDOS DE AMERICA;HOUSTON;1
391;2024;NOVIEMBRE;MATRIMONIO;FEMENINO;ESTADOS UNIDOS DE AMERICA;LOS ANGELES;1
392;2024;NOVIEMBRE;MATRIMONIO;FEMENINO;ESTADOS UNIDOS DE AMERICA;MIAMI;6
393;2024;NOVIEMBRE;MATRIMONIO;FEMENINO;ESTADOS UNIDOS DE AMERICA;MINNESOTA;1
394;2024;NOVIEMBRE;MATRIMONIO;FEMENINO;ESTADOS UNIDOS DE AMERICA;NUEVA JERSEY;2
395;2024;NOVIEMBRE;MATRIMONIO;FEMENINO;ESTADOS UNIDOS DE AMERICA;NUEVA YORK;2
396;2024;NOVIEMBRE;MATRIMONIO;FEMENINO;ESTADOS UNIDOS DE AMERICA;ORLANDO;1
397;2024;NOVIEMBRE;MATRIMONIO;FEMENINO;ESTADOS UNIDOS DE AMERICA;SAN FRANCISCO;2
398;2024;NOVIEMBRE;MATRIMONIO;FEMENINO;ESTADOS UNIDOS DE AMERICA;TAMPA;1
399;2024;NOVIEMBRE;MATRIMONIO;FEMENINO;ESTADOS UNIDOS DE AMERICA;UTAH;1
400;2024;NOVIEMBRE;MATRIMONIO;FEMENINO;ESTADOS UNIDOS DE AMERICA;VIRGINIA;3
401;2024;NOVIEMBRE;MATRIMONIO;FEMENINO;ESTADOS UNIDOS DE AMERICA;WASHINGTON D. C.;2
402;2024;NOVIEMBRE;MATRIMONIO;FEMENINO;FRANCIA;CHAMPAŃA Y ARDENA;1
403;2024;NOVIEMBRE;MATRIMONIO;FEMENINO;FRANCIA;ISLA DE FRANCIA;1
404;2024;NOVIEMBRE;MATRIMONIO;FEMENINO;FRANCIA;NIZA;1
405;2024;NOVIEMBRE;MATRIMONIO;FEMENINO;FRANCIA;NORMANDIA;1
406;2024;NOVIEMBRE;MATRIMONIO;FEMENINO;FRANCIA;PARIS;1
407;2024;NOVIEMBRE;MATRIMONIO;FEMENINO;GRAN BRETAŃA;LONDRES;1
408;2024;NOVIEMBRE;MATRIMONIO;FEMENINO;HOLANDA;AMSTERDAM;1
409;2024;NOVIEMBRE;MATRIMONIO;FEMENINO;HUANCAVELICA;ANGARAES;1
410;2024;NOVIEMBRE;MATRIMONIO;FEMENINO;HUANCAVELICA;CASTROVIRREYNA;1
411;2024;NOVIEMBRE;MATRIMONIO;FEMENINO;HUANCAVELICA;CHURCAMPA;2
412;2024;NOVIEMBRE;MATRIMONIO;FEMENINO;HUANCAVELICA;HUANCAVELICA;2
413;2024;NOVIEMBRE;MATRIMONIO;FEMENINO;HUANCAVELICA;TAYACAJA;1
414;2024;NOVIEMBRE;MATRIMONIO;FEMENINO;HUANUCO;AMBO;1
415;2024;NOVIEMBRE;MATRIMONIO;FEMENINO;HUANUCO;HUAMALIES;1
416;2024;NOVIEMBRE;MATRIMONIO;FEMENINO;HUANUCO;HUANUCO;8
417;2024;NOVIEMBRE;MATRIMONIO;FEMENINO;HUANUCO;LEONCIO PRADO;14
418;2024;NOVIEMBRE;MATRIMONIO;FEMENINO;ICA;CHINCHA;38
419;2024;NOVIEMBRE;MATRIMONIO;FEMENINO;ICA;ICA;43
420;2024;NOVIEMBRE;MATRIMONIO;FEMENINO;ICA;NASCA;8
421;2024;NOVIEMBRE;MATRIMONIO;FEMENINO;ICA;PISCO;16
422;2024;NOVIEMBRE;MATRIMONIO;FEMENINO;ITALIA;GENOVA;1
423;2024;NOVIEMBRE;MATRIMONIO;FEMENINO;ITALIA;LACIO;2
424;2024;NOVIEMBRE;MATRIMONIO;FEMENINO;ITALIA;MARCAS;1
425;2024;NOVIEMBRE;MATRIMONIO;FEMENINO;ITALIA;MILAN;2
426;2024;NOVIEMBRE;MATRIMONIO;FEMENINO;ITALIA;ROMA;5
427;2024;NOVIEMBRE;MATRIMONIO;FEMENINO;JAPON;IBARAKI;1
428;2024;NOVIEMBRE;MATRIMONIO;FEMENINO;JAPON;KANAGAWA;1
429;2024;NOVIEMBRE;MATRIMONIO;FEMENINO;JUNIN;CHANCHAMAYO;6
430;2024;NOVIEMBRE;MATRIMONIO;FEMENINO;JUNIN;CHUPACA;2
431;2024;NOVIEMBRE;MATRIMONIO;FEMENINO;JUNIN;CONCEPCION;3
432;2024;NOVIEMBRE;MATRIMONIO;FEMENINO;JUNIN;HUANCAYO;43
433;2024;NOVIEMBRE;MATRIMONIO;FEMENINO;JUNIN;JAUJA;5
434;2024;NOVIEMBRE;MATRIMONIO;FEMENINO;JUNIN;SATIPO;1
435;2024;NOVIEMBRE;MATRIMONIO;FEMENINO;JUNIN;TARMA;2
436;2024;NOVIEMBRE;MATRIMONIO;FEMENINO;JUNIN;YAULI;1
437;2024;NOVIEMBRE;MATRIMONIO;FEMENINO;LA LIBERTAD;ASCOPE;8
438;2024;NOVIEMBRE;MATRIMONIO;FEMENINO;LA LIBERTAD;BOLIVAR;1
439;2024;NOVIEMBRE;MATRIMONIO;FEMENINO;LA LIBERTAD;CHEPEN;3
440;2024;NOVIEMBRE;MATRIMONIO;FEMENINO;LA LIBERTAD;PACASMAYO;3
441;2024;NOVIEMBRE;MATRIMONIO;FEMENINO;LA LIBERTAD;SANCHEZ CARRION;1
442;2024;NOVIEMBRE;MATRIMONIO;FEMENINO;LA LIBERTAD;TRUJILLO;136
443;2024;NOVIEMBRE;MATRIMONIO;FEMENINO;LA LIBERTAD;VIRU;6
444;2024;NOVIEMBRE;MATRIMONIO;FEMENINO;LAMBAYEQUE;CHICLAYO;175
445;2024;NOVIEMBRE;MATRIMONIO;FEMENINO;LAMBAYEQUE;FERREŃAFE;7
446;2024;NOVIEMBRE;MATRIMONIO;FEMENINO;LAMBAYEQUE;LAMBAYEQUE;15
447;2024;NOVIEMBRE;MATRIMONIO;FEMENINO;LIMA;BARRANCA;40
448;2024;NOVIEMBRE;MATRIMONIO;FEMENINO;LIMA;CAŃETE;20
449;2024;NOVIEMBRE;MATRIMONIO;FEMENINO;LIMA;HUARAL;14
450;2024;NOVIEMBRE;MATRIMONIO;FEMENINO;LIMA;HUAROCHIRI;16
451;2024;NOVIEMBRE;MATRIMONIO;FEMENINO;LIMA;HUAURA;16
452;2024;NOVIEMBRE;MATRIMONIO;FEMENINO;LIMA;LIMA;3839
453;2024;NOVIEMBRE;MATRIMONIO;FEMENINO;LORETO;MARISCAL RAMON CASTILLA;1
454;2024;NOVIEMBRE;MATRIMONIO;FEMENINO;LORETO;MAYNAS;69
455;2024;NOVIEMBRE;MATRIMONIO;FEMENINO;MADRE DE DIOS;TAMBOPATA;12
456;2024;NOVIEMBRE;MATRIMONIO;FEMENINO;MOQUEGUA;ILO;6
457;2024;NOVIEMBRE;MATRIMONIO;FEMENINO;MOQUEGUA;MARISCAL NIETO;2
458;2024;NOVIEMBRE;MATRIMONIO;FEMENINO;PASCO;DANIEL ALCIDES CARRION;1
459;2024;NOVIEMBRE;MATRIMONIO;FEMENINO;PASCO;OXAPAMPA;4
460;2024;NOVIEMBRE;MATRIMONIO;FEMENINO;PASCO;PASCO;6
461;2024;NOVIEMBRE;MATRIMONIO;FEMENINO;PIURA;AYABACA;3
462;2024;NOVIEMBRE;MATRIMONIO;FEMENINO;PIURA;HUANCABAMBA;1
463;2024;NOVIEMBRE;MATRIMONIO;FEMENINO;PIURA;MORROPON;7
464;2024;NOVIEMBRE;MATRIMONIO;FEMENINO;PIURA;PAITA;3
465;2024;NOVIEMBRE;MATRIMONIO;FEMENINO;PIURA;PIURA;233
466;2024;NOVIEMBRE;MATRIMONIO;FEMENINO;PIURA;SECHURA;1
467;2024;NOVIEMBRE;MATRIMONIO;FEMENINO;PIURA;SULLANA;26
468;2024;NOVIEMBRE;MATRIMONIO;FEMENINO;PIURA;TALARA;24
469;2024;NOVIEMBRE;MATRIMONIO;FEMENINO;PUERTO RICO;SAN JUAN;1
470;2024;NOVIEMBRE;MATRIMONIO;FEMENINO;PUNO;AZANGARO;2
471;2024;NOVIEMBRE;MATRIMONIO;FEMENINO;PUNO;CHUCUITO;1
472;2024;NOVIEMBRE;MATRIMONIO;FEMENINO;PUNO;EL COLLAO;4
473;2024;NOVIEMBRE;MATRIMONIO;FEMENINO;PUNO;HUANCANE;1
474;2024;NOVIEMBRE;MATRIMONIO;FEMENINO;PUNO;PUNO;2
475;2024;NOVIEMBRE;MATRIMONIO;FEMENINO;PUNO;SAN ANTONIO DE PUTINA;1
476;2024;NOVIEMBRE;MATRIMONIO;FEMENINO;PUNO;SAN ROMAN;7
477;2024;NOVIEMBRE;MATRIMONIO;FEMENINO;PUNO;YUNGUYO;1
478;2024;NOVIEMBRE;MATRIMONIO;FEMENINO;SAN MARTIN;BELLAVISTA;1
479;2024;NOVIEMBRE;MATRIMONIO;FEMENINO;SAN MARTIN;HUALLAGA;1
480;2024;NOVIEMBRE;MATRIMONIO;FEMENINO;SAN MARTIN;MARISCAL CACERES;2
481;2024;NOVIEMBRE;MATRIMONIO;FEMENINO;SAN MARTIN;MOYOBAMBA;2
482;2024;NOVIEMBRE;MATRIMONIO;FEMENINO;SAN MARTIN;PICOTA;1
483;2024;NOVIEMBRE;MATRIMONIO;FEMENINO;SAN MARTIN;RIOJA;1
484;2024;NOVIEMBRE;MATRIMONIO;FEMENINO;SAN MARTIN;SAN MARTIN;13
485;2024;NOVIEMBRE;MATRIMONIO;FEMENINO;SAN MARTIN;TOCACHE;2
486;2024;NOVIEMBRE;MATRIMONIO;FEMENINO;TACNA;JORGE BASADRE;1
487;2024;NOVIEMBRE;MATRIMONIO;FEMENINO;TACNA;TACNA;27
488;2024;NOVIEMBRE;MATRIMONIO;FEMENINO;TUMBES;CONTRALMIRANTE VILLAR;1
489;2024;NOVIEMBRE;MATRIMONIO;FEMENINO;TUMBES;TUMBES;15
490;2024;NOVIEMBRE;MATRIMONIO;FEMENINO;UCAYALI;CORONEL PORTILLO;35
491;2024;NOVIEMBRE;MATRIMONIO;FEMENINO;;CALLAO;295
492;2024;NOVIEMBRE;MATRIMONIO;MASCULINO;AMAZONAS;BONGARA;1
493;2024;NOVIEMBRE;MATRIMONIO;MASCULINO;AMAZONAS;CHACHAPOYAS;5
494;2024;NOVIEMBRE;MATRIMONIO;MASCULINO;AMAZONAS;LUYA;1
495;2024;NOVIEMBRE;MATRIMONIO;MASCULINO;AMAZONAS;UTCUBAMBA;3
496;2024;NOVIEMBRE;MATRIMONIO;MASCULINO;ANCASH;ANTONIO RAIMONDI;1
497;2024;NOVIEMBRE;MATRIMONIO;MASCULINO;ANCASH;ASUNCION;1
498;2024;NOVIEMBRE;MATRIMONIO;MASCULINO;ANCASH;BOLOGNESI;1
499;2024;NOVIEMBRE;MATRIMONIO;MASCULINO;ANCASH;CARHUAZ;3
500;2024;NOVIEMBRE;MATRIMONIO;MASCULINO;ANCASH;CASMA;4
501;2024;NOVIEMBRE;MATRIMONIO;MASCULINO;ANCASH;HUARAZ;4
502;2024;NOVIEMBRE;MATRIMONIO;MASCULINO;ANCASH;HUARI;5
503;2024;NOVIEMBRE;MATRIMONIO;MASCULINO;ANCASH;HUARMEY;2
504;2024;NOVIEMBRE;MATRIMONIO;MASCULINO;ANCASH;HUAYLAS;4
505;2024;NOVIEMBRE;MATRIMONIO;MASCULINO;ANCASH;MARISCAL LUZURIAGA;1
506;2024;NOVIEMBRE;MATRIMONIO;MASCULINO;ANCASH;SANTA;33
507;2024;NOVIEMBRE;MATRIMONIO;MASCULINO;ANCASH;YUNGAY;1
508;2024;NOVIEMBRE;MATRIMONIO;MASCULINO;APURIMAC;ABANCAY;5
509;2024;NOVIEMBRE;MATRIMONIO;MASCULINO;APURIMAC;ANDAHUAYLAS;2
510;2024;NOVIEMBRE;MATRIMONIO;MASCULINO;APURIMAC;AYMARAES;1
511;2024;NOVIEMBRE;MATRIMONIO;MASCULINO;APURIMAC;CHINCHEROS;2
512;2024;NOVIEMBRE;MATRIMONIO;MASCULINO;AREQUIPA;AREQUIPA;137
513;2024;NOVIEMBRE;MATRIMONIO;MASCULINO;AREQUIPA;CAMANA;2
514;2024;NOVIEMBRE;MATRIMONIO;MASCULINO;AREQUIPA;CARAVELI;2
515;2024;NOVIEMBRE;MATRIMONIO;MASCULINO;AREQUIPA;CASTILLA;1
516;2024;NOVIEMBRE;MATRIMONIO;MASCULINO;AREQUIPA;CAYLLOMA;1
517;2024;NOVIEMBRE;MATRIMONIO;MASCULINO;AREQUIPA;CONDESUYOS;1
518;2024;NOVIEMBRE;MATRIMONIO;MASCULINO;AREQUIPA;ISLAY;4
519;2024;NOVIEMBRE;MATRIMONIO;MASCULINO;AYACUCHO;CANGALLO;7
520;2024;NOVIEMBRE;MATRIMONIO;MASCULINO;AYACUCHO;HUAMANGA;10
521;2024;NOVIEMBRE;MATRIMONIO;MASCULINO;AYACUCHO;LUCANAS;2
522;2024;NOVIEMBRE;MATRIMONIO;MASCULINO;AYACUCHO;PAUCAR DEL SARA SARA;3
523;2024;NOVIEMBRE;MATRIMONIO;MASCULINO;AYACUCHO;SUCRE;1
524;2024;NOVIEMBRE;MATRIMONIO;MASCULINO;BOLIVIA;EL ALTO;1
525;2024;NOVIEMBRE;MATRIMONIO;MASCULINO;BOLIVIA;LA PAZ;1
526;2024;NOVIEMBRE;MATRIMONIO;MASCULINO;CAJAMARCA;CAJABAMBA;3
527;2024;NOVIEMBRE;MATRIMONIO;MASCULINO;CAJAMARCA;CAJAMARCA;24
528;2024;NOVIEMBRE;MATRIMONIO;MASCULINO;CAJAMARCA;CHOTA;1
529;2024;NOVIEMBRE;MATRIMONIO;MASCULINO;CAJAMARCA;CONTUMAZA;1
530;2024;NOVIEMBRE;MATRIMONIO;MASCULINO;CAJAMARCA;CUTERVO;2
531;2024;NOVIEMBRE;MATRIMONIO;MASCULINO;CAJAMARCA;HUALGAYOC;1
532;2024;NOVIEMBRE;MATRIMONIO;MASCULINO;CAJAMARCA;JAEN;4
533;2024;NOVIEMBRE;MATRIMONIO;MASCULINO;CAJAMARCA;SAN IGNACIO;4
534;2024;NOVIEMBRE;MATRIMONIO;MASCULINO;CAJAMARCA;SAN PABLO;1
535;2024;NOVIEMBRE;MATRIMONIO;MASCULINO;CANADA;MONTREAL;1
536;2024;NOVIEMBRE;MATRIMONIO;MASCULINO;CANADA;ONTARIO;1
537;2024;NOVIEMBRE;MATRIMONIO;MASCULINO;CANADA;OTTAWA;1
538;2024;NOVIEMBRE;MATRIMONIO;MASCULINO;CHILE;IQUIQUE;1
539;2024;NOVIEMBRE;MATRIMONIO;MASCULINO;CHILE;SANTIAGO;3
540;2024;NOVIEMBRE;MATRIMONIO;MASCULINO;COLOMBIA;MEDELLIN;1
541;2024;NOVIEMBRE;MATRIMONIO;MASCULINO;COLOMBIA;SANTANDER;1
542;2024;NOVIEMBRE;MATRIMONIO;MASCULINO;CUSCO;ANTA;2
543;2024;NOVIEMBRE;MATRIMONIO;MASCULINO;CUSCO;CALCA;5
544;2024;NOVIEMBRE;MATRIMONIO;MASCULINO;CUSCO;CHUMBIVILCAS;1
545;2024;NOVIEMBRE;MATRIMONIO;MASCULINO;CUSCO;CUSCO;35
546;2024;NOVIEMBRE;MATRIMONIO;MASCULINO;CUSCO;ESPINAR;4
547;2024;NOVIEMBRE;MATRIMONIO;MASCULINO;CUSCO;LA CONVENCION;3
548;2024;NOVIEMBRE;MATRIMONIO;MASCULINO;CUSCO;QUISPICANCHI;1
549;2024;NOVIEMBRE;MATRIMONIO;MASCULINO;CUSCO;URUBAMBA;2
550;2024;NOVIEMBRE;MATRIMONIO;MASCULINO;ECUADOR;GUAYAQUIL;1
551;2024;NOVIEMBRE;MATRIMONIO;MASCULINO;ESPAŃA;ALMERIA;1
552;2024;NOVIEMBRE;MATRIMONIO;MASCULINO;ESPAŃA;BALEARES;1
553;2024;NOVIEMBRE;MATRIMONIO;MASCULINO;ESPAŃA;BARCELONA;6
554;2024;NOVIEMBRE;MATRIMONIO;MASCULINO;ESPAŃA;MADRID;7
555;2024;NOVIEMBRE;MATRIMONIO;MASCULINO;ESPAŃA;VALENCIA;1
556;2024;NOVIEMBRE;MATRIMONIO;MASCULINO;ESTADOS UNIDOS DE AMERICA;AUSTIN;2
557;2024;NOVIEMBRE;MATRIMONIO;MASCULINO;ESTADOS UNIDOS DE AMERICA;CONNECTICUT;1
558;2024;NOVIEMBRE;MATRIMONIO;MASCULINO;ESTADOS UNIDOS DE AMERICA;GEORGIA;1
559;2024;NOVIEMBRE;MATRIMONIO;MASCULINO;ESTADOS UNIDOS DE AMERICA;LOS ANGELES;2
560;2024;NOVIEMBRE;MATRIMONIO;MASCULINO;ESTADOS UNIDOS DE AMERICA;MARYLAND;1
561;2024;NOVIEMBRE;MATRIMONIO;MASCULINO;ESTADOS UNIDOS DE AMERICA;MIAMI;3
562;2024;NOVIEMBRE;MATRIMONIO;MASCULINO;ESTADOS UNIDOS DE AMERICA;MICHIGAN;1
563;2024;NOVIEMBRE;MATRIMONIO;MASCULINO;ESTADOS UNIDOS DE AMERICA;NUEVA JERSEY;6
564;2024;NOVIEMBRE;MATRIMONIO;MASCULINO;ESTADOS UNIDOS DE AMERICA;NUEVA YORK;2
565;2024;NOVIEMBRE;MATRIMONIO;MASCULINO;ESTADOS UNIDOS DE AMERICA;SAN DIEGO;1
566;2024;NOVIEMBRE;MATRIMONIO;MASCULINO;ESTADOS UNIDOS DE AMERICA;SEATLE;1
567;2024;NOVIEMBRE;MATRIMONIO;MASCULINO;ESTADOS UNIDOS DE AMERICA;TENNESSEE;1
568;2024;NOVIEMBRE;MATRIMONIO;MASCULINO;ESTADOS UNIDOS DE AMERICA;VIRGINIA;1
569;2024;NOVIEMBRE;MATRIMONIO;MASCULINO;ESTADOS UNIDOS DE AMERICA;WASHINGTON D. C.;1
570;2024;NOVIEMBRE;MATRIMONIO;MASCULINO;FRANCIA;ILE DE FRANCE;1
571;2024;NOVIEMBRE;MATRIMONIO;MASCULINO;GRAN BRETAŃA;LONDRES;1
572;2024;NOVIEMBRE;MATRIMONIO;MASCULINO;GUATEMALA;GUATEMALA;1
573;2024;NOVIEMBRE;MATRIMONIO;MASCULINO;HUANCAVELICA;ANGARAES;1
574;2024;NOVIEMBRE;MATRIMONIO;MASCULINO;HUANCAVELICA;CASTROVIRREYNA;1
575;2024;NOVIEMBRE;MATRIMONIO;MASCULINO;HUANCAVELICA;CHURCAMPA;4
576;2024;NOVIEMBRE;MATRIMONIO;MASCULINO;HUANCAVELICA;HUANCAVELICA;3
577;2024;NOVIEMBRE;MATRIMONIO;MASCULINO;HUANCAVELICA;TAYACAJA;4
578;2024;NOVIEMBRE;MATRIMONIO;MASCULINO;HUANUCO;AMBO;1
579;2024;NOVIEMBRE;MATRIMONIO;MASCULINO;HUANUCO;HUACAYBAMBA;1
580;2024;NOVIEMBRE;MATRIMONIO;MASCULINO;HUANUCO;HUAMALIES;1
581;2024;NOVIEMBRE;MATRIMONIO;MASCULINO;HUANUCO;HUANUCO;17
582;2024;NOVIEMBRE;MATRIMONIO;MASCULINO;HUANUCO;LEONCIO PRADO;9
583;2024;NOVIEMBRE;MATRIMONIO;MASCULINO;ICA;CHINCHA;18
584;2024;NOVIEMBRE;MATRIMONIO;MASCULINO;ICA;ICA;55
585;2024;NOVIEMBRE;MATRIMONIO;MASCULINO;ICA;NASCA;2
586;2024;NOVIEMBRE;MATRIMONIO;MASCULINO;ICA;PALPA;1
587;2024;NOVIEMBRE;MATRIMONIO;MASCULINO;ICA;PISCO;10
588;2024;NOVIEMBRE;MATRIMONIO;MASCULINO;ITALIA;MILAN;2
589;2024;NOVIEMBRE;MATRIMONIO;MASCULINO;ITALIA;TURIN;1
590;2024;NOVIEMBRE;MATRIMONIO;MASCULINO;JAPON;YAMAGUCHI;1
591;2024;NOVIEMBRE;MATRIMONIO;MASCULINO;JUNIN;CHANCHAMAYO;5
592;2024;NOVIEMBRE;MATRIMONIO;MASCULINO;JUNIN;CHUPACA;6
593;2024;NOVIEMBRE;MATRIMONIO;MASCULINO;JUNIN;HUANCAYO;47
594;2024;NOVIEMBRE;MATRIMONIO;MASCULINO;JUNIN;JAUJA;4
595;2024;NOVIEMBRE;MATRIMONIO;MASCULINO;JUNIN;SATIPO;1
596;2024;NOVIEMBRE;MATRIMONIO;MASCULINO;JUNIN;TARMA;3
597;2024;NOVIEMBRE;MATRIMONIO;MASCULINO;JUNIN;YAULI;3
598;2024;NOVIEMBRE;MATRIMONIO;MASCULINO;LA LIBERTAD;ASCOPE;4
599;2024;NOVIEMBRE;MATRIMONIO;MASCULINO;LA LIBERTAD;CHEPEN;7
600;2024;NOVIEMBRE;MATRIMONIO;MASCULINO;LA LIBERTAD;PACASMAYO;3
601;2024;NOVIEMBRE;MATRIMONIO;MASCULINO;LA LIBERTAD;PATAZ;1
602;2024;NOVIEMBRE;MATRIMONIO;MASCULINO;LA LIBERTAD;SANCHEZ CARRION;3
603;2024;NOVIEMBRE;MATRIMONIO;MASCULINO;LA LIBERTAD;SANTIAGO DE CHUCO;2
604;2024;NOVIEMBRE;MATRIMONIO;MASCULINO;LA LIBERTAD;TRUJILLO;130
605;2024;NOVIEMBRE;MATRIMONIO;MASCULINO;LA LIBERTAD;VIRU;1
606;2024;NOVIEMBRE;MATRIMONIO;MASCULINO;LAMBAYEQUE;CHICLAYO;204
607;2024;NOVIEMBRE;MATRIMONIO;MASCULINO;LAMBAYEQUE;FERREŃAFE;5
608;2024;NOVIEMBRE;MATRIMONIO;MASCULINO;LAMBAYEQUE;LAMBAYEQUE;18
609;2024;NOVIEMBRE;MATRIMONIO;MASCULINO;LIMA;BARRANCA;45
610;2024;NOVIEMBRE;MATRIMONIO;MASCULINO;LIMA;CAŃETE;9
611;2024;NOVIEMBRE;MATRIMONIO;MASCULINO;LIMA;HUARAL;7
612;2024;NOVIEMBRE;MATRIMONIO;MASCULINO;LIMA;HUAROCHIRI;11
613;2024;NOVIEMBRE;MATRIMONIO;MASCULINO;LIMA;HUAURA;29
614;2024;NOVIEMBRE;MATRIMONIO;MASCULINO;LIMA;LIMA;3837
615;2024;NOVIEMBRE;MATRIMONIO;MASCULINO;LIMA;OYON;2
616;2024;NOVIEMBRE;MATRIMONIO;MASCULINO;LIMA;YAUYOS;1
617;2024;NOVIEMBRE;MATRIMONIO;MASCULINO;LORETO;ALTO AMAZONAS;2
618;2024;NOVIEMBRE;MATRIMONIO;MASCULINO;LORETO;DATEM DEL MARAŃON;1
619;2024;NOVIEMBRE;MATRIMONIO;MASCULINO;LORETO;LORETO;1
620;2024;NOVIEMBRE;MATRIMONIO;MASCULINO;LORETO;MAYNAS;59
621;2024;NOVIEMBRE;MATRIMONIO;MASCULINO;LORETO;REQUENA;1
622;2024;NOVIEMBRE;MATRIMONIO;MASCULINO;LORETO;UCAYALI;1
623;2024;NOVIEMBRE;MATRIMONIO;MASCULINO;MADRE DE DIOS;TAMBOPATA;4
624;2024;NOVIEMBRE;MATRIMONIO;MASCULINO;MOQUEGUA;ILO;12
625;2024;NOVIEMBRE;MATRIMONIO;MASCULINO;MOQUEGUA;MARISCAL NIETO;8
626;2024;NOVIEMBRE;MATRIMONIO;MASCULINO;PASCO;DANIEL ALCIDES CARRION;2
627;2024;NOVIEMBRE;MATRIMONIO;MASCULINO;PASCO;OXAPAMPA;3
628;2024;NOVIEMBRE;MATRIMONIO;MASCULINO;PASCO;PASCO;6
629;2024;NOVIEMBRE;MATRIMONIO;MASCULINO;PIURA;AYABACA;3
630;2024;NOVIEMBRE;MATRIMONIO;MASCULINO;PIURA;HUANCABAMBA;3
631;2024;NOVIEMBRE;MATRIMONIO;MASCULINO;PIURA;MORROPON;5
632;2024;NOVIEMBRE;MATRIMONIO;MASCULINO;PIURA;PAITA;5
633;2024;NOVIEMBRE;MATRIMONIO;MASCULINO;PIURA;PIURA;202
634;2024;NOVIEMBRE;MATRIMONIO;MASCULINO;PIURA;SECHURA;3
635;2024;NOVIEMBRE;MATRIMONIO;MASCULINO;PIURA;SULLANA;25
636;2024;NOVIEMBRE;MATRIMONIO;MASCULINO;PIURA;TALARA;26
637;2024;NOVIEMBRE;MATRIMONIO;MASCULINO;PUNO;AZANGARO;1
638;2024;NOVIEMBRE;MATRIMONIO;MASCULINO;PUNO;CHUCUITO;4
639;2024;NOVIEMBRE;MATRIMONIO;MASCULINO;PUNO;EL COLLAO;1
640;2024;NOVIEMBRE;MATRIMONIO;MASCULINO;PUNO;HUANCANE;1
641;2024;NOVIEMBRE;MATRIMONIO;MASCULINO;PUNO;LAMPA;1
642;2024;NOVIEMBRE;MATRIMONIO;MASCULINO;PUNO;MELGAR;1
643;2024;NOVIEMBRE;MATRIMONIO;MASCULINO;PUNO;PUNO;4
644;2024;NOVIEMBRE;MATRIMONIO;MASCULINO;PUNO;SAN ROMAN;14
645;2024;NOVIEMBRE;MATRIMONIO;MASCULINO;REPUBLICA DE PANAMA;PANAMA;2
646;2024;NOVIEMBRE;MATRIMONIO;MASCULINO;SAN MARTIN;HUALLAGA;1
647;2024;NOVIEMBRE;MATRIMONIO;MASCULINO;SAN MARTIN;MARISCAL CACERES;1
648;2024;NOVIEMBRE;MATRIMONIO;MASCULINO;SAN MARTIN;MOYOBAMBA;3
649;2024;NOVIEMBRE;MATRIMONIO;MASCULINO;SAN MARTIN;PICOTA;2
650;2024;NOVIEMBRE;MATRIMONIO;MASCULINO;SAN MARTIN;RIOJA;3
651;2024;NOVIEMBRE;MATRIMONIO;MASCULINO;SAN MARTIN;SAN MARTIN;10
652;2024;NOVIEMBRE;MATRIMONIO;MASCULINO;SENEGAL;DAKAR;2
653;2024;NOVIEMBRE;MATRIMONIO;MASCULINO;TACNA;JORGE BASADRE;1
654;2024;NOVIEMBRE;MATRIMONIO;MASCULINO;TACNA;TACNA;31
655;2024;NOVIEMBRE;MATRIMONIO;MASCULINO;TUMBES;CONTRALMIRANTE VILLAR;5
656;2024;NOVIEMBRE;MATRIMONIO;MASCULINO;TUMBES;TUMBES;24
657;2024;NOVIEMBRE;MATRIMONIO;MASCULINO;TUMBES;ZARUMILLA;3
658;2024;NOVIEMBRE;MATRIMONIO;MASCULINO;UCAYALI;ATALAYA;1
659;2024;NOVIEMBRE;MATRIMONIO;MASCULINO;UCAYALI;CORONEL PORTILLO;29
660;2024;NOVIEMBRE;MATRIMONIO;MASCULINO;UCAYALI;PADRE ABAD;2
661;2024;NOVIEMBRE;MATRIMONIO;MASCULINO;VENEZUELA;MIRANDA;1
662;2024;NOVIEMBRE;MATRIMONIO;MASCULINO;;CALLAO;324
663;2024;NOVIEMBRE;NACIMIENTO;FEMENINO;ALEMANIA;BAVIERA;1
664;2024;NOVIEMBRE;NACIMIENTO;FEMENINO;ALEMANIA;BERLIN;3
665;2024;NOVIEMBRE;NACIMIENTO;FEMENINO;ALEMANIA;COLONIA;1
666;2024;NOVIEMBRE;NACIMIENTO;FEMENINO;ALEMANIA;RENANIA DEL NORTE-WESTFA;2
667;2024;NOVIEMBRE;NACIMIENTO;FEMENINO;ALEMANIA;RENANIA-PALATINADO;1
668;2024;NOVIEMBRE;NACIMIENTO;FEMENINO;ALEMANIA;STUTTGART;2
669;2024;NOVIEMBRE;NACIMIENTO;FEMENINO;AMAZONAS;BAGUA;12
670;2024;NOVIEMBRE;NACIMIENTO;FEMENINO;AMAZONAS;BONGARA;4
671;2024;NOVIEMBRE;NACIMIENTO;FEMENINO;AMAZONAS;CHACHAPOYAS;14
672;2024;NOVIEMBRE;NACIMIENTO;FEMENINO;AMAZONAS;CONDORCANQUI;5
673;2024;NOVIEMBRE;NACIMIENTO;FEMENINO;AMAZONAS;LUYA;8
674;2024;NOVIEMBRE;NACIMIENTO;FEMENINO;AMAZONAS;RODRIGUEZ DE MENDOZA;12
675;2024;NOVIEMBRE;NACIMIENTO;FEMENINO;AMAZONAS;UTCUBAMBA;17
676;2024;NOVIEMBRE;NACIMIENTO;FEMENINO;ANCASH;AIJA;1
677;2024;NOVIEMBRE;NACIMIENTO;FEMENINO;ANCASH;ANTONIO RAIMONDI;2
678;2024;NOVIEMBRE;NACIMIENTO;FEMENINO;ANCASH;BOLOGNESI;11
679;2024;NOVIEMBRE;NACIMIENTO;FEMENINO;ANCASH;CARHUAZ;9
680;2024;NOVIEMBRE;NACIMIENTO;FEMENINO;ANCASH;CASMA;18
681;2024;NOVIEMBRE;NACIMIENTO;FEMENINO;ANCASH;CORONGO;1
682;2024;NOVIEMBRE;NACIMIENTO;FEMENINO;ANCASH;HUARAZ;29
683;2024;NOVIEMBRE;NACIMIENTO;FEMENINO;ANCASH;HUARI;33
684;2024;NOVIEMBRE;NACIMIENTO;FEMENINO;ANCASH;HUARMEY;12
685;2024;NOVIEMBRE;NACIMIENTO;FEMENINO;ANCASH;HUAYLAS;24
686;2024;NOVIEMBRE;NACIMIENTO;FEMENINO;ANCASH;MARISCAL LUZURIAGA;1
687;2024;NOVIEMBRE;NACIMIENTO;FEMENINO;ANCASH;OCROS;5
688;2024;NOVIEMBRE;NACIMIENTO;FEMENINO;ANCASH;PALLASCA;12
689;2024;NOVIEMBRE;NACIMIENTO;FEMENINO;ANCASH;POMABAMBA;2
690;2024;NOVIEMBRE;NACIMIENTO;FEMENINO;ANCASH;RECUAY;12
691;2024;NOVIEMBRE;NACIMIENTO;FEMENINO;ANCASH;SANTA;617
692;2024;NOVIEMBRE;NACIMIENTO;FEMENINO;ANCASH;SIHUAS;6
693;2024;NOVIEMBRE;NACIMIENTO;FEMENINO;ANCASH;YUNGAY;10
694;2024;NOVIEMBRE;NACIMIENTO;FEMENINO;APURIMAC;ABANCAY;26
695;2024;NOVIEMBRE;NACIMIENTO;FEMENINO;APURIMAC;ANDAHUAYLAS;18
696;2024;NOVIEMBRE;NACIMIENTO;FEMENINO;APURIMAC;ANTABAMBA;2
697;2024;NOVIEMBRE;NACIMIENTO;FEMENINO;APURIMAC;AYMARAES;6
698;2024;NOVIEMBRE;NACIMIENTO;FEMENINO;APURIMAC;CHINCHEROS;11
699;2024;NOVIEMBRE;NACIMIENTO;FEMENINO;APURIMAC;COTABAMBAS;8
700;2024;NOVIEMBRE;NACIMIENTO;FEMENINO;APURIMAC;GRAU;1
701;2024;NOVIEMBRE;NACIMIENTO;FEMENINO;AREQUIPA;AREQUIPA;1142
702;2024;NOVIEMBRE;NACIMIENTO;FEMENINO;AREQUIPA;CAMANA;20
703;2024;NOVIEMBRE;NACIMIENTO;FEMENINO;AREQUIPA;CARAVELI;22
704;2024;NOVIEMBRE;NACIMIENTO;FEMENINO;AREQUIPA;CASTILLA;10
705;2024;NOVIEMBRE;NACIMIENTO;FEMENINO;AREQUIPA;CAYLLOMA;35
706;2024;NOVIEMBRE;NACIMIENTO;FEMENINO;AREQUIPA;CONDESUYOS;4
707;2024;NOVIEMBRE;NACIMIENTO;FEMENINO;AREQUIPA;ISLAY;43
708;2024;NOVIEMBRE;NACIMIENTO;FEMENINO;ARGENTINA;BUENOS AIRES;26
709;2024;NOVIEMBRE;NACIMIENTO;FEMENINO;ARGENTINA;CORDOBA;2
710;2024;NOVIEMBRE;NACIMIENTO;FEMENINO;ARGENTINA;ROSARIO DE SANTA FE;1
711;2024;NOVIEMBRE;NACIMIENTO;FEMENINO;AUSTRALIA;BRISBANE;1
712;2024;NOVIEMBRE;NACIMIENTO;FEMENINO;AUSTRALIA;QUEENSLAND;1
713;2024;NOVIEMBRE;NACIMIENTO;FEMENINO;AUSTRALIA;SIDNEY;1
714;2024;NOVIEMBRE;NACIMIENTO;FEMENINO;AYACUCHO;CANGALLO;5
715;2024;NOVIEMBRE;NACIMIENTO;FEMENINO;AYACUCHO;HUAMANGA;70
716;2024;NOVIEMBRE;NACIMIENTO;FEMENINO;AYACUCHO;HUANTA;16
717;2024;NOVIEMBRE;NACIMIENTO;FEMENINO;AYACUCHO;LA MAR;13
718;2024;NOVIEMBRE;NACIMIENTO;FEMENINO;AYACUCHO;LUCANAS;10
719;2024;NOVIEMBRE;NACIMIENTO;FEMENINO;AYACUCHO;PARINACOCHAS;13
720;2024;NOVIEMBRE;NACIMIENTO;FEMENINO;AYACUCHO;PAUCAR DEL SARA SARA;3
721;2024;NOVIEMBRE;NACIMIENTO;FEMENINO;AYACUCHO;SUCRE;2
722;2024;NOVIEMBRE;NACIMIENTO;FEMENINO;AYACUCHO;VICTOR FAJARDO;2
723;2024;NOVIEMBRE;NACIMIENTO;FEMENINO;BRASIL;AMAZONAS;1
724;2024;NOVIEMBRE;NACIMIENTO;FEMENINO;BRASIL;GOIAS;1
725;2024;NOVIEMBRE;NACIMIENTO;FEMENINO;BRASIL;SAO PAULO;1
726;2024;NOVIEMBRE;NACIMIENTO;FEMENINO;CAJAMARCA;CAJABAMBA;21
727;2024;NOVIEMBRE;NACIMIENTO;FEMENINO;CAJAMARCA;CAJAMARCA;229
728;2024;NOVIEMBRE;NACIMIENTO;FEMENINO;CAJAMARCA;CELENDIN;15
729;2024;NOVIEMBRE;NACIMIENTO;FEMENINO;CAJAMARCA;CHOTA;26
730;2024;NOVIEMBRE;NACIMIENTO;FEMENINO;CAJAMARCA;CONTUMAZA;5
731;2024;NOVIEMBRE;NACIMIENTO;FEMENINO;CAJAMARCA;CUTERVO;9
732;2024;NOVIEMBRE;NACIMIENTO;FEMENINO;CAJAMARCA;HUALGAYOC;10
733;2024;NOVIEMBRE;NACIMIENTO;FEMENINO;CAJAMARCA;JAEN;24
734;2024;NOVIEMBRE;NACIMIENTO;FEMENINO;CAJAMARCA;SAN IGNACIO;23
735;2024;NOVIEMBRE;NACIMIENTO;FEMENINO;CAJAMARCA;SAN MARCOS;5
736;2024;NOVIEMBRE;NACIMIENTO;FEMENINO;CAJAMARCA;SAN MIGUEL;6
737;2024;NOVIEMBRE;NACIMIENTO;FEMENINO;CAJAMARCA;SAN PABLO;8
738;2024;NOVIEMBRE;NACIMIENTO;FEMENINO;CAJAMARCA;SANTA CRUZ;4
739;2024;NOVIEMBRE;NACIMIENTO;FEMENINO;CANADA;MONTREAL;1
740;2024;NOVIEMBRE;NACIMIENTO;FEMENINO;CANADA;ONTARIO;1
741;2024;NOVIEMBRE;NACIMIENTO;FEMENINO;CHILE;ARICA;2
742;2024;NOVIEMBRE;NACIMIENTO;FEMENINO;CHILE;COQUIMBO;1
743;2024;NOVIEMBRE;NACIMIENTO;FEMENINO;CHILE;IQUIQUE;1
744;2024;NOVIEMBRE;NACIMIENTO;FEMENINO;CHILE;LOS LAGOS;2
745;2024;NOVIEMBRE;NACIMIENTO;FEMENINO;CHILE;MAULE;1
746;2024;NOVIEMBRE;NACIMIENTO;FEMENINO;CHILE;O'HIGGINS;1
747;2024;NOVIEMBRE;NACIMIENTO;FEMENINO;CHILE;SANTIAGO;29
748;2024;NOVIEMBRE;NACIMIENTO;FEMENINO;CHILE;TARAPACA;1
749;2024;NOVIEMBRE;NACIMIENTO;FEMENINO;COLOMBIA;ANTIOQUIA;1
750;2024;NOVIEMBRE;NACIMIENTO;FEMENINO;COLOMBIA;CARTAGENA;1
751;2024;NOVIEMBRE;NACIMIENTO;FEMENINO;CUSCO;ACOMAYO;6
752;2024;NOVIEMBRE;NACIMIENTO;FEMENINO;CUSCO;ANTA;22
753;2024;NOVIEMBRE;NACIMIENTO;FEMENINO;CUSCO;CALCA;9
754;2024;NOVIEMBRE;NACIMIENTO;FEMENINO;CUSCO;CANAS;5
755;2024;NOVIEMBRE;NACIMIENTO;FEMENINO;CUSCO;CANCHIS;15
756;2024;NOVIEMBRE;NACIMIENTO;FEMENINO;CUSCO;CHUMBIVILCAS;10
757;2024;NOVIEMBRE;NACIMIENTO;FEMENINO;CUSCO;CUSCO;222
758;2024;NOVIEMBRE;NACIMIENTO;FEMENINO;CUSCO;ESPINAR;23
759;2024;NOVIEMBRE;NACIMIENTO;FEMENINO;CUSCO;LA CONVENCION;33
760;2024;NOVIEMBRE;NACIMIENTO;FEMENINO;CUSCO;PARURO;7
761;2024;NOVIEMBRE;NACIMIENTO;FEMENINO;CUSCO;PAUCARTAMBO;5
762;2024;NOVIEMBRE;NACIMIENTO;FEMENINO;CUSCO;QUISPICANCHI;21
763;2024;NOVIEMBRE;NACIMIENTO;FEMENINO;CUSCO;URUBAMBA;10
764;2024;NOVIEMBRE;NACIMIENTO;FEMENINO;DINAMARCA;COPENHAGUE;1
765;2024;NOVIEMBRE;NACIMIENTO;FEMENINO;ECUADOR;AZUAY;2
766;2024;NOVIEMBRE;NACIMIENTO;FEMENINO;ECUADOR;GUAYAQUIL;2
767;2024;NOVIEMBRE;NACIMIENTO;FEMENINO;ECUADOR;LOJA;2
768;2024;NOVIEMBRE;NACIMIENTO;FEMENINO;ESPAŃA;ALAVA;3
769;2024;NOVIEMBRE;NACIMIENTO;FEMENINO;ESPAŃA;ALMERIA;2
770;2024;NOVIEMBRE;NACIMIENTO;FEMENINO;ESPAŃA;AVILA;1
771;2024;NOVIEMBRE;NACIMIENTO;FEMENINO;ESPAŃA;BALEARES;1
772;2024;NOVIEMBRE;NACIMIENTO;FEMENINO;ESPAŃA;BARCELONA;35
773;2024;NOVIEMBRE;NACIMIENTO;FEMENINO;ESPAŃA;BILBAO;2
774;2024;NOVIEMBRE;NACIMIENTO;FEMENINO;ESPAŃA;BURGOS;1
775;2024;NOVIEMBRE;NACIMIENTO;FEMENINO;ESPAŃA;CADIZ;1
776;2024;NOVIEMBRE;NACIMIENTO;FEMENINO;ESPAŃA;CANTABRIA;4
777;2024;NOVIEMBRE;NACIMIENTO;FEMENINO;ESPAŃA;CORDOBA;2
778;2024;NOVIEMBRE;NACIMIENTO;FEMENINO;ESPAŃA;CUENCA;3
779;2024;NOVIEMBRE;NACIMIENTO;FEMENINO;ESPAŃA;GRANADA;1
780;2024;NOVIEMBRE;NACIMIENTO;FEMENINO;ESPAŃA;GUADALAJARA;9
781;2024;NOVIEMBRE;NACIMIENTO;FEMENINO;ESPAŃA;GUIPUZCOA;1
782;2024;NOVIEMBRE;NACIMIENTO;FEMENINO;ESPAŃA;HUESCA;1
783;2024;NOVIEMBRE;NACIMIENTO;FEMENINO;ESPAŃA;LA RIOJA;1
784;2024;NOVIEMBRE;NACIMIENTO;FEMENINO;ESPAŃA;LEON;2
785;2024;NOVIEMBRE;NACIMIENTO;FEMENINO;ESPAŃA;LUGO;1
786;2024;NOVIEMBRE;NACIMIENTO;FEMENINO;ESPAŃA;MADRID;57
787;2024;NOVIEMBRE;NACIMIENTO;FEMENINO;ESPAŃA;MALAGA;1
788;2024;NOVIEMBRE;NACIMIENTO;FEMENINO;ESPAŃA;MALLORCA;3
789;2024;NOVIEMBRE;NACIMIENTO;FEMENINO;ESPAŃA;MURCIA;2
790;2024;NOVIEMBRE;NACIMIENTO;FEMENINO;ESPAŃA;SALAMANCA;1
791;2024;NOVIEMBRE;NACIMIENTO;FEMENINO;ESPAŃA;SANTANDER;1
792;2024;NOVIEMBRE;NACIMIENTO;FEMENINO;ESPAŃA;SEVILLA;2
793;2024;NOVIEMBRE;NACIMIENTO;FEMENINO;ESPAŃA;TARRAGONA;1
794;2024;NOVIEMBRE;NACIMIENTO;FEMENINO;ESPAŃA;TERUEL;1
795;2024;NOVIEMBRE;NACIMIENTO;FEMENINO;ESPAŃA;TOLEDO;1
796;2024;NOVIEMBRE;NACIMIENTO;FEMENINO;ESPAŃA;VALENCIA;2
797;2024;NOVIEMBRE;NACIMIENTO;FEMENINO;ESPAŃA;VALLADOLID;2
798;2024;NOVIEMBRE;NACIMIENTO;FEMENINO;ESPAŃA;VIZCAYA;3
799;2024;NOVIEMBRE;NACIMIENTO;FEMENINO;ESPAŃA;ZARAGOZA;3
800;2024;NOVIEMBRE;NACIMIENTO;FEMENINO;ESTADOS UNIDOS DE AMERICA;ALABAMA;2
801;2024;NOVIEMBRE;NACIMIENTO;FEMENINO;ESTADOS UNIDOS DE AMERICA;ARKANSAS;1
802;2024;NOVIEMBRE;NACIMIENTO;FEMENINO;ESTADOS UNIDOS DE AMERICA;BALTIMORE;1
803;2024;NOVIEMBRE;NACIMIENTO;FEMENINO;ESTADOS UNIDOS DE AMERICA;BOSTON;1
804;2024;NOVIEMBRE;NACIMIENTO;FEMENINO;ESTADOS UNIDOS DE AMERICA;CALIFORNIA;3
805;2024;NOVIEMBRE;NACIMIENTO;FEMENINO;ESTADOS UNIDOS DE AMERICA;CAROLINA DEL SUR;2
806;2024;NOVIEMBRE;NACIMIENTO;FEMENINO;ESTADOS UNIDOS DE AMERICA;COLORADO;1
807;2024;NOVIEMBRE;NACIMIENTO;FEMENINO;ESTADOS UNIDOS DE AMERICA;CONNECTICUT;4
808;2024;NOVIEMBRE;NACIMIENTO;FEMENINO;ESTADOS UNIDOS DE AMERICA;DALLAS;3
809;2024;NOVIEMBRE;NACIMIENTO;FEMENINO;ESTADOS UNIDOS DE AMERICA;FLORIDA;6
810;2024;NOVIEMBRE;NACIMIENTO;FEMENINO;ESTADOS UNIDOS DE AMERICA;GEORGIA;4
811;2024;NOVIEMBRE;NACIMIENTO;FEMENINO;ESTADOS UNIDOS DE AMERICA;HOUSTON;3
812;2024;NOVIEMBRE;NACIMIENTO;FEMENINO;ESTADOS UNIDOS DE AMERICA;IDAHO;1
813;2024;NOVIEMBRE;NACIMIENTO;FEMENINO;ESTADOS UNIDOS DE AMERICA;ILLINOIS;2
814;2024;NOVIEMBRE;NACIMIENTO;FEMENINO;ESTADOS UNIDOS DE AMERICA;KANSAS;1
815;2024;NOVIEMBRE;NACIMIENTO;FEMENINO;ESTADOS UNIDOS DE AMERICA;LOS ANGELES;16
816;2024;NOVIEMBRE;NACIMIENTO;FEMENINO;ESTADOS UNIDOS DE AMERICA;MARYLAND;6
817;2024;NOVIEMBRE;NACIMIENTO;FEMENINO;ESTADOS UNIDOS DE AMERICA;MASSACHUSETTS;2
818;2024;NOVIEMBRE;NACIMIENTO;FEMENINO;ESTADOS UNIDOS DE AMERICA;MIAMI;10
819;2024;NOVIEMBRE;NACIMIENTO;FEMENINO;ESTADOS UNIDOS DE AMERICA;MISSISSIPPI;1
820;2024;NOVIEMBRE;NACIMIENTO;FEMENINO;ESTADOS UNIDOS DE AMERICA;NUEVA JERSEY;35
821;2024;NOVIEMBRE;NACIMIENTO;FEMENINO;ESTADOS UNIDOS DE AMERICA;NUEVA YORK;24
822;2024;NOVIEMBRE;NACIMIENTO;FEMENINO;ESTADOS UNIDOS DE AMERICA;OKLAHOMA;1
823;2024;NOVIEMBRE;NACIMIENTO;FEMENINO;ESTADOS UNIDOS DE AMERICA;ORLANDO;1
824;2024;NOVIEMBRE;NACIMIENTO;FEMENINO;ESTADOS UNIDOS DE AMERICA;SAN ANTONIO;1
825;2024;NOVIEMBRE;NACIMIENTO;FEMENINO;ESTADOS UNIDOS DE AMERICA;SAN DIEGO;2
826;2024;NOVIEMBRE;NACIMIENTO;FEMENINO;ESTADOS UNIDOS DE AMERICA;SAN FRANCISCO;7
827;2024;NOVIEMBRE;NACIMIENTO;FEMENINO;ESTADOS UNIDOS DE AMERICA;SEATLE;2
828;2024;NOVIEMBRE;NACIMIENTO;FEMENINO;ESTADOS UNIDOS DE AMERICA;TAMPA;2
829;2024;NOVIEMBRE;NACIMIENTO;FEMENINO;ESTADOS UNIDOS DE AMERICA;TENNESSEE;1
830;2024;NOVIEMBRE;NACIMIENTO;FEMENINO;ESTADOS UNIDOS DE AMERICA;TEXAS;2
831;2024;NOVIEMBRE;NACIMIENTO;FEMENINO;ESTADOS UNIDOS DE AMERICA;UTAH;2
832;2024;NOVIEMBRE;NACIMIENTO;FEMENINO;ESTADOS UNIDOS DE AMERICA;VERMONT;1
833;2024;NOVIEMBRE;NACIMIENTO;FEMENINO;ESTADOS UNIDOS DE AMERICA;VIRGINIA;13
834;2024;NOVIEMBRE;NACIMIENTO;FEMENINO;ESTADOS UNIDOS DE AMERICA;WASHINGTON;1
835;2024;NOVIEMBRE;NACIMIENTO;FEMENINO;FRANCIA;CHAMPAŃA Y ARDENA;1
836;2024;NOVIEMBRE;NACIMIENTO;FEMENINO;FRANCIA;GUAYANA FRANCESA CAYENA;1
837;2024;NOVIEMBRE;NACIMIENTO;FEMENINO;FRANCIA;ILE DE FRANCE;4
838;2024;NOVIEMBRE;NACIMIENTO;FEMENINO;FRANCIA;ISLA DE FRANCIA;3
839;2024;NOVIEMBRE;NACIMIENTO;FEMENINO;FRANCIA;LANGUEDOC-ROUSSILLON;1
840;2024;NOVIEMBRE;NACIMIENTO;FEMENINO;FRANCIA;PARIS;1
841;2024;NOVIEMBRE;NACIMIENTO;FEMENINO;FRANCIA;PIRINEOS MERIDIONALES;1
842;2024;NOVIEMBRE;NACIMIENTO;FEMENINO;GRAN BRETAŃA;LONDRES;1
843;2024;NOVIEMBRE;NACIMIENTO;FEMENINO;HOLANDA;AMSTERDAM;2
844;2024;NOVIEMBRE;NACIMIENTO;FEMENINO;HUANCAVELICA;ACOBAMBA;4
845;2024;NOVIEMBRE;NACIMIENTO;FEMENINO;HUANCAVELICA;ANGARAES;9
846;2024;NOVIEMBRE;NACIMIENTO;FEMENINO;HUANCAVELICA;CASTROVIRREYNA;4
847;2024;NOVIEMBRE;NACIMIENTO;FEMENINO;HUANCAVELICA;CHURCAMPA;16
848;2024;NOVIEMBRE;NACIMIENTO;FEMENINO;HUANCAVELICA;HUANCAVELICA;26
849;2024;NOVIEMBRE;NACIMIENTO;FEMENINO;HUANCAVELICA;HUAYTARA;18
850;2024;NOVIEMBRE;NACIMIENTO;FEMENINO;HUANCAVELICA;TAYACAJA;26
851;2024;NOVIEMBRE;NACIMIENTO;FEMENINO;HUANUCO;AMBO;5
852;2024;NOVIEMBRE;NACIMIENTO;FEMENINO;HUANUCO;DOS DE MAYO;11
853;2024;NOVIEMBRE;NACIMIENTO;FEMENINO;HUANUCO;HUACAYBAMBA;2
854;2024;NOVIEMBRE;NACIMIENTO;FEMENINO;HUANUCO;HUAMALIES;9
855;2024;NOVIEMBRE;NACIMIENTO;FEMENINO;HUANUCO;HUANUCO;52
856;2024;NOVIEMBRE;NACIMIENTO;FEMENINO;HUANUCO;LAURICOCHA;3
857;2024;NOVIEMBRE;NACIMIENTO;FEMENINO;HUANUCO;LEONCIO PRADO;95
858;2024;NOVIEMBRE;NACIMIENTO;FEMENINO;HUANUCO;MARAŃON;1
859;2024;NOVIEMBRE;NACIMIENTO;FEMENINO;HUANUCO;PACHITEA;3
860;2024;NOVIEMBRE;NACIMIENTO;FEMENINO;HUANUCO;PUERTO INCA;9
861;2024;NOVIEMBRE;NACIMIENTO;FEMENINO;HUANUCO;YAROWILCA;6
862;2024;NOVIEMBRE;NACIMIENTO;FEMENINO;ICA;CHINCHA;222
863;2024;NOVIEMBRE;NACIMIENTO;FEMENINO;ICA;ICA;602
864;2024;NOVIEMBRE;NACIMIENTO;FEMENINO;ICA;NASCA;74
865;2024;NOVIEMBRE;NACIMIENTO;FEMENINO;ICA;PALPA;9
866;2024;NOVIEMBRE;NACIMIENTO;FEMENINO;ICA;PISCO;121
867;2024;NOVIEMBRE;NACIMIENTO;FEMENINO;IRLANDA;TIPPERARY;1
868;2024;NOVIEMBRE;NACIMIENTO;FEMENINO;ITALIA;ASTI;1
869;2024;NOVIEMBRE;NACIMIENTO;FEMENINO;ITALIA;FLORENCIA;1
870;2024;NOVIEMBRE;NACIMIENTO;FEMENINO;ITALIA;GENOVA;2
871;2024;NOVIEMBRE;NACIMIENTO;FEMENINO;ITALIA;IMPERIA;1
872;2024;NOVIEMBRE;NACIMIENTO;FEMENINO;ITALIA;LACIO;4
873;2024;NOVIEMBRE;NACIMIENTO;FEMENINO;ITALIA;LOMBARDIA;2
874;2024;NOVIEMBRE;NACIMIENTO;FEMENINO;ITALIA;MARCAS;3
875;2024;NOVIEMBRE;NACIMIENTO;FEMENINO;ITALIA;MILAN;24
876;2024;NOVIEMBRE;NACIMIENTO;FEMENINO;ITALIA;NOVARA;1
877;2024;NOVIEMBRE;NACIMIENTO;FEMENINO;ITALIA;PERUGIA;2
878;2024;NOVIEMBRE;NACIMIENTO;FEMENINO;ITALIA;ROMA;20
879;2024;NOVIEMBRE;NACIMIENTO;FEMENINO;ITALIA;TRENTINO ALTO ADIGIO;1
880;2024;NOVIEMBRE;NACIMIENTO;FEMENINO;ITALIA;TURIN;6
881;2024;NOVIEMBRE;NACIMIENTO;FEMENINO;ITALIA;VARESE;2
882;2024;NOVIEMBRE;NACIMIENTO;FEMENINO;ITALIA;VENETO;1
883;2024;NOVIEMBRE;NACIMIENTO;FEMENINO;JAPON;AICHI;2
884;2024;NOVIEMBRE;NACIMIENTO;FEMENINO;JAPON;IBARAKI;2
885;2024;NOVIEMBRE;NACIMIENTO;FEMENINO;JAPON;KANAGAWA;2
886;2024;NOVIEMBRE;NACIMIENTO;FEMENINO;JAPON;TOCHIGI;1
887;2024;NOVIEMBRE;NACIMIENTO;FEMENINO;JUNIN;CHANCHAMAYO;24
888;2024;NOVIEMBRE;NACIMIENTO;FEMENINO;JUNIN;CHUPACA;24
889;2024;NOVIEMBRE;NACIMIENTO;FEMENINO;JUNIN;CONCEPCION;19
890;2024;NOVIEMBRE;NACIMIENTO;FEMENINO;JUNIN;HUANCAYO;311
891;2024;NOVIEMBRE;NACIMIENTO;FEMENINO;JUNIN;JAUJA;22
892;2024;NOVIEMBRE;NACIMIENTO;FEMENINO;JUNIN;JUNIN;1
893;2024;NOVIEMBRE;NACIMIENTO;FEMENINO;JUNIN;SATIPO;25
894;2024;NOVIEMBRE;NACIMIENTO;FEMENINO;JUNIN;TARMA;14
895;2024;NOVIEMBRE;NACIMIENTO;FEMENINO;JUNIN;YAULI;3
896;2024;NOVIEMBRE;NACIMIENTO;FEMENINO;LA LIBERTAD;ASCOPE;60
897;2024;NOVIEMBRE;NACIMIENTO;FEMENINO;LA LIBERTAD;BOLIVAR;2
898;2024;NOVIEMBRE;NACIMIENTO;FEMENINO;LA LIBERTAD;CHEPEN;21
899;2024;NOVIEMBRE;NACIMIENTO;FEMENINO;LA LIBERTAD;GRAN CHIMU;3
900;2024;NOVIEMBRE;NACIMIENTO;FEMENINO;LA LIBERTAD;JULCAN;2
901;2024;NOVIEMBRE;NACIMIENTO;FEMENINO;LA LIBERTAD;OTUZCO;11
902;2024;NOVIEMBRE;NACIMIENTO;FEMENINO;LA LIBERTAD;PACASMAYO;28
903;2024;NOVIEMBRE;NACIMIENTO;FEMENINO;LA LIBERTAD;PATAZ;27
904;2024;NOVIEMBRE;NACIMIENTO;FEMENINO;LA LIBERTAD;SANCHEZ CARRION;18
905;2024;NOVIEMBRE;NACIMIENTO;FEMENINO;LA LIBERTAD;SANTIAGO DE CHUCO;12
906;2024;NOVIEMBRE;NACIMIENTO;FEMENINO;LA LIBERTAD;TRUJILLO;914
907;2024;NOVIEMBRE;NACIMIENTO;FEMENINO;LA LIBERTAD;VIRU;33
908;2024;NOVIEMBRE;NACIMIENTO;FEMENINO;LAMBAYEQUE;CHICLAYO;1124
909;2024;NOVIEMBRE;NACIMIENTO;FEMENINO;LAMBAYEQUE;FERREŃAFE;37
910;2024;NOVIEMBRE;NACIMIENTO;FEMENINO;LAMBAYEQUE;LAMBAYEQUE;113
911;2024;NOVIEMBRE;NACIMIENTO;FEMENINO;LIMA;BARRANCA;326
912;2024;NOVIEMBRE;NACIMIENTO;FEMENINO;LIMA;CAJATAMBO;1
913;2024;NOVIEMBRE;NACIMIENTO;FEMENINO;LIMA;CANTA;11
914;2024;NOVIEMBRE;NACIMIENTO;FEMENINO;LIMA;CAŃETE;136
915;2024;NOVIEMBRE;NACIMIENTO;FEMENINO;LIMA;HUARAL;79
916;2024;NOVIEMBRE;NACIMIENTO;FEMENINO;LIMA;HUAROCHIRI;88
917;2024;NOVIEMBRE;NACIMIENTO;FEMENINO;LIMA;HUAURA;108
918;2024;NOVIEMBRE;NACIMIENTO;FEMENINO;LIMA;LIMA;13709
919;2024;NOVIEMBRE;NACIMIENTO;FEMENINO;LIMA;OYON;1
920;2024;NOVIEMBRE;NACIMIENTO;FEMENINO;LIMA;YAUYOS;11
921;2024;NOVIEMBRE;NACIMIENTO;FEMENINO;LORETO;ALTO AMAZONAS;21
922;2024;NOVIEMBRE;NACIMIENTO;FEMENINO;LORETO;DATEM DEL MARAŃON;5
923;2024;NOVIEMBRE;NACIMIENTO;FEMENINO;LORETO;LORETO;13
924;2024;NOVIEMBRE;NACIMIENTO;FEMENINO;LORETO;MARISCAL RAMON CASTILLA;7
925;2024;NOVIEMBRE;NACIMIENTO;FEMENINO;LORETO;MAYNAS;415
926;2024;NOVIEMBRE;NACIMIENTO;FEMENINO;LORETO;PUTUMAYO;2
927;2024;NOVIEMBRE;NACIMIENTO;FEMENINO;LORETO;REQUENA;9
928;2024;NOVIEMBRE;NACIMIENTO;FEMENINO;LORETO;UCAYALI;7
929;2024;NOVIEMBRE;NACIMIENTO;FEMENINO;MADRE DE DIOS;MANU;10
930;2024;NOVIEMBRE;NACIMIENTO;FEMENINO;MADRE DE DIOS;TAHUAMANU;4
931;2024;NOVIEMBRE;NACIMIENTO;FEMENINO;MADRE DE DIOS;TAMBOPATA;135
932;2024;NOVIEMBRE;NACIMIENTO;FEMENINO;MEXICO;CIUDAD DE MEXICO;1
933;2024;NOVIEMBRE;NACIMIENTO;FEMENINO;MOQUEGUA;GENERAL SANCHEZ CERRO;11
934;2024;NOVIEMBRE;NACIMIENTO;FEMENINO;MOQUEGUA;ILO;30
935;2024;NOVIEMBRE;NACIMIENTO;FEMENINO;MOQUEGUA;MARISCAL NIETO;36
936;2024;NOVIEMBRE;NACIMIENTO;FEMENINO;PASCO;OXAPAMPA;18
937;2024;NOVIEMBRE;NACIMIENTO;FEMENINO;PASCO;PASCO;24
938;2024;NOVIEMBRE;NACIMIENTO;FEMENINO;PIURA;AYABACA;42
939;2024;NOVIEMBRE;NACIMIENTO;FEMENINO;PIURA;HUANCABAMBA;21
940;2024;NOVIEMBRE;NACIMIENTO;FEMENINO;PIURA;MORROPON;42
941;2024;NOVIEMBRE;NACIMIENTO;FEMENINO;PIURA;PAITA;66
942;2024;NOVIEMBRE;NACIMIENTO;FEMENINO;PIURA;PIURA;1303
943;2024;NOVIEMBRE;NACIMIENTO;FEMENINO;PIURA;SECHURA;21
944;2024;NOVIEMBRE;NACIMIENTO;FEMENINO;PIURA;SULLANA;230
945;2024;NOVIEMBRE;NACIMIENTO;FEMENINO;PIURA;TALARA;104
946;2024;NOVIEMBRE;NACIMIENTO;FEMENINO;PUERTO RICO;SAN JUAN;1
947;2024;NOVIEMBRE;NACIMIENTO;FEMENINO;PUNO;AZANGARO;15
948;2024;NOVIEMBRE;NACIMIENTO;FEMENINO;PUNO;CARABAYA;4
949;2024;NOVIEMBRE;NACIMIENTO;FEMENINO;PUNO;CHUCUITO;9
950;2024;NOVIEMBRE;NACIMIENTO;FEMENINO;PUNO;EL COLLAO;13
951;2024;NOVIEMBRE;NACIMIENTO;FEMENINO;PUNO;HUANCANE;7
952;2024;NOVIEMBRE;NACIMIENTO;FEMENINO;PUNO;LAMPA;4
953;2024;NOVIEMBRE;NACIMIENTO;FEMENINO;PUNO;MELGAR;6
954;2024;NOVIEMBRE;NACIMIENTO;FEMENINO;PUNO;MOHO;1
955;2024;NOVIEMBRE;NACIMIENTO;FEMENINO;PUNO;PUNO;46
956;2024;NOVIEMBRE;NACIMIENTO;FEMENINO;PUNO;SAN ANTONIO DE PUTINA;2
957;2024;NOVIEMBRE;NACIMIENTO;FEMENINO;PUNO;SAN ROMAN;75
958;2024;NOVIEMBRE;NACIMIENTO;FEMENINO;PUNO;SANDIA;2
959;2024;NOVIEMBRE;NACIMIENTO;FEMENINO;PUNO;YUNGUYO;5
960;2024;NOVIEMBRE;NACIMIENTO;FEMENINO;REPUBLICA DE PANAMA;PANAMA;1
961;2024;NOVIEMBRE;NACIMIENTO;FEMENINO;SAN MARTIN;BELLAVISTA;3
962;2024;NOVIEMBRE;NACIMIENTO;FEMENINO;SAN MARTIN;EL DORADO;5
963;2024;NOVIEMBRE;NACIMIENTO;FEMENINO;SAN MARTIN;HUALLAGA;3
964;2024;NOVIEMBRE;NACIMIENTO;FEMENINO;SAN MARTIN;LAMAS;10
965;2024;NOVIEMBRE;NACIMIENTO;FEMENINO;SAN MARTIN;MARISCAL CACERES;23
966;2024;NOVIEMBRE;NACIMIENTO;FEMENINO;SAN MARTIN;MOYOBAMBA;22
967;2024;NOVIEMBRE;NACIMIENTO;FEMENINO;SAN MARTIN;PICOTA;5
968;2024;NOVIEMBRE;NACIMIENTO;FEMENINO;SAN MARTIN;RIOJA;15
969;2024;NOVIEMBRE;NACIMIENTO;FEMENINO;SAN MARTIN;SAN MARTIN;86
970;2024;NOVIEMBRE;NACIMIENTO;FEMENINO;SAN MARTIN;TOCACHE;7
971;2024;NOVIEMBRE;NACIMIENTO;FEMENINO;SUECIA;ESTOCOLMO;4
972;2024;NOVIEMBRE;NACIMIENTO;FEMENINO;SUIZA;ZURICH;2
973;2024;NOVIEMBRE;NACIMIENTO;FEMENINO;TACNA;CANDARAVE;4
974;2024;NOVIEMBRE;NACIMIENTO;FEMENINO;TACNA;JORGE BASADRE;9
975;2024;NOVIEMBRE;NACIMIENTO;FEMENINO;TACNA;TACNA;216
976;2024;NOVIEMBRE;NACIMIENTO;FEMENINO;TACNA;TARATA;5
977;2024;NOVIEMBRE;NACIMIENTO;FEMENINO;TUMBES;CONTRALMIRANTE VILLAR;14
978;2024;NOVIEMBRE;NACIMIENTO;FEMENINO;TUMBES;TUMBES;93
979;2024;NOVIEMBRE;NACIMIENTO;FEMENINO;TUMBES;ZARUMILLA;7
980;2024;NOVIEMBRE;NACIMIENTO;FEMENINO;UCAYALI;ATALAYA;5
981;2024;NOVIEMBRE;NACIMIENTO;FEMENINO;UCAYALI;CORONEL PORTILLO;248
982;2024;NOVIEMBRE;NACIMIENTO;FEMENINO;UCAYALI;PADRE ABAD;11
983;2024;NOVIEMBRE;NACIMIENTO;FEMENINO;UCAYALI;PURUS;2
984;2024;NOVIEMBRE;NACIMIENTO;FEMENINO;VENEZUELA;CARABOBO;1
985;2024;NOVIEMBRE;NACIMIENTO;FEMENINO;VENEZUELA;CARACAS;1
986;2024;NOVIEMBRE;NACIMIENTO;FEMENINO;VENEZUELA;MIRANDA;1
987;2024;NOVIEMBRE;NACIMIENTO;FEMENINO;;CALLAO;1083
988;2024;NOVIEMBRE;NACIMIENTO;MASCULINO;ALEMANIA;BADEN-WÜRTTEMBERG;1
989;2024;NOVIEMBRE;NACIMIENTO;MASCULINO;ALEMANIA;BAJA SAJONIA;1
990;2024;NOVIEMBRE;NACIMIENTO;MASCULINO;ALEMANIA;HAMBURGO;1
991;2024;NOVIEMBRE;NACIMIENTO;MASCULINO;ALEMANIA;HESSEN;1
992;2024;NOVIEMBRE;NACIMIENTO;MASCULINO;ALEMANIA;MECKLEMBURGO-VORPOMMERN;1
993;2024;NOVIEMBRE;NACIMIENTO;MASCULINO;ALEMANIA;RENANIA DEL NORTE-WESTFA;1
994;2024;NOVIEMBRE;NACIMIENTO;MASCULINO;ALEMANIA;STUTTGART;1
995;2024;NOVIEMBRE;NACIMIENTO;MASCULINO;AMAZONAS;BAGUA;5
996;2024;NOVIEMBRE;NACIMIENTO;MASCULINO;AMAZONAS;BONGARA;5
997;2024;NOVIEMBRE;NACIMIENTO;MASCULINO;AMAZONAS;CHACHAPOYAS;21
998;2024;NOVIEMBRE;NACIMIENTO;MASCULINO;AMAZONAS;LUYA;4
999;2024;NOVIEMBRE;NACIMIENTO;MASCULINO;AMAZONAS;RODRIGUEZ DE MENDOZA;9
1000;2024;NOVIEMBRE;NACIMIENTO;MASCULINO;AMAZONAS;UTCUBAMBA;10
1001;2024;NOVIEMBRE;NACIMIENTO;MASCULINO;ANCASH;ANTONIO RAIMONDI;4
1002;2024;NOVIEMBRE;NACIMIENTO;MASCULINO;ANCASH;BOLOGNESI;4
1003;2024;NOVIEMBRE;NACIMIENTO;MASCULINO;ANCASH;CARHUAZ;7
1004;2024;NOVIEMBRE;NACIMIENTO;MASCULINO;ANCASH;CASMA;11
1005;2024;NOVIEMBRE;NACIMIENTO;MASCULINO;ANCASH;HUARAZ;29
1006;2024;NOVIEMBRE;NACIMIENTO;MASCULINO;ANCASH;HUARI;23
1007;2024;NOVIEMBRE;NACIMIENTO;MASCULINO;ANCASH;HUARMEY;4
1008;2024;NOVIEMBRE;NACIMIENTO;MASCULINO;ANCASH;HUAYLAS;11
1009;2024;NOVIEMBRE;NACIMIENTO;MASCULINO;ANCASH;MARISCAL LUZURIAGA;5
1010;2024;NOVIEMBRE;NACIMIENTO;MASCULINO;ANCASH;OCROS;1
1011;2024;NOVIEMBRE;NACIMIENTO;MASCULINO;ANCASH;PALLASCA;4
1012;2024;NOVIEMBRE;NACIMIENTO;MASCULINO;ANCASH;RECUAY;8
1013;2024;NOVIEMBRE;NACIMIENTO;MASCULINO;ANCASH;SANTA;303
1014;2024;NOVIEMBRE;NACIMIENTO;MASCULINO;ANCASH;SIHUAS;5
1015;2024;NOVIEMBRE;NACIMIENTO;MASCULINO;ANCASH;YUNGAY;6
1016;2024;NOVIEMBRE;NACIMIENTO;MASCULINO;APURIMAC;ABANCAY;25
1017;2024;NOVIEMBRE;NACIMIENTO;MASCULINO;APURIMAC;ANDAHUAYLAS;8
1018;2024;NOVIEMBRE;NACIMIENTO;MASCULINO;APURIMAC;AYMARAES;8
1019;2024;NOVIEMBRE;NACIMIENTO;MASCULINO;APURIMAC;CHINCHEROS;6
1020;2024;NOVIEMBRE;NACIMIENTO;MASCULINO;APURIMAC;COTABAMBAS;13
1021;2024;NOVIEMBRE;NACIMIENTO;MASCULINO;APURIMAC;GRAU;1
1022;2024;NOVIEMBRE;NACIMIENTO;MASCULINO;AREQUIPA;AREQUIPA;694
1023;2024;NOVIEMBRE;NACIMIENTO;MASCULINO;AREQUIPA;CAMANA;17
1024;2024;NOVIEMBRE;NACIMIENTO;MASCULINO;AREQUIPA;CARAVELI;7
1025;2024;NOVIEMBRE;NACIMIENTO;MASCULINO;AREQUIPA;CASTILLA;4
1026;2024;NOVIEMBRE;NACIMIENTO;MASCULINO;AREQUIPA;CAYLLOMA;22
1027;2024;NOVIEMBRE;NACIMIENTO;MASCULINO;AREQUIPA;CONDESUYOS;1
1028;2024;NOVIEMBRE;NACIMIENTO;MASCULINO;AREQUIPA;ISLAY;27
1029;2024;NOVIEMBRE;NACIMIENTO;MASCULINO;AREQUIPA;LA UNION;1
1030;2024;NOVIEMBRE;NACIMIENTO;MASCULINO;ARGENTINA;BUENOS AIRES;12
1031;2024;NOVIEMBRE;NACIMIENTO;MASCULINO;ARGENTINA;CORDOBA;1
1032;2024;NOVIEMBRE;NACIMIENTO;MASCULINO;ARGENTINA;LA PLATA;1
1033;2024;NOVIEMBRE;NACIMIENTO;MASCULINO;ARGENTINA;MENDOZA;1
1034;2024;NOVIEMBRE;NACIMIENTO;MASCULINO;AUSTRALIA;NUEVA GALES DEL SUR;1
1035;2024;NOVIEMBRE;NACIMIENTO;MASCULINO;AUSTRIA;VIENA;1
1036;2024;NOVIEMBRE;NACIMIENTO;MASCULINO;AYACUCHO;CANGALLO;15
1037;2024;NOVIEMBRE;NACIMIENTO;MASCULINO;AYACUCHO;HUAMANGA;39
1038;2024;NOVIEMBRE;NACIMIENTO;MASCULINO;AYACUCHO;HUANTA;3
1039;2024;NOVIEMBRE;NACIMIENTO;MASCULINO;AYACUCHO;LA MAR;3
1040;2024;NOVIEMBRE;NACIMIENTO;MASCULINO;AYACUCHO;LUCANAS;10
1041;2024;NOVIEMBRE;NACIMIENTO;MASCULINO;AYACUCHO;PARINACOCHAS;6
1042;2024;NOVIEMBRE;NACIMIENTO;MASCULINO;AYACUCHO;SUCRE;3
1043;2024;NOVIEMBRE;NACIMIENTO;MASCULINO;AYACUCHO;VICTOR FAJARDO;5
1044;2024;NOVIEMBRE;NACIMIENTO;MASCULINO;BELGICA;AMBERES;2
1045;2024;NOVIEMBRE;NACIMIENTO;MASCULINO;BOLIVIA;SANTA CRUZ;1
1046;2024;NOVIEMBRE;NACIMIENTO;MASCULINO;BRASIL;RIO DE JANEIRO;2
1047;2024;NOVIEMBRE;NACIMIENTO;MASCULINO;BRASIL;SAO PAULO;1
1048;2024;NOVIEMBRE;NACIMIENTO;MASCULINO;CAJAMARCA;CAJABAMBA;16
1049;2024;NOVIEMBRE;NACIMIENTO;MASCULINO;CAJAMARCA;CAJAMARCA;200
1050;2024;NOVIEMBRE;NACIMIENTO;MASCULINO;CAJAMARCA;CELENDIN;12
1051;2024;NOVIEMBRE;NACIMIENTO;MASCULINO;CAJAMARCA;CHOTA;13
1052;2024;NOVIEMBRE;NACIMIENTO;MASCULINO;CAJAMARCA;CONTUMAZA;3
1053;2024;NOVIEMBRE;NACIMIENTO;MASCULINO;CAJAMARCA;CUTERVO;14
1054;2024;NOVIEMBRE;NACIMIENTO;MASCULINO;CAJAMARCA;HUALGAYOC;8
1055;2024;NOVIEMBRE;NACIMIENTO;MASCULINO;CAJAMARCA;JAEN;23
1056;2024;NOVIEMBRE;NACIMIENTO;MASCULINO;CAJAMARCA;SAN IGNACIO;42
1057;2024;NOVIEMBRE;NACIMIENTO;MASCULINO;CAJAMARCA;SAN MARCOS;4
1058;2024;NOVIEMBRE;NACIMIENTO;MASCULINO;CAJAMARCA;SAN MIGUEL;5
1059;2024;NOVIEMBRE;NACIMIENTO;MASCULINO;CAJAMARCA;SAN PABLO;3
1060;2024;NOVIEMBRE;NACIMIENTO;MASCULINO;CAJAMARCA;SANTA CRUZ;3
1061;2024;NOVIEMBRE;NACIMIENTO;MASCULINO;CANADA;MONTREAL;3
1062;2024;NOVIEMBRE;NACIMIENTO;MASCULINO;CANADA;ONTARIO;4
1063;2024;NOVIEMBRE;NACIMIENTO;MASCULINO;CANADA;VANCOUVER;1
1064;2024;NOVIEMBRE;NACIMIENTO;MASCULINO;CHILE;ARICA;6
1065;2024;NOVIEMBRE;NACIMIENTO;MASCULINO;CHILE;ATACAMA;1
1066;2024;NOVIEMBRE;NACIMIENTO;MASCULINO;CHILE;BIOBIO;1
1067;2024;NOVIEMBRE;NACIMIENTO;MASCULINO;CHILE;COQUIMBO;1
1068;2024;NOVIEMBRE;NACIMIENTO;MASCULINO;CHILE;IQUIQUE;1
1069;2024;NOVIEMBRE;NACIMIENTO;MASCULINO;CHILE;LA ARAUCANIA;1
1070;2024;NOVIEMBRE;NACIMIENTO;MASCULINO;CHILE;SANTIAGO;25
1071;2024;NOVIEMBRE;NACIMIENTO;MASCULINO;CHILE;TARAPACA;1
1072;2024;NOVIEMBRE;NACIMIENTO;MASCULINO;CHILE;VALPARAISO;1
1073;2024;NOVIEMBRE;NACIMIENTO;MASCULINO;COLOMBIA;BOGOTA;3
1074;2024;NOVIEMBRE;NACIMIENTO;MASCULINO;COLOMBIA;MEDELLIN;2
1075;2024;NOVIEMBRE;NACIMIENTO;MASCULINO;CUSCO;ACOMAYO;5
1076;2024;NOVIEMBRE;NACIMIENTO;MASCULINO;CUSCO;ANTA;19
1077;2024;NOVIEMBRE;NACIMIENTO;MASCULINO;CUSCO;CALCA;1
1078;2024;NOVIEMBRE;NACIMIENTO;MASCULINO;CUSCO;CANCHIS;7
1079;2024;NOVIEMBRE;NACIMIENTO;MASCULINO;CUSCO;CHUMBIVILCAS;3
1080;2024;NOVIEMBRE;NACIMIENTO;MASCULINO;CUSCO;CUSCO;132
1081;2024;NOVIEMBRE;NACIMIENTO;MASCULINO;CUSCO;ESPINAR;15
1082;2024;NOVIEMBRE;NACIMIENTO;MASCULINO;CUSCO;LA CONVENCION;24
1083;2024;NOVIEMBRE;NACIMIENTO;MASCULINO;CUSCO;PARURO;5
1084;2024;NOVIEMBRE;NACIMIENTO;MASCULINO;CUSCO;PAUCARTAMBO;3
1085;2024;NOVIEMBRE;NACIMIENTO;MASCULINO;CUSCO;QUISPICANCHI;6
1086;2024;NOVIEMBRE;NACIMIENTO;MASCULINO;CUSCO;URUBAMBA;10
1087;2024;NOVIEMBRE;NACIMIENTO;MASCULINO;ECUADOR;AZUAY;1
1088;2024;NOVIEMBRE;NACIMIENTO;MASCULINO;ECUADOR;GUAYAQUIL;4
1089;2024;NOVIEMBRE;NACIMIENTO;MASCULINO;EL SALVADOR;SAN SALVADOR;1
1090;2024;NOVIEMBRE;NACIMIENTO;MASCULINO;ESPAŃA;AVILA;1
1091;2024;NOVIEMBRE;NACIMIENTO;MASCULINO;ESPAŃA;BADAJOZ;1
1092;2024;NOVIEMBRE;NACIMIENTO;MASCULINO;ESPAŃA;BALEARES;4
1093;2024;NOVIEMBRE;NACIMIENTO;MASCULINO;ESPAŃA;BARCELONA;19
1094;2024;NOVIEMBRE;NACIMIENTO;MASCULINO;ESPAŃA;CANTABRIA;3
1095;2024;NOVIEMBRE;NACIMIENTO;MASCULINO;ESPAŃA;LAS PALMAS;1
1096;2024;NOVIEMBRE;NACIMIENTO;MASCULINO;ESPAŃA;MADRID;43
1097;2024;NOVIEMBRE;NACIMIENTO;MASCULINO;ESPAŃA;NAVARRA;1
1098;2024;NOVIEMBRE;NACIMIENTO;MASCULINO;ESPAŃA;SEGOVIA;1
1099;2024;NOVIEMBRE;NACIMIENTO;MASCULINO;ESPAŃA;VALENCIA;2
1100;2024;NOVIEMBRE;NACIMIENTO;MASCULINO;ESPAŃA;ZARAGOZA;1
1101;2024;NOVIEMBRE;NACIMIENTO;MASCULINO;ESTADOS UNIDOS DE AMERICA;AUSTIN;9
1102;2024;NOVIEMBRE;NACIMIENTO;MASCULINO;ESTADOS UNIDOS DE AMERICA;CAROLINA DEL NORTE;2
1103;2024;NOVIEMBRE;NACIMIENTO;MASCULINO;ESTADOS UNIDOS DE AMERICA;CAROLINA DEL SUR;1
1104;2024;NOVIEMBRE;NACIMIENTO;MASCULINO;ESTADOS UNIDOS DE AMERICA;CONNECTICUT;6
1105;2024;NOVIEMBRE;NACIMIENTO;MASCULINO;ESTADOS UNIDOS DE AMERICA;DALLAS;2
1106;2024;NOVIEMBRE;NACIMIENTO;MASCULINO;ESTADOS UNIDOS DE AMERICA;DELAWARE;1
1107;2024;NOVIEMBRE;NACIMIENTO;MASCULINO;ESTADOS UNIDOS DE AMERICA;FLORIDA;8
1108;2024;NOVIEMBRE;NACIMIENTO;MASCULINO;ESTADOS UNIDOS DE AMERICA;FORT LAUDERDALE;1
1109;2024;NOVIEMBRE;NACIMIENTO;MASCULINO;ESTADOS UNIDOS DE AMERICA;GEORGIA;4
1110;2024;NOVIEMBRE;NACIMIENTO;MASCULINO;ESTADOS UNIDOS DE AMERICA;HOUSTON;6
1111;2024;NOVIEMBRE;NACIMIENTO;MASCULINO;ESTADOS UNIDOS DE AMERICA;ILLINOIS;3
1112;2024;NOVIEMBRE;NACIMIENTO;MASCULINO;ESTADOS UNIDOS DE AMERICA;LOS ANGELES;11
1113;2024;NOVIEMBRE;NACIMIENTO;MASCULINO;ESTADOS UNIDOS DE AMERICA;MARYLAND;4
1114;2024;NOVIEMBRE;NACIMIENTO;MASCULINO;ESTADOS UNIDOS DE AMERICA;MASSACHUSETTS;2
1115;2024;NOVIEMBRE;NACIMIENTO;MASCULINO;ESTADOS UNIDOS DE AMERICA;MIAMI;13
1116;2024;NOVIEMBRE;NACIMIENTO;MASCULINO;ESTADOS UNIDOS DE AMERICA;MISSOURI;1
1117;2024;NOVIEMBRE;NACIMIENTO;MASCULINO;ESTADOS UNIDOS DE AMERICA;NUEVA JERSEY;14
1118;2024;NOVIEMBRE;NACIMIENTO;MASCULINO;ESTADOS UNIDOS DE AMERICA;NUEVA YORK;12
1119;2024;NOVIEMBRE;NACIMIENTO;MASCULINO;ESTADOS UNIDOS DE AMERICA;PENNSYLVANIA;1
1120;2024;NOVIEMBRE;NACIMIENTO;MASCULINO;ESTADOS UNIDOS DE AMERICA;SAN ANTONIO;1
1121;2024;NOVIEMBRE;NACIMIENTO;MASCULINO;ESTADOS UNIDOS DE AMERICA;SAN FRANCISCO;5
1122;2024;NOVIEMBRE;NACIMIENTO;MASCULINO;ESTADOS UNIDOS DE AMERICA;TEXAS;1
1123;2024;NOVIEMBRE;NACIMIENTO;MASCULINO;ESTADOS UNIDOS DE AMERICA;UTAH;3
1124;2024;NOVIEMBRE;NACIMIENTO;MASCULINO;ESTADOS UNIDOS DE AMERICA;VIRGINIA;6
1125;2024;NOVIEMBRE;NACIMIENTO;MASCULINO;FINLANDIA;UUSIMAA;1
1126;2024;NOVIEMBRE;NACIMIENTO;MASCULINO;FRANCIA;ALTAFRANCIA;1
1127;2024;NOVIEMBRE;NACIMIENTO;MASCULINO;FRANCIA;ILE DE FRANCE;1
1128;2024;NOVIEMBRE;NACIMIENTO;MASCULINO;FRANCIA;ISLA DE FRANCIA;1
1129;2024;NOVIEMBRE;NACIMIENTO;MASCULINO;FRANCIA;MONTPELLIER;1
1130;2024;NOVIEMBRE;NACIMIENTO;MASCULINO;FRANCIA;NORTE PASO DE CALAIS;1
1131;2024;NOVIEMBRE;NACIMIENTO;MASCULINO;FRANCIA;TOULOUSE;2
1132;2024;NOVIEMBRE;NACIMIENTO;MASCULINO;GRAN BRETAŃA;LONDRES;3
1133;2024;NOVIEMBRE;NACIMIENTO;MASCULINO;GUATEMALA;QUETZALTENANGO;1
1134;2024;NOVIEMBRE;NACIMIENTO;MASCULINO;HOLANDA;FLEVOLAND;1
1135;2024;NOVIEMBRE;NACIMIENTO;MASCULINO;HUANCAVELICA;ACOBAMBA;3
1136;2024;NOVIEMBRE;NACIMIENTO;MASCULINO;HUANCAVELICA;ANGARAES;8
1137;2024;NOVIEMBRE;NACIMIENTO;MASCULINO;HUANCAVELICA;CASTROVIRREYNA;5
1138;2024;NOVIEMBRE;NACIMIENTO;MASCULINO;HUANCAVELICA;CHURCAMPA;20
1139;2024;NOVIEMBRE;NACIMIENTO;MASCULINO;HUANCAVELICA;HUANCAVELICA;27
1140;2024;NOVIEMBRE;NACIMIENTO;MASCULINO;HUANCAVELICA;HUAYTARA;6
1141;2024;NOVIEMBRE;NACIMIENTO;MASCULINO;HUANCAVELICA;TAYACAJA;18
1142;2024;NOVIEMBRE;NACIMIENTO;MASCULINO;HUANUCO;AMBO;3
1143;2024;NOVIEMBRE;NACIMIENTO;MASCULINO;HUANUCO;DOS DE MAYO;10
1144;2024;NOVIEMBRE;NACIMIENTO;MASCULINO;HUANUCO;HUACAYBAMBA;1
1145;2024;NOVIEMBRE;NACIMIENTO;MASCULINO;HUANUCO;HUAMALIES;8
1146;2024;NOVIEMBRE;NACIMIENTO;MASCULINO;HUANUCO;HUANUCO;50
1147;2024;NOVIEMBRE;NACIMIENTO;MASCULINO;HUANUCO;LAURICOCHA;3
1148;2024;NOVIEMBRE;NACIMIENTO;MASCULINO;HUANUCO;LEONCIO PRADO;50
1149;2024;NOVIEMBRE;NACIMIENTO;MASCULINO;HUANUCO;MARAŃON;1
1150;2024;NOVIEMBRE;NACIMIENTO;MASCULINO;HUANUCO;PACHITEA;1
1151;2024;NOVIEMBRE;NACIMIENTO;MASCULINO;HUANUCO;PUERTO INCA;6
1152;2024;NOVIEMBRE;NACIMIENTO;MASCULINO;HUANUCO;YAROWILCA;9
1153;2024;NOVIEMBRE;NACIMIENTO;MASCULINO;ICA;CHINCHA;98
1154;2024;NOVIEMBRE;NACIMIENTO;MASCULINO;ICA;ICA;343
1155;2024;NOVIEMBRE;NACIMIENTO;MASCULINO;ICA;NASCA;45
1156;2024;NOVIEMBRE;NACIMIENTO;MASCULINO;ICA;PALPA;4
1157;2024;NOVIEMBRE;NACIMIENTO;MASCULINO;ICA;PISCO;72
1158;2024;NOVIEMBRE;NACIMIENTO;MASCULINO;ISLAS CAIMAN;GEORGE TOWN;1
1159;2024;NOVIEMBRE;NACIMIENTO;MASCULINO;ISRAEL;CENTRAL;2
1160;2024;NOVIEMBRE;NACIMIENTO;MASCULINO;ITALIA;EMILIA ROMAGNA;3
1161;2024;NOVIEMBRE;NACIMIENTO;MASCULINO;ITALIA;FLORENCIA;1
1162;2024;NOVIEMBRE;NACIMIENTO;MASCULINO;ITALIA;GENOVA;2
1163;2024;NOVIEMBRE;NACIMIENTO;MASCULINO;ITALIA;IMPERIA;1
1164;2024;NOVIEMBRE;NACIMIENTO;MASCULINO;ITALIA;LOMBARDIA;2
1165;2024;NOVIEMBRE;NACIMIENTO;MASCULINO;ITALIA;MILAN;6
1166;2024;NOVIEMBRE;NACIMIENTO;MASCULINO;ITALIA;ROMA;2
1167;2024;NOVIEMBRE;NACIMIENTO;MASCULINO;ITALIA;SIENA;1
1168;2024;NOVIEMBRE;NACIMIENTO;MASCULINO;ITALIA;TURIN;1
1169;2024;NOVIEMBRE;NACIMIENTO;MASCULINO;ITALIA;VERCELLI;2
1170;2024;NOVIEMBRE;NACIMIENTO;MASCULINO;JAPON;KANAGAWA;2
1171;2024;NOVIEMBRE;NACIMIENTO;MASCULINO;JAPON;SAITAMA;1
1172;2024;NOVIEMBRE;NACIMIENTO;MASCULINO;JAPON;TOCHIGI;1
1173;2024;NOVIEMBRE;NACIMIENTO;MASCULINO;JAPON;TOKIO;1
1174;2024;NOVIEMBRE;NACIMIENTO;MASCULINO;JUNIN;CHANCHAMAYO;17
1175;2024;NOVIEMBRE;NACIMIENTO;MASCULINO;JUNIN;CHUPACA;24
1176;2024;NOVIEMBRE;NACIMIENTO;MASCULINO;JUNIN;CONCEPCION;15
1177;2024;NOVIEMBRE;NACIMIENTO;MASCULINO;JUNIN;HUANCAYO;221
1178;2024;NOVIEMBRE;NACIMIENTO;MASCULINO;JUNIN;JAUJA;14
1179;2024;NOVIEMBRE;NACIMIENTO;MASCULINO;JUNIN;JUNIN;1
1180;2024;NOVIEMBRE;NACIMIENTO;MASCULINO;JUNIN;SATIPO;19
1181;2024;NOVIEMBRE;NACIMIENTO;MASCULINO;JUNIN;TARMA;3
1182;2024;NOVIEMBRE;NACIMIENTO;MASCULINO;JUNIN;YAULI;8
1183;2024;NOVIEMBRE;NACIMIENTO;MASCULINO;LA LIBERTAD;ASCOPE;42
1184;2024;NOVIEMBRE;NACIMIENTO;MASCULINO;LA LIBERTAD;BOLIVAR;1
1185;2024;NOVIEMBRE;NACIMIENTO;MASCULINO;LA LIBERTAD;CHEPEN;28
1186;2024;NOVIEMBRE;NACIMIENTO;MASCULINO;LA LIBERTAD;GRAN CHIMU;4
1187;2024;NOVIEMBRE;NACIMIENTO;MASCULINO;LA LIBERTAD;OTUZCO;6
1188;2024;NOVIEMBRE;NACIMIENTO;MASCULINO;LA LIBERTAD;PACASMAYO;8
1189;2024;NOVIEMBRE;NACIMIENTO;MASCULINO;LA LIBERTAD;PATAZ;15
1190;2024;NOVIEMBRE;NACIMIENTO;MASCULINO;LA LIBERTAD;SANCHEZ CARRION;4
1191;2024;NOVIEMBRE;NACIMIENTO;MASCULINO;LA LIBERTAD;SANTIAGO DE CHUCO;9
1192;2024;NOVIEMBRE;NACIMIENTO;MASCULINO;LA LIBERTAD;TRUJILLO;552
1193;2024;NOVIEMBRE;NACIMIENTO;MASCULINO;LA LIBERTAD;VIRU;26
1194;2024;NOVIEMBRE;NACIMIENTO;MASCULINO;LAMBAYEQUE;CHICLAYO;699
1195;2024;NOVIEMBRE;NACIMIENTO;MASCULINO;LAMBAYEQUE;FERREŃAFE;25
1196;2024;NOVIEMBRE;NACIMIENTO;MASCULINO;LAMBAYEQUE;LAMBAYEQUE;78
1197;2024;NOVIEMBRE;NACIMIENTO;MASCULINO;LIMA;BARRANCA;186
1198;2024;NOVIEMBRE;NACIMIENTO;MASCULINO;LIMA;CANTA;5
1199;2024;NOVIEMBRE;NACIMIENTO;MASCULINO;LIMA;CAŃETE;70
1200;2024;NOVIEMBRE;NACIMIENTO;MASCULINO;LIMA;HUARAL;41
1201;2024;NOVIEMBRE;NACIMIENTO;MASCULINO;LIMA;HUAROCHIRI;38
1202;2024;NOVIEMBRE;NACIMIENTO;MASCULINO;LIMA;HUAURA;92
1203;2024;NOVIEMBRE;NACIMIENTO;MASCULINO;LIMA;LIMA;10526
1204;2024;NOVIEMBRE;NACIMIENTO;MASCULINO;LIMA;OYON;1
1205;2024;NOVIEMBRE;NACIMIENTO;MASCULINO;LIMA;YAUYOS;11
1206;2024;NOVIEMBRE;NACIMIENTO;MASCULINO;LORETO;ALTO AMAZONAS;14
1207;2024;NOVIEMBRE;NACIMIENTO;MASCULINO;LORETO;DATEM DEL MARAŃON;6
1208;2024;NOVIEMBRE;NACIMIENTO;MASCULINO;LORETO;LORETO;11
1209;2024;NOVIEMBRE;NACIMIENTO;MASCULINO;LORETO;MARISCAL RAMON CASTILLA;11
1210;2024;NOVIEMBRE;NACIMIENTO;MASCULINO;LORETO;MAYNAS;227
1211;2024;NOVIEMBRE;NACIMIENTO;MASCULINO;LORETO;REQUENA;3
1212;2024;NOVIEMBRE;NACIMIENTO;MASCULINO;LORETO;UCAYALI;6
1213;2024;NOVIEMBRE;NACIMIENTO;MASCULINO;MADRE DE DIOS;MANU;5
1214;2024;NOVIEMBRE;NACIMIENTO;MASCULINO;MADRE DE DIOS;TAHUAMANU;2
1215;2024;NOVIEMBRE;NACIMIENTO;MASCULINO;MADRE DE DIOS;TAMBOPATA;49
1216;2024;NOVIEMBRE;NACIMIENTO;MASCULINO;MEXICO;CIUDAD DE MEXICO;2
1217;2024;NOVIEMBRE;NACIMIENTO;MASCULINO;MEXICO;ESTADO DE MEXICO;2
1218;2024;NOVIEMBRE;NACIMIENTO;MASCULINO;MEXICO;NUEVO LEON;1
1219;2024;NOVIEMBRE;NACIMIENTO;MASCULINO;MEXICO;QUINTANA ROO;1
1220;2024;NOVIEMBRE;NACIMIENTO;MASCULINO;MOQUEGUA;GENERAL SANCHEZ CERRO;4
1221;2024;NOVIEMBRE;NACIMIENTO;MASCULINO;MOQUEGUA;ILO;26
1222;2024;NOVIEMBRE;NACIMIENTO;MASCULINO;MOQUEGUA;MARISCAL NIETO;31
1223;2024;NOVIEMBRE;NACIMIENTO;MASCULINO;PARAGUAY;ASUNCION;2
1224;2024;NOVIEMBRE;NACIMIENTO;MASCULINO;PASCO;DANIEL ALCIDES CARRION;4
1225;2024;NOVIEMBRE;NACIMIENTO;MASCULINO;PASCO;OXAPAMPA;8
1226;2024;NOVIEMBRE;NACIMIENTO;MASCULINO;PASCO;PASCO;29
1227;2024;NOVIEMBRE;NACIMIENTO;MASCULINO;PIURA;AYABACA;14
1228;2024;NOVIEMBRE;NACIMIENTO;MASCULINO;PIURA;HUANCABAMBA;18
1229;2024;NOVIEMBRE;NACIMIENTO;MASCULINO;PIURA;MORROPON;27
1230;2024;NOVIEMBRE;NACIMIENTO;MASCULINO;PIURA;PAITA;38
1231;2024;NOVIEMBRE;NACIMIENTO;MASCULINO;PIURA;PIURA;696
1232;2024;NOVIEMBRE;NACIMIENTO;MASCULINO;PIURA;SECHURA;27
1233;2024;NOVIEMBRE;NACIMIENTO;MASCULINO;PIURA;SULLANA;122
1234;2024;NOVIEMBRE;NACIMIENTO;MASCULINO;PIURA;TALARA;67
1235;2024;NOVIEMBRE;NACIMIENTO;MASCULINO;PUNO;AZANGARO;13
1236;2024;NOVIEMBRE;NACIMIENTO;MASCULINO;PUNO;CARABAYA;3
1237;2024;NOVIEMBRE;NACIMIENTO;MASCULINO;PUNO;CHUCUITO;13
1238;2024;NOVIEMBRE;NACIMIENTO;MASCULINO;PUNO;EL COLLAO;5
1239;2024;NOVIEMBRE;NACIMIENTO;MASCULINO;PUNO;HUANCANE;6
1240;2024;NOVIEMBRE;NACIMIENTO;MASCULINO;PUNO;LAMPA;8
1241;2024;NOVIEMBRE;NACIMIENTO;MASCULINO;PUNO;MELGAR;7
1242;2024;NOVIEMBRE;NACIMIENTO;MASCULINO;PUNO;MOHO;6
1243;2024;NOVIEMBRE;NACIMIENTO;MASCULINO;PUNO;PUNO;25
1244;2024;NOVIEMBRE;NACIMIENTO;MASCULINO;PUNO;SAN ANTONIO DE PUTINA;1
1245;2024;NOVIEMBRE;NACIMIENTO;MASCULINO;PUNO;SAN ROMAN;51
1246;2024;NOVIEMBRE;NACIMIENTO;MASCULINO;PUNO;SANDIA;9
1247;2024;NOVIEMBRE;NACIMIENTO;MASCULINO;PUNO;YUNGUYO;3
1248;2024;NOVIEMBRE;NACIMIENTO;MASCULINO;REINO UNIDO DE GRAN BRETAŃA E;INGLATERRA;1
1249;2024;NOVIEMBRE;NACIMIENTO;MASCULINO;REPUBLICA DE PANAMA;PANAMA;2
1250;2024;NOVIEMBRE;NACIMIENTO;MASCULINO;SAN MARTIN;BELLAVISTA;9
1251;2024;NOVIEMBRE;NACIMIENTO;MASCULINO;SAN MARTIN;EL DORADO;4
1252;2024;NOVIEMBRE;NACIMIENTO;MASCULINO;SAN MARTIN;HUALLAGA;2
1253;2024;NOVIEMBRE;NACIMIENTO;MASCULINO;SAN MARTIN;LAMAS;10
1254;2024;NOVIEMBRE;NACIMIENTO;MASCULINO;SAN MARTIN;MARISCAL CACERES;13
1255;2024;NOVIEMBRE;NACIMIENTO;MASCULINO;SAN MARTIN;MOYOBAMBA;21
1256;2024;NOVIEMBRE;NACIMIENTO;MASCULINO;SAN MARTIN;PICOTA;5
1257;2024;NOVIEMBRE;NACIMIENTO;MASCULINO;SAN MARTIN;RIOJA;19
1258;2024;NOVIEMBRE;NACIMIENTO;MASCULINO;SAN MARTIN;SAN MARTIN;65
1259;2024;NOVIEMBRE;NACIMIENTO;MASCULINO;SAN MARTIN;TOCACHE;10
1260;2024;NOVIEMBRE;NACIMIENTO;MASCULINO;SUIZA;ZURICH;2
1261;2024;NOVIEMBRE;NACIMIENTO;MASCULINO;TACNA;JORGE BASADRE;1
1262;2024;NOVIEMBRE;NACIMIENTO;MASCULINO;TACNA;TACNA;130
1263;2024;NOVIEMBRE;NACIMIENTO;MASCULINO;TACNA;TARATA;1
1264;2024;NOVIEMBRE;NACIMIENTO;MASCULINO;TUMBES;CONTRALMIRANTE VILLAR;12
1265;2024;NOVIEMBRE;NACIMIENTO;MASCULINO;TUMBES;TUMBES;96
1266;2024;NOVIEMBRE;NACIMIENTO;MASCULINO;TUMBES;ZARUMILLA;13
1267;2024;NOVIEMBRE;NACIMIENTO;MASCULINO;UCAYALI;ATALAYA;3
1268;2024;NOVIEMBRE;NACIMIENTO;MASCULINO;UCAYALI;CORONEL PORTILLO;153
1269;2024;NOVIEMBRE;NACIMIENTO;MASCULINO;UCAYALI;PADRE ABAD;15
1270;2024;NOVIEMBRE;NACIMIENTO;MASCULINO;UCAYALI;PURUS;2
1271;2024;NOVIEMBRE;NACIMIENTO;MASCULINO;UCRANIA;KIEV;1
1272;2024;NOVIEMBRE;NACIMIENTO;MASCULINO;VENEZUELA;CARABOBO;1
1273;2024;NOVIEMBRE;NACIMIENTO;MASCULINO;VENEZUELA;CARACAS;1
1274;2024;NOVIEMBRE;NACIMIENTO;MASCULINO;VENEZUELA;MIRANDA;4
1275;2024;NOVIEMBRE;NACIMIENTO;MASCULINO;;CALLAO;769
