   ,ANIO_REGISTRO,MES_REGISTRO,TIPO_ACTA,DE_GENERO,DEPART_CIUDAD_ESTADO_DOM_SOL,PROVINCIA_DOM_SOL,CANT_COPIAS_EMITIDAS
1,2023,ENERO,DEFUNCION,FEMENINO,ALEMANIA,BADEN-WÜRTTEMBERG,2
2,2023,ENERO,DEFUNCION,FEMENINO,ALEMANIA,HAMBURGO,1
3,2023,ENERO,DEFUNCION,FEMENINO,AMAZONAS,BAGUA,3
4,2023,ENERO,DEFUNCION,FEMENINO,AMAZONAS,CHACHAPOYAS,7
5,2023,ENERO,DEFUNCION,FEMENINO,AMAZONAS,CONDORCANQUI,1
6,2023,ENERO,DEFUNCION,FEMENINO,AMAZONAS,RODRIGUEZ DE MENDOZA,4
7,2023,ENERO,DEFUNCION,FEMENINO,AMAZONAS,UTCUBAMBA,1
8,2023,ENERO,DEFUNCION,FEMENINO,ANCASH,BOLOGNESI,1
9,2023,ENERO,DEFUNCION,FEMENINO,ANCASH,CARHUAZ,2
10,2023,ENERO,DEFUNCION,FEMENINO,ANCASH,CARLOS FERMIN FITZCARRALD,1
11,2023,ENERO,DEFUNCION,FEMENINO,ANCASH,CASMA,1
12,2023,ENERO,DEFUNCION,FEMENINO,ANCASH,HUARAZ,9
13,2023,ENERO,DEFUNCION,FEMENINO,ANCASH,HUARI,3
14,2023,ENERO,DEFUNCION,FEMENINO,ANCASH,HUAYLAS,1
15,2023,ENERO,DEFUNCION,FEMENINO,ANCASH,PALLASCA,1
16,2023,ENERO,DEFUNCION,FEMENINO,ANCASH,SANTA,48
17,2023,ENERO,DEFUNCION,FEMENINO,ANCASH,SIHUAS,1
18,2023,ENERO,DEFUNCION,FEMENINO,ANCASH,YUNGAY,1
19,2023,ENERO,DEFUNCION,FEMENINO,APURIMAC,ABANCAY,3
20,2023,ENERO,DEFUNCION,FEMENINO,APURIMAC,ANDAHUAYLAS,5
21,2023,ENERO,DEFUNCION,FEMENINO,APURIMAC,CHINCHEROS,2
22,2023,ENERO,DEFUNCION,FEMENINO,APURIMAC,COTABAMBAS,1
23,2023,ENERO,DEFUNCION,FEMENINO,AREQUIPA,AREQUIPA,105
24,2023,ENERO,DEFUNCION,FEMENINO,AREQUIPA,CAMANA,2
25,2023,ENERO,DEFUNCION,FEMENINO,AREQUIPA,CARAVELI,1
26,2023,ENERO,DEFUNCION,FEMENINO,AREQUIPA,CASTILLA,2
27,2023,ENERO,DEFUNCION,FEMENINO,AREQUIPA,CAYLLOMA,5
28,2023,ENERO,DEFUNCION,FEMENINO,AREQUIPA,ISLAY,5
29,2023,ENERO,DEFUNCION,FEMENINO,AREQUIPA,LA UNION,1
30,2023,ENERO,DEFUNCION,FEMENINO,ARGENTINA,BUENOS AIRES,5
31,2023,ENERO,DEFUNCION,FEMENINO,ARGENTINA,LA PLATA,2
32,2023,ENERO,DEFUNCION,FEMENINO,ARGENTINA,MENDOZA,1
33,2023,ENERO,DEFUNCION,FEMENINO,ARGENTINA,ROSARIO DE SANTA FE,1
34,2023,ENERO,DEFUNCION,FEMENINO,AYACUCHO,HUAMANGA,14
35,2023,ENERO,DEFUNCION,FEMENINO,AYACUCHO,HUANTA,7
36,2023,ENERO,DEFUNCION,FEMENINO,AYACUCHO,LA MAR,1
37,2023,ENERO,DEFUNCION,FEMENINO,AYACUCHO,LUCANAS,2
38,2023,ENERO,DEFUNCION,FEMENINO,AYACUCHO,PARINACOCHAS,4
39,2023,ENERO,DEFUNCION,FEMENINO,AYACUCHO,PAUCAR DEL SARA SARA,1
40,2023,ENERO,DEFUNCION,FEMENINO,AYACUCHO,VICTOR FAJARDO,1
41,2023,ENERO,DEFUNCION,FEMENINO,BRASIL,SANTA CATARINA,1
42,2023,ENERO,DEFUNCION,FEMENINO,CAJAMARCA,CAJABAMBA,1
43,2023,ENERO,DEFUNCION,FEMENINO,CAJAMARCA,CAJAMARCA,44
44,2023,ENERO,DEFUNCION,FEMENINO,CAJAMARCA,CELENDIN,1
45,2023,ENERO,DEFUNCION,FEMENINO,CAJAMARCA,CHOTA,1
46,2023,ENERO,DEFUNCION,FEMENINO,CAJAMARCA,CUTERVO,2
47,2023,ENERO,DEFUNCION,FEMENINO,CAJAMARCA,HUALGAYOC,3
48,2023,ENERO,DEFUNCION,FEMENINO,CAJAMARCA,JAEN,7
49,2023,ENERO,DEFUNCION,FEMENINO,CAJAMARCA,SAN IGNACIO,7
50,2023,ENERO,DEFUNCION,FEMENINO,CAJAMARCA,SAN MARCOS,1
51,2023,ENERO,DEFUNCION,FEMENINO,CAJAMARCA,SAN MIGUEL,1
52,2023,ENERO,DEFUNCION,FEMENINO,CAJAMARCA,SAN PABLO,1
53,2023,ENERO,DEFUNCION,FEMENINO,CAJAMARCA,SANTA CRUZ,1
54,2023,ENERO,DEFUNCION,FEMENINO,CALLAO,CALLAO,247
55,2023,ENERO,DEFUNCION,FEMENINO,CANADA,MONTREAL,1
56,2023,ENERO,DEFUNCION,FEMENINO,CANADA,ONTARIO,1
57,2023,ENERO,DEFUNCION,FEMENINO,CHILE,ARICA,1
58,2023,ENERO,DEFUNCION,FEMENINO,CHILE,IQUIQUE,1
59,2023,ENERO,DEFUNCION,FEMENINO,CHILE,SANTIAGO,15
60,2023,ENERO,DEFUNCION,FEMENINO,CHILE,VALPARAISO,1
61,2023,ENERO,DEFUNCION,FEMENINO,CUSCO,ANTA,1
62,2023,ENERO,DEFUNCION,FEMENINO,CUSCO,CALCA,4
63,2023,ENERO,DEFUNCION,FEMENINO,CUSCO,CANCHIS,2
64,2023,ENERO,DEFUNCION,FEMENINO,CUSCO,CHUMBIVILCAS,4
65,2023,ENERO,DEFUNCION,FEMENINO,CUSCO,CUSCO,64
66,2023,ENERO,DEFUNCION,FEMENINO,CUSCO,ESPINAR,1
67,2023,ENERO,DEFUNCION,FEMENINO,CUSCO,LA CONVENCION,14
68,2023,ENERO,DEFUNCION,FEMENINO,CUSCO,PARURO,1
69,2023,ENERO,DEFUNCION,FEMENINO,CUSCO,PAUCARTAMBO,1
70,2023,ENERO,DEFUNCION,FEMENINO,CUSCO,QUISPICANCHI,4
71,2023,ENERO,DEFUNCION,FEMENINO,CUSCO,URUBAMBA,9
72,2023,ENERO,DEFUNCION,FEMENINO,ESPAŃA,BARCELONA,1
73,2023,ENERO,DEFUNCION,FEMENINO,ESPAŃA,MADRID,10
74,2023,ENERO,DEFUNCION,FEMENINO,ESPAŃA,MALLORCA,2
75,2023,ENERO,DEFUNCION,FEMENINO,ESPAŃA,SALAMANCA,1
76,2023,ENERO,DEFUNCION,FEMENINO,ESPAŃA,VALLADOLID,1
77,2023,ENERO,DEFUNCION,FEMENINO,ESTADOS UNIDOS DE AMERICA,ARIZONA,1
78,2023,ENERO,DEFUNCION,FEMENINO,ESTADOS UNIDOS DE AMERICA,CALIFORNIA,1
79,2023,ENERO,DEFUNCION,FEMENINO,ESTADOS UNIDOS DE AMERICA,CONNECTICUT,2
80,2023,ENERO,DEFUNCION,FEMENINO,ESTADOS UNIDOS DE AMERICA,FLORIDA,1
81,2023,ENERO,DEFUNCION,FEMENINO,ESTADOS UNIDOS DE AMERICA,LOS ANGELES,4
82,2023,ENERO,DEFUNCION,FEMENINO,ESTADOS UNIDOS DE AMERICA,MASSACHUSETTS,1
83,2023,ENERO,DEFUNCION,FEMENINO,ESTADOS UNIDOS DE AMERICA,NUEVA JERSEY,2
84,2023,ENERO,DEFUNCION,FEMENINO,HUANCAVELICA,ACOBAMBA,2
85,2023,ENERO,DEFUNCION,FEMENINO,HUANCAVELICA,CASTROVIRREYNA,1
86,2023,ENERO,DEFUNCION,FEMENINO,HUANCAVELICA,CHURCAMPA,1
87,2023,ENERO,DEFUNCION,FEMENINO,HUANCAVELICA,HUANCAVELICA,4
88,2023,ENERO,DEFUNCION,FEMENINO,HUANCAVELICA,HUAYTARA,1
89,2023,ENERO,DEFUNCION,FEMENINO,HUANCAVELICA,TAYACAJA,4
90,2023,ENERO,DEFUNCION,FEMENINO,HUANUCO,AMBO,4
91,2023,ENERO,DEFUNCION,FEMENINO,HUANUCO,DOS DE MAYO,1
92,2023,ENERO,DEFUNCION,FEMENINO,HUANUCO,HUACAYBAMBA,1
93,2023,ENERO,DEFUNCION,FEMENINO,HUANUCO,HUANUCO,14
94,2023,ENERO,DEFUNCION,FEMENINO,HUANUCO,LAURICOCHA,2
95,2023,ENERO,DEFUNCION,FEMENINO,HUANUCO,LEONCIO PRADO,11
96,2023,ENERO,DEFUNCION,FEMENINO,HUANUCO,MARAŃON,2
97,2023,ENERO,DEFUNCION,FEMENINO,HUANUCO,PACHITEA,2
98,2023,ENERO,DEFUNCION,FEMENINO,HUANUCO,YAROWILCA,1
99,2023,ENERO,DEFUNCION,FEMENINO,ICA,CHINCHA,44
100,2023,ENERO,DEFUNCION,FEMENINO,ICA,ICA,68
101,2023,ENERO,DEFUNCION,FEMENINO,ICA,NASCA,13
102,2023,ENERO,DEFUNCION,FEMENINO,ICA,PALPA,1
103,2023,ENERO,DEFUNCION,FEMENINO,ICA,PISCO,25
104,2023,ENERO,DEFUNCION,FEMENINO,ITALIA,FLORENCIA,2
105,2023,ENERO,DEFUNCION,FEMENINO,ITALIA,LACIO,1
106,2023,ENERO,DEFUNCION,FEMENINO,ITALIA,LOMBARDIA,2
107,2023,ENERO,DEFUNCION,FEMENINO,ITALIA,MILAN,7
108,2023,ENERO,DEFUNCION,FEMENINO,ITALIA,ROMA,2
109,2023,ENERO,DEFUNCION,FEMENINO,JAPON,AICHI,1
110,2023,ENERO,DEFUNCION,FEMENINO,JAPON,MIE,1
111,2023,ENERO,DEFUNCION,FEMENINO,JUNIN,CHANCHAMAYO,10
112,2023,ENERO,DEFUNCION,FEMENINO,JUNIN,CHUPACA,12
113,2023,ENERO,DEFUNCION,FEMENINO,JUNIN,CONCEPCION,7
114,2023,ENERO,DEFUNCION,FEMENINO,JUNIN,HUANCAYO,93
115,2023,ENERO,DEFUNCION,FEMENINO,JUNIN,JAUJA,8
116,2023,ENERO,DEFUNCION,FEMENINO,JUNIN,JUNIN,2
117,2023,ENERO,DEFUNCION,FEMENINO,JUNIN,SATIPO,4
118,2023,ENERO,DEFUNCION,FEMENINO,JUNIN,TARMA,3
119,2023,ENERO,DEFUNCION,FEMENINO,JUNIN,YAULI,4
120,2023,ENERO,DEFUNCION,FEMENINO,LA LIBERTAD,ASCOPE,30
121,2023,ENERO,DEFUNCION,FEMENINO,LA LIBERTAD,CHEPEN,9
122,2023,ENERO,DEFUNCION,FEMENINO,LA LIBERTAD,GRAN CHIMU,2
123,2023,ENERO,DEFUNCION,FEMENINO,LA LIBERTAD,OTUZCO,6
124,2023,ENERO,DEFUNCION,FEMENINO,LA LIBERTAD,PACASMAYO,2
125,2023,ENERO,DEFUNCION,FEMENINO,LA LIBERTAD,PATAZ,3
126,2023,ENERO,DEFUNCION,FEMENINO,LA LIBERTAD,SANCHEZ CARRION,3
127,2023,ENERO,DEFUNCION,FEMENINO,LA LIBERTAD,SANTIAGO DE CHUCO,6
128,2023,ENERO,DEFUNCION,FEMENINO,LA LIBERTAD,TRUJILLO,349
129,2023,ENERO,DEFUNCION,FEMENINO,LA LIBERTAD,VIRU,9
130,2023,ENERO,DEFUNCION,FEMENINO,LAMBAYEQUE,CHICLAYO,100
131,2023,ENERO,DEFUNCION,FEMENINO,LAMBAYEQUE,FERREŃAFE,5
132,2023,ENERO,DEFUNCION,FEMENINO,LAMBAYEQUE,LAMBAYEQUE,23
133,2023,ENERO,DEFUNCION,FEMENINO,LIMA,BARRANCA,13
134,2023,ENERO,DEFUNCION,FEMENINO,LIMA,CANTA,3
135,2023,ENERO,DEFUNCION,FEMENINO,LIMA,CAŃETE,34
136,2023,ENERO,DEFUNCION,FEMENINO,LIMA,HUARAL,40
137,2023,ENERO,DEFUNCION,FEMENINO,LIMA,HUAROCHIRI,15
138,2023,ENERO,DEFUNCION,FEMENINO,LIMA,HUAURA,23
139,2023,ENERO,DEFUNCION,FEMENINO,LIMA,LIMA,3300
140,2023,ENERO,DEFUNCION,FEMENINO,LIMA,OYON,2
141,2023,ENERO,DEFUNCION,FEMENINO,LIMA,YAUYOS,2
142,2023,ENERO,DEFUNCION,FEMENINO,LORETO,ALTO AMAZONAS,6
143,2023,ENERO,DEFUNCION,FEMENINO,LORETO,MARISCAL RAMON CASTILLA,1
144,2023,ENERO,DEFUNCION,FEMENINO,LORETO,MAYNAS,53
145,2023,ENERO,DEFUNCION,FEMENINO,MADRE DE DIOS,MANU,2
146,2023,ENERO,DEFUNCION,FEMENINO,MADRE DE DIOS,TAMBOPATA,14
147,2023,ENERO,DEFUNCION,FEMENINO,MEXICO,ESTADO DE MEXICO,1
148,2023,ENERO,DEFUNCION,FEMENINO,MOQUEGUA,ILO,8
149,2023,ENERO,DEFUNCION,FEMENINO,MOQUEGUA,MARISCAL NIETO,8
150,2023,ENERO,DEFUNCION,FEMENINO,PASCO,DANIEL ALCIDES CARRION,1
151,2023,ENERO,DEFUNCION,FEMENINO,PASCO,OXAPAMPA,8
152,2023,ENERO,DEFUNCION,FEMENINO,PASCO,PASCO,8
153,2023,ENERO,DEFUNCION,FEMENINO,PIURA,AYABACA,4
154,2023,ENERO,DEFUNCION,FEMENINO,PIURA,HUANCABAMBA,1
155,2023,ENERO,DEFUNCION,FEMENINO,PIURA,MORROPON,8
156,2023,ENERO,DEFUNCION,FEMENINO,PIURA,PAITA,10
157,2023,ENERO,DEFUNCION,FEMENINO,PIURA,PIURA,87
158,2023,ENERO,DEFUNCION,FEMENINO,PIURA,SECHURA,3
159,2023,ENERO,DEFUNCION,FEMENINO,PIURA,SULLANA,65
160,2023,ENERO,DEFUNCION,FEMENINO,PIURA,TALARA,6
161,2023,ENERO,DEFUNCION,FEMENINO,PUNO,AZANGARO,1
162,2023,ENERO,DEFUNCION,FEMENINO,PUNO,LAMPA,2
163,2023,ENERO,DEFUNCION,FEMENINO,PUNO,MELGAR,1
164,2023,ENERO,DEFUNCION,FEMENINO,PUNO,PUNO,8
165,2023,ENERO,DEFUNCION,FEMENINO,PUNO,SAN ANTONIO DE PUTINA,1
166,2023,ENERO,DEFUNCION,FEMENINO,PUNO,SAN ROMAN,10
167,2023,ENERO,DEFUNCION,FEMENINO,SAN MARTIN,BELLAVISTA,2
168,2023,ENERO,DEFUNCION,FEMENINO,SAN MARTIN,EL DORADO,1
169,2023,ENERO,DEFUNCION,FEMENINO,SAN MARTIN,LAMAS,3
170,2023,ENERO,DEFUNCION,FEMENINO,SAN MARTIN,MARISCAL CACERES,1
171,2023,ENERO,DEFUNCION,FEMENINO,SAN MARTIN,MOYOBAMBA,8
172,2023,ENERO,DEFUNCION,FEMENINO,SAN MARTIN,PICOTA,2
173,2023,ENERO,DEFUNCION,FEMENINO,SAN MARTIN,RIOJA,8
174,2023,ENERO,DEFUNCION,FEMENINO,SAN MARTIN,SAN MARTIN,5
175,2023,ENERO,DEFUNCION,FEMENINO,TACNA,TACNA,29
176,2023,ENERO,DEFUNCION,FEMENINO,TUMBES,CONTRALMIRANTE VILLAR,4
177,2023,ENERO,DEFUNCION,FEMENINO,TUMBES,TUMBES,20
178,2023,ENERO,DEFUNCION,FEMENINO,TUMBES,ZARUMILLA,4
179,2023,ENERO,DEFUNCION,FEMENINO,UCAYALI,ATALAYA,3
180,2023,ENERO,DEFUNCION,FEMENINO,UCAYALI,CORONEL PORTILLO,48
181,2023,ENERO,DEFUNCION,FEMENINO,UCAYALI,PADRE ABAD,4
182,2023,ENERO,DEFUNCION,MASCULINO,ALEMANIA,ESSEN,1
183,2023,ENERO,DEFUNCION,MASCULINO,AMAZONAS,BAGUA,2
184,2023,ENERO,DEFUNCION,MASCULINO,AMAZONAS,BONGARA,1
185,2023,ENERO,DEFUNCION,MASCULINO,AMAZONAS,CHACHAPOYAS,2
186,2023,ENERO,DEFUNCION,MASCULINO,AMAZONAS,LUYA,1
187,2023,ENERO,DEFUNCION,MASCULINO,AMAZONAS,RODRIGUEZ DE MENDOZA,3
188,2023,ENERO,DEFUNCION,MASCULINO,AMAZONAS,UTCUBAMBA,4
189,2023,ENERO,DEFUNCION,MASCULINO,ANCASH,ASUNCION,1
190,2023,ENERO,DEFUNCION,MASCULINO,ANCASH,CASMA,3
191,2023,ENERO,DEFUNCION,MASCULINO,ANCASH,HUARAZ,7
192,2023,ENERO,DEFUNCION,MASCULINO,ANCASH,HUARI,5
193,2023,ENERO,DEFUNCION,MASCULINO,ANCASH,HUAYLAS,4
194,2023,ENERO,DEFUNCION,MASCULINO,ANCASH,OCROS,2
195,2023,ENERO,DEFUNCION,MASCULINO,ANCASH,SANTA,35
196,2023,ENERO,DEFUNCION,MASCULINO,ANCASH,SIHUAS,1
197,2023,ENERO,DEFUNCION,MASCULINO,ANCASH,YUNGAY,3
198,2023,ENERO,DEFUNCION,MASCULINO,APURIMAC,ABANCAY,5
199,2023,ENERO,DEFUNCION,MASCULINO,APURIMAC,CHINCHEROS,1
200,2023,ENERO,DEFUNCION,MASCULINO,APURIMAC,COTABAMBAS,1
201,2023,ENERO,DEFUNCION,MASCULINO,AREQUIPA,AREQUIPA,79
202,2023,ENERO,DEFUNCION,MASCULINO,AREQUIPA,CAMANA,5
203,2023,ENERO,DEFUNCION,MASCULINO,AREQUIPA,CARAVELI,1
204,2023,ENERO,DEFUNCION,MASCULINO,AREQUIPA,CASTILLA,2
205,2023,ENERO,DEFUNCION,MASCULINO,AREQUIPA,CAYLLOMA,4
206,2023,ENERO,DEFUNCION,MASCULINO,AREQUIPA,CONDESUYOS,1
207,2023,ENERO,DEFUNCION,MASCULINO,AREQUIPA,ISLAY,3
208,2023,ENERO,DEFUNCION,MASCULINO,AREQUIPA,LA UNION,1
209,2023,ENERO,DEFUNCION,MASCULINO,ARGENTINA,BUENOS AIRES,1
210,2023,ENERO,DEFUNCION,MASCULINO,ARGENTINA,CORDOBA,1
211,2023,ENERO,DEFUNCION,MASCULINO,ARGENTINA,MENDOZA,1
212,2023,ENERO,DEFUNCION,MASCULINO,AYACUCHO,CANGALLO,30
213,2023,ENERO,DEFUNCION,MASCULINO,AYACUCHO,HUAMANGA,8
214,2023,ENERO,DEFUNCION,MASCULINO,AYACUCHO,HUANCA SANCOS,1
215,2023,ENERO,DEFUNCION,MASCULINO,AYACUCHO,PARINACOCHAS,4
216,2023,ENERO,DEFUNCION,MASCULINO,AYACUCHO,VILCAS HUAMAN,2
217,2023,ENERO,DEFUNCION,MASCULINO,CAJAMARCA,CAJABAMBA,3
218,2023,ENERO,DEFUNCION,MASCULINO,CAJAMARCA,CAJAMARCA,37
219,2023,ENERO,DEFUNCION,MASCULINO,CAJAMARCA,CELENDIN,2
220,2023,ENERO,DEFUNCION,MASCULINO,CAJAMARCA,CHOTA,1
221,2023,ENERO,DEFUNCION,MASCULINO,CAJAMARCA,CUTERVO,3
222,2023,ENERO,DEFUNCION,MASCULINO,CAJAMARCA,JAEN,8
223,2023,ENERO,DEFUNCION,MASCULINO,CAJAMARCA,SAN IGNACIO,7
224,2023,ENERO,DEFUNCION,MASCULINO,CAJAMARCA,SAN MIGUEL,3
225,2023,ENERO,DEFUNCION,MASCULINO,CAJAMARCA,SANTA CRUZ,2
226,2023,ENERO,DEFUNCION,MASCULINO,CALLAO,CALLAO,233
227,2023,ENERO,DEFUNCION,MASCULINO,CANADA,ONTARIO,1
228,2023,ENERO,DEFUNCION,MASCULINO,CHILE,SANTIAGO,6
229,2023,ENERO,DEFUNCION,MASCULINO,CUSCO,ACOMAYO,1
230,2023,ENERO,DEFUNCION,MASCULINO,CUSCO,ANTA,2
231,2023,ENERO,DEFUNCION,MASCULINO,CUSCO,CALCA,2
232,2023,ENERO,DEFUNCION,MASCULINO,CUSCO,CANAS,2
233,2023,ENERO,DEFUNCION,MASCULINO,CUSCO,CANCHIS,4
234,2023,ENERO,DEFUNCION,MASCULINO,CUSCO,CUSCO,41
235,2023,ENERO,DEFUNCION,MASCULINO,CUSCO,ESPINAR,1
236,2023,ENERO,DEFUNCION,MASCULINO,CUSCO,LA CONVENCION,2
237,2023,ENERO,DEFUNCION,MASCULINO,CUSCO,PARURO,1
238,2023,ENERO,DEFUNCION,MASCULINO,CUSCO,QUISPICANCHI,2
239,2023,ENERO,DEFUNCION,MASCULINO,CUSCO,URUBAMBA,6
240,2023,ENERO,DEFUNCION,MASCULINO,ECUADOR,AZUAY,1
241,2023,ENERO,DEFUNCION,MASCULINO,ECUADOR,QUITO,1
242,2023,ENERO,DEFUNCION,MASCULINO,ESPAŃA,BARCELONA,1
243,2023,ENERO,DEFUNCION,MASCULINO,ESPAŃA,LUGO,3
244,2023,ENERO,DEFUNCION,MASCULINO,ESPAŃA,MADRID,7
245,2023,ENERO,DEFUNCION,MASCULINO,ESPAŃA,MALLORCA,1
246,2023,ENERO,DEFUNCION,MASCULINO,ESPAŃA,SEVILLA,1
247,2023,ENERO,DEFUNCION,MASCULINO,ESTADOS UNIDOS DE AMERICA,DALLAS,1
248,2023,ENERO,DEFUNCION,MASCULINO,ESTADOS UNIDOS DE AMERICA,LOS ANGELES,1
249,2023,ENERO,DEFUNCION,MASCULINO,ESTADOS UNIDOS DE AMERICA,MIAMI,5
250,2023,ENERO,DEFUNCION,MASCULINO,ESTADOS UNIDOS DE AMERICA,NUEVA JERSEY,3
251,2023,ENERO,DEFUNCION,MASCULINO,ESTADOS UNIDOS DE AMERICA,SAN FRANCISCO,1
252,2023,ENERO,DEFUNCION,MASCULINO,ESTADOS UNIDOS DE AMERICA,UTAH,1
253,2023,ENERO,DEFUNCION,MASCULINO,ESTADOS UNIDOS DE AMERICA,VIRGINIA,2
254,2023,ENERO,DEFUNCION,MASCULINO,HUANCAVELICA,ANGARAES,4
255,2023,ENERO,DEFUNCION,MASCULINO,HUANCAVELICA,CHURCAMPA,2
256,2023,ENERO,DEFUNCION,MASCULINO,HUANCAVELICA,HUANCAVELICA,5
257,2023,ENERO,DEFUNCION,MASCULINO,HUANCAVELICA,TAYACAJA,3
258,2023,ENERO,DEFUNCION,MASCULINO,HUANUCO,AMBO,1
259,2023,ENERO,DEFUNCION,MASCULINO,HUANUCO,HUACAYBAMBA,1
260,2023,ENERO,DEFUNCION,MASCULINO,HUANUCO,HUANUCO,12
261,2023,ENERO,DEFUNCION,MASCULINO,HUANUCO,LAURICOCHA,1
262,2023,ENERO,DEFUNCION,MASCULINO,HUANUCO,LEONCIO PRADO,6
263,2023,ENERO,DEFUNCION,MASCULINO,HUANUCO,PACHITEA,1
264,2023,ENERO,DEFUNCION,MASCULINO,HUANUCO,PUERTO INCA,3
265,2023,ENERO,DEFUNCION,MASCULINO,ICA,CHINCHA,33
266,2023,ENERO,DEFUNCION,MASCULINO,ICA,ICA,51
267,2023,ENERO,DEFUNCION,MASCULINO,ICA,NASCA,13
268,2023,ENERO,DEFUNCION,MASCULINO,ICA,PALPA,3
269,2023,ENERO,DEFUNCION,MASCULINO,ICA,PISCO,14
270,2023,ENERO,DEFUNCION,MASCULINO,ITALIA,MILAN,1
271,2023,ENERO,DEFUNCION,MASCULINO,ITALIA,PERUGIA,1
272,2023,ENERO,DEFUNCION,MASCULINO,JAPON,GIFU,1
273,2023,ENERO,DEFUNCION,MASCULINO,JAPON,NAGANO,1
274,2023,ENERO,DEFUNCION,MASCULINO,JUNIN,CHANCHAMAYO,4
275,2023,ENERO,DEFUNCION,MASCULINO,JUNIN,CHUPACA,3
276,2023,ENERO,DEFUNCION,MASCULINO,JUNIN,CONCEPCION,3
277,2023,ENERO,DEFUNCION,MASCULINO,JUNIN,HUANCAYO,106
278,2023,ENERO,DEFUNCION,MASCULINO,JUNIN,JAUJA,7
279,2023,ENERO,DEFUNCION,MASCULINO,JUNIN,JUNIN,1
280,2023,ENERO,DEFUNCION,MASCULINO,JUNIN,SATIPO,3
281,2023,ENERO,DEFUNCION,MASCULINO,JUNIN,TARMA,9
282,2023,ENERO,DEFUNCION,MASCULINO,JUNIN,YAULI,4
283,2023,ENERO,DEFUNCION,MASCULINO,LA LIBERTAD,ASCOPE,13
284,2023,ENERO,DEFUNCION,MASCULINO,LA LIBERTAD,CHEPEN,4
285,2023,ENERO,DEFUNCION,MASCULINO,LA LIBERTAD,GRAN CHIMU,1
286,2023,ENERO,DEFUNCION,MASCULINO,LA LIBERTAD,JULCAN,5
287,2023,ENERO,DEFUNCION,MASCULINO,LA LIBERTAD,OTUZCO,7
288,2023,ENERO,DEFUNCION,MASCULINO,LA LIBERTAD,PACASMAYO,5
289,2023,ENERO,DEFUNCION,MASCULINO,LA LIBERTAD,PATAZ,2
290,2023,ENERO,DEFUNCION,MASCULINO,LA LIBERTAD,SANCHEZ CARRION,3
291,2023,ENERO,DEFUNCION,MASCULINO,LA LIBERTAD,SANTIAGO DE CHUCO,1
292,2023,ENERO,DEFUNCION,MASCULINO,LA LIBERTAD,TRUJILLO,326
293,2023,ENERO,DEFUNCION,MASCULINO,LA LIBERTAD,VIRU,5
294,2023,ENERO,DEFUNCION,MASCULINO,LAMBAYEQUE,CHICLAYO,81
295,2023,ENERO,DEFUNCION,MASCULINO,LAMBAYEQUE,FERREŃAFE,3
296,2023,ENERO,DEFUNCION,MASCULINO,LAMBAYEQUE,LAMBAYEQUE,15
297,2023,ENERO,DEFUNCION,MASCULINO,LIMA,BARRANCA,27
298,2023,ENERO,DEFUNCION,MASCULINO,LIMA,CANTA,1
299,2023,ENERO,DEFUNCION,MASCULINO,LIMA,CAŃETE,31
300,2023,ENERO,DEFUNCION,MASCULINO,LIMA,HUARAL,24
301,2023,ENERO,DEFUNCION,MASCULINO,LIMA,HUAROCHIRI,14
302,2023,ENERO,DEFUNCION,MASCULINO,LIMA,HUAURA,28
303,2023,ENERO,DEFUNCION,MASCULINO,LIMA,LIMA,3837
304,2023,ENERO,DEFUNCION,MASCULINO,LORETO,ALTO AMAZONAS,1
305,2023,ENERO,DEFUNCION,MASCULINO,LORETO,DATEM DEL MARAŃON,1
306,2023,ENERO,DEFUNCION,MASCULINO,LORETO,LORETO,4
307,2023,ENERO,DEFUNCION,MASCULINO,LORETO,MARISCAL RAMON CASTILLA,2
308,2023,ENERO,DEFUNCION,MASCULINO,LORETO,MAYNAS,31
309,2023,ENERO,DEFUNCION,MASCULINO,LORETO,REQUENA,1
310,2023,ENERO,DEFUNCION,MASCULINO,LORETO,UCAYALI,2
311,2023,ENERO,DEFUNCION,MASCULINO,MADRE DE DIOS,MANU,1
312,2023,ENERO,DEFUNCION,MASCULINO,MADRE DE DIOS,TAMBOPATA,11
313,2023,ENERO,DEFUNCION,MASCULINO,MOQUEGUA,ILO,8
314,2023,ENERO,DEFUNCION,MASCULINO,MOQUEGUA,MARISCAL NIETO,5
315,2023,ENERO,DEFUNCION,MASCULINO,PASCO,OXAPAMPA,3
316,2023,ENERO,DEFUNCION,MASCULINO,PASCO,PASCO,5
317,2023,ENERO,DEFUNCION,MASCULINO,PIURA,AYABACA,1
318,2023,ENERO,DEFUNCION,MASCULINO,PIURA,HUANCABAMBA,1
319,2023,ENERO,DEFUNCION,MASCULINO,PIURA,MORROPON,8
320,2023,ENERO,DEFUNCION,MASCULINO,PIURA,PAITA,3
321,2023,ENERO,DEFUNCION,MASCULINO,PIURA,PIURA,79
322,2023,ENERO,DEFUNCION,MASCULINO,PIURA,SECHURA,5
323,2023,ENERO,DEFUNCION,MASCULINO,PIURA,SULLANA,30
324,2023,ENERO,DEFUNCION,MASCULINO,PIURA,TALARA,12
325,2023,ENERO,DEFUNCION,MASCULINO,PUNO,CARABAYA,3
326,2023,ENERO,DEFUNCION,MASCULINO,PUNO,CHUCUITO,1
327,2023,ENERO,DEFUNCION,MASCULINO,PUNO,PUNO,5
328,2023,ENERO,DEFUNCION,MASCULINO,PUNO,SAN ANTONIO DE PUTINA,1
329,2023,ENERO,DEFUNCION,MASCULINO,PUNO,SAN ROMAN,5
330,2023,ENERO,DEFUNCION,MASCULINO,SAN MARTIN,BELLAVISTA,1
331,2023,ENERO,DEFUNCION,MASCULINO,SAN MARTIN,MARISCAL CACERES,2
332,2023,ENERO,DEFUNCION,MASCULINO,SAN MARTIN,MOYOBAMBA,6
333,2023,ENERO,DEFUNCION,MASCULINO,SAN MARTIN,RIOJA,1
334,2023,ENERO,DEFUNCION,MASCULINO,SAN MARTIN,SAN MARTIN,10
335,2023,ENERO,DEFUNCION,MASCULINO,SAN MARTIN,TOCACHE,1
336,2023,ENERO,DEFUNCION,MASCULINO,SUIZA,NEUCHATEL,1
337,2023,ENERO,DEFUNCION,MASCULINO,TACNA,JORGE BASADRE,1
338,2023,ENERO,DEFUNCION,MASCULINO,TACNA,TACNA,28
339,2023,ENERO,DEFUNCION,MASCULINO,TUMBES,CONTRALMIRANTE VILLAR,1
340,2023,ENERO,DEFUNCION,MASCULINO,TUMBES,TUMBES,19
341,2023,ENERO,DEFUNCION,MASCULINO,TUMBES,ZARUMILLA,3
342,2023,ENERO,DEFUNCION,MASCULINO,UCAYALI,CORONEL PORTILLO,42
343,2023,ENERO,DEFUNCION,MASCULINO,URUGUAY,MONTEVIDEO,1
344,2023,ENERO,MATRIMONIO,FEMENINO,ALEMANIA,BERLIN,2
345,2023,ENERO,MATRIMONIO,FEMENINO,ALEMANIA,HEIDELBERG,1
346,2023,ENERO,MATRIMONIO,FEMENINO,AMAZONAS,BONGARA,2
347,2023,ENERO,MATRIMONIO,FEMENINO,AMAZONAS,CHACHAPOYAS,2
348,2023,ENERO,MATRIMONIO,FEMENINO,AMAZONAS,LUYA,1
349,2023,ENERO,MATRIMONIO,FEMENINO,ANCASH,ASUNCION,1
350,2023,ENERO,MATRIMONIO,FEMENINO,ANCASH,BOLOGNESI,2
351,2023,ENERO,MATRIMONIO,FEMENINO,ANCASH,CARHUAZ,1
352,2023,ENERO,MATRIMONIO,FEMENINO,ANCASH,HUARAZ,10
353,2023,ENERO,MATRIMONIO,FEMENINO,ANCASH,HUARI,6
354,2023,ENERO,MATRIMONIO,FEMENINO,ANCASH,POMABAMBA,1
355,2023,ENERO,MATRIMONIO,FEMENINO,ANCASH,SANTA,22
356,2023,ENERO,MATRIMONIO,FEMENINO,APURIMAC,ABANCAY,4
357,2023,ENERO,MATRIMONIO,FEMENINO,APURIMAC,CHINCHEROS,2
358,2023,ENERO,MATRIMONIO,FEMENINO,AREQUIPA,AREQUIPA,63
359,2023,ENERO,MATRIMONIO,FEMENINO,AREQUIPA,CAMANA,3
360,2023,ENERO,MATRIMONIO,FEMENINO,AREQUIPA,CARAVELI,1
361,2023,ENERO,MATRIMONIO,FEMENINO,AREQUIPA,CASTILLA,1
362,2023,ENERO,MATRIMONIO,FEMENINO,AREQUIPA,CAYLLOMA,3
363,2023,ENERO,MATRIMONIO,FEMENINO,AREQUIPA,ISLAY,3
364,2023,ENERO,MATRIMONIO,FEMENINO,ARGENTINA,BUENOS AIRES,6
365,2023,ENERO,MATRIMONIO,FEMENINO,ARGENTINA,LA PLATA,1
366,2023,ENERO,MATRIMONIO,FEMENINO,AUSTRALIA,QUEENSLAND,1
367,2023,ENERO,MATRIMONIO,FEMENINO,AYACUCHO,HUAMANGA,7
368,2023,ENERO,MATRIMONIO,FEMENINO,AYACUCHO,LUCANAS,1
369,2023,ENERO,MATRIMONIO,FEMENINO,BRASIL,MINAS GERAIS,1
370,2023,ENERO,MATRIMONIO,FEMENINO,BRASIL,SAO PAULO,2
371,2023,ENERO,MATRIMONIO,FEMENINO,CAJAMARCA,CAJAMARCA,34
372,2023,ENERO,MATRIMONIO,FEMENINO,CAJAMARCA,CELENDIN,1
373,2023,ENERO,MATRIMONIO,FEMENINO,CAJAMARCA,CHOTA,2
374,2023,ENERO,MATRIMONIO,FEMENINO,CAJAMARCA,CUTERVO,24
375,2023,ENERO,MATRIMONIO,FEMENINO,CAJAMARCA,JAEN,1
376,2023,ENERO,MATRIMONIO,FEMENINO,CAJAMARCA,SAN MARCOS,1
377,2023,ENERO,MATRIMONIO,FEMENINO,CAJAMARCA,SAN MIGUEL,1
378,2023,ENERO,MATRIMONIO,FEMENINO,CALLAO,CALLAO,347
379,2023,ENERO,MATRIMONIO,FEMENINO,CANADA,MANITOBA,2
380,2023,ENERO,MATRIMONIO,FEMENINO,CANADA,MONTREAL,1
381,2023,ENERO,MATRIMONIO,FEMENINO,CANADA,OTTAWA,1
382,2023,ENERO,MATRIMONIO,FEMENINO,CATAR,DOHA,1
383,2023,ENERO,MATRIMONIO,FEMENINO,CHILE,REGION METROPOLITANA,1
384,2023,ENERO,MATRIMONIO,FEMENINO,CHILE,SANTIAGO,5
385,2023,ENERO,MATRIMONIO,FEMENINO,COLOMBIA,BOGOTA,1
386,2023,ENERO,MATRIMONIO,FEMENINO,CUSCO,ANTA,4
387,2023,ENERO,MATRIMONIO,FEMENINO,CUSCO,CALCA,2
388,2023,ENERO,MATRIMONIO,FEMENINO,CUSCO,CUSCO,66
389,2023,ENERO,MATRIMONIO,FEMENINO,CUSCO,LA CONVENCION,13
390,2023,ENERO,MATRIMONIO,FEMENINO,CUSCO,PARURO,1
391,2023,ENERO,MATRIMONIO,FEMENINO,CUSCO,URUBAMBA,4
392,2023,ENERO,MATRIMONIO,FEMENINO,ESPAŃA,ALAVA,1
393,2023,ENERO,MATRIMONIO,FEMENINO,ESPAŃA,ALMERIA,1
394,2023,ENERO,MATRIMONIO,FEMENINO,ESPAŃA,BALEARES,1
395,2023,ENERO,MATRIMONIO,FEMENINO,ESPAŃA,BARCELONA,9
396,2023,ENERO,MATRIMONIO,FEMENINO,ESPAŃA,CACERES,1
397,2023,ENERO,MATRIMONIO,FEMENINO,ESPAŃA,CANTABRIA,1
398,2023,ENERO,MATRIMONIO,FEMENINO,ESPAŃA,GUADALAJARA,1
399,2023,ENERO,MATRIMONIO,FEMENINO,ESPAŃA,HUELVA,2
400,2023,ENERO,MATRIMONIO,FEMENINO,ESPAŃA,MADRID,11
401,2023,ENERO,MATRIMONIO,FEMENINO,ESPAŃA,MALLORCA,2
402,2023,ENERO,MATRIMONIO,FEMENINO,ESPAŃA,SEVILLA,2
403,2023,ENERO,MATRIMONIO,FEMENINO,ESPAŃA,VALENCIA,1
404,2023,ENERO,MATRIMONIO,FEMENINO,ESTADOS UNIDOS DE AMERICA,ARIZONA,1
405,2023,ENERO,MATRIMONIO,FEMENINO,ESTADOS UNIDOS DE AMERICA,BOSTON,3
406,2023,ENERO,MATRIMONIO,FEMENINO,ESTADOS UNIDOS DE AMERICA,CAROLINA DEL NORTE,1
407,2023,ENERO,MATRIMONIO,FEMENINO,ESTADOS UNIDOS DE AMERICA,CHICAGO,1
408,2023,ENERO,MATRIMONIO,FEMENINO,ESTADOS UNIDOS DE AMERICA,CONNECTICUT,1
409,2023,ENERO,MATRIMONIO,FEMENINO,ESTADOS UNIDOS DE AMERICA,GEORGIA,1
410,2023,ENERO,MATRIMONIO,FEMENINO,ESTADOS UNIDOS DE AMERICA,ILLINOIS,1
411,2023,ENERO,MATRIMONIO,FEMENINO,ESTADOS UNIDOS DE AMERICA,JACKSONVILLE,1
412,2023,ENERO,MATRIMONIO,FEMENINO,ESTADOS UNIDOS DE AMERICA,KENTUCKY,1
413,2023,ENERO,MATRIMONIO,FEMENINO,ESTADOS UNIDOS DE AMERICA,LOS ANGELES,3
414,2023,ENERO,MATRIMONIO,FEMENINO,ESTADOS UNIDOS DE AMERICA,MARYLAND,1
415,2023,ENERO,MATRIMONIO,FEMENINO,ESTADOS UNIDOS DE AMERICA,MASSACHUSETTS,1
416,2023,ENERO,MATRIMONIO,FEMENINO,ESTADOS UNIDOS DE AMERICA,MIAMI,6
417,2023,ENERO,MATRIMONIO,FEMENINO,ESTADOS UNIDOS DE AMERICA,NUEVA JERSEY,6
418,2023,ENERO,MATRIMONIO,FEMENINO,ESTADOS UNIDOS DE AMERICA,NUEVA YORK,3
419,2023,ENERO,MATRIMONIO,FEMENINO,ESTADOS UNIDOS DE AMERICA,PATERSON,1
420,2023,ENERO,MATRIMONIO,FEMENINO,ESTADOS UNIDOS DE AMERICA,SAN FRANCISCO,3
421,2023,ENERO,MATRIMONIO,FEMENINO,ESTADOS UNIDOS DE AMERICA,TEXAS,1
422,2023,ENERO,MATRIMONIO,FEMENINO,ESTADOS UNIDOS DE AMERICA,VIRGINIA,2
423,2023,ENERO,MATRIMONIO,FEMENINO,FRANCIA,PARIS,1
424,2023,ENERO,MATRIMONIO,FEMENINO,FRANCIA,POITOU-CHARENTES,1
425,2023,ENERO,MATRIMONIO,FEMENINO,HOLANDA,AMSTERDAM,2
426,2023,ENERO,MATRIMONIO,FEMENINO,HUANCAVELICA,ACOBAMBA,1
427,2023,ENERO,MATRIMONIO,FEMENINO,HUANCAVELICA,ANGARAES,2
428,2023,ENERO,MATRIMONIO,FEMENINO,HUANCAVELICA,CASTROVIRREYNA,1
429,2023,ENERO,MATRIMONIO,FEMENINO,HUANCAVELICA,CHURCAMPA,4
430,2023,ENERO,MATRIMONIO,FEMENINO,HUANCAVELICA,HUANCAVELICA,2
431,2023,ENERO,MATRIMONIO,FEMENINO,HUANCAVELICA,HUAYTARA,2
432,2023,ENERO,MATRIMONIO,FEMENINO,HUANCAVELICA,TAYACAJA,2
433,2023,ENERO,MATRIMONIO,FEMENINO,HUANUCO,AMBO,3
434,2023,ENERO,MATRIMONIO,FEMENINO,HUANUCO,DOS DE MAYO,1
435,2023,ENERO,MATRIMONIO,FEMENINO,HUANUCO,HUACAYBAMBA,1
436,2023,ENERO,MATRIMONIO,FEMENINO,HUANUCO,HUANUCO,8
437,2023,ENERO,MATRIMONIO,FEMENINO,HUANUCO,LAURICOCHA,1
438,2023,ENERO,MATRIMONIO,FEMENINO,HUANUCO,LEONCIO PRADO,8
439,2023,ENERO,MATRIMONIO,FEMENINO,HUANUCO,YAROWILCA,1
440,2023,ENERO,MATRIMONIO,FEMENINO,ICA,CHINCHA,13
441,2023,ENERO,MATRIMONIO,FEMENINO,ICA,ICA,25
442,2023,ENERO,MATRIMONIO,FEMENINO,ICA,NASCA,3
443,2023,ENERO,MATRIMONIO,FEMENINO,ICA,PALPA,1
444,2023,ENERO,MATRIMONIO,FEMENINO,ICA,PISCO,6
445,2023,ENERO,MATRIMONIO,FEMENINO,ISRAEL,CENTRAL,1
446,2023,ENERO,MATRIMONIO,FEMENINO,ITALIA,EMILIA ROMAGNA,2
447,2023,ENERO,MATRIMONIO,FEMENINO,ITALIA,FLORENCIA,2
448,2023,ENERO,MATRIMONIO,FEMENINO,ITALIA,GENOVA,1
449,2023,ENERO,MATRIMONIO,FEMENINO,ITALIA,LIVORNO,1
450,2023,ENERO,MATRIMONIO,FEMENINO,ITALIA,MILAN,6
451,2023,ENERO,MATRIMONIO,FEMENINO,ITALIA,ROMA,1
452,2023,ENERO,MATRIMONIO,FEMENINO,JAPON,AICHI,1
453,2023,ENERO,MATRIMONIO,FEMENINO,JAPON,GUNMA,3
454,2023,ENERO,MATRIMONIO,FEMENINO,JAPON,HYOGO,1
455,2023,ENERO,MATRIMONIO,FEMENINO,JAPON,TOCHIGI,1
456,2023,ENERO,MATRIMONIO,FEMENINO,JUNIN,CHANCHAMAYO,1
457,2023,ENERO,MATRIMONIO,FEMENINO,JUNIN,CHUPACA,5
458,2023,ENERO,MATRIMONIO,FEMENINO,JUNIN,CONCEPCION,2
459,2023,ENERO,MATRIMONIO,FEMENINO,JUNIN,HUANCAYO,31
460,2023,ENERO,MATRIMONIO,FEMENINO,JUNIN,JAUJA,1
461,2023,ENERO,MATRIMONIO,FEMENINO,JUNIN,JUNIN,1
462,2023,ENERO,MATRIMONIO,FEMENINO,LA LIBERTAD,ASCOPE,3
463,2023,ENERO,MATRIMONIO,FEMENINO,LA LIBERTAD,OTUZCO,4
464,2023,ENERO,MATRIMONIO,FEMENINO,LA LIBERTAD,PACASMAYO,4
465,2023,ENERO,MATRIMONIO,FEMENINO,LA LIBERTAD,PATAZ,1
466,2023,ENERO,MATRIMONIO,FEMENINO,LA LIBERTAD,SANCHEZ CARRION,1
467,2023,ENERO,MATRIMONIO,FEMENINO,LA LIBERTAD,SANTIAGO DE CHUCO,1
468,2023,ENERO,MATRIMONIO,FEMENINO,LA LIBERTAD,TRUJILLO,172
469,2023,ENERO,MATRIMONIO,FEMENINO,LA LIBERTAD,VIRU,4
470,2023,ENERO,MATRIMONIO,FEMENINO,LAMBAYEQUE,CHICLAYO,113
471,2023,ENERO,MATRIMONIO,FEMENINO,LAMBAYEQUE,FERREŃAFE,5
472,2023,ENERO,MATRIMONIO,FEMENINO,LAMBAYEQUE,LAMBAYEQUE,6
473,2023,ENERO,MATRIMONIO,FEMENINO,LIMA,BARRANCA,16
474,2023,ENERO,MATRIMONIO,FEMENINO,LIMA,CAJATAMBO,1
475,2023,ENERO,MATRIMONIO,FEMENINO,LIMA,CANTA,1
476,2023,ENERO,MATRIMONIO,FEMENINO,LIMA,CAŃETE,12
477,2023,ENERO,MATRIMONIO,FEMENINO,LIMA,HUARAL,6
478,2023,ENERO,MATRIMONIO,FEMENINO,LIMA,HUAROCHIRI,17
479,2023,ENERO,MATRIMONIO,FEMENINO,LIMA,HUAURA,12
480,2023,ENERO,MATRIMONIO,FEMENINO,LIMA,LIMA,4497
481,2023,ENERO,MATRIMONIO,FEMENINO,LIMA,OYON,2
482,2023,ENERO,MATRIMONIO,FEMENINO,LIMA,YAUYOS,1
483,2023,ENERO,MATRIMONIO,FEMENINO,LORETO,ALTO AMAZONAS,1
484,2023,ENERO,MATRIMONIO,FEMENINO,LORETO,LORETO,1
485,2023,ENERO,MATRIMONIO,FEMENINO,LORETO,MAYNAS,46
486,2023,ENERO,MATRIMONIO,FEMENINO,LORETO,UCAYALI,1
487,2023,ENERO,MATRIMONIO,FEMENINO,MADRE DE DIOS,TAMBOPATA,8
488,2023,ENERO,MATRIMONIO,FEMENINO,MEXICO,ESTADO DE MEXICO,1
489,2023,ENERO,MATRIMONIO,FEMENINO,MOQUEGUA,ILO,5
490,2023,ENERO,MATRIMONIO,FEMENINO,MOQUEGUA,MARISCAL NIETO,4
491,2023,ENERO,MATRIMONIO,FEMENINO,PASCO,DANIEL ALCIDES CARRION,1
492,2023,ENERO,MATRIMONIO,FEMENINO,PASCO,OXAPAMPA,5
493,2023,ENERO,MATRIMONIO,FEMENINO,PASCO,PASCO,6
494,2023,ENERO,MATRIMONIO,FEMENINO,PIURA,AYABACA,1
495,2023,ENERO,MATRIMONIO,FEMENINO,PIURA,HUANCABAMBA,3
496,2023,ENERO,MATRIMONIO,FEMENINO,PIURA,MORROPON,7
497,2023,ENERO,MATRIMONIO,FEMENINO,PIURA,PAITA,5
498,2023,ENERO,MATRIMONIO,FEMENINO,PIURA,PIURA,119
499,2023,ENERO,MATRIMONIO,FEMENINO,PIURA,SULLANA,20
500,2023,ENERO,MATRIMONIO,FEMENINO,PIURA,TALARA,10
501,2023,ENERO,MATRIMONIO,FEMENINO,PUNO,EL COLLAO,1
502,2023,ENERO,MATRIMONIO,FEMENINO,PUNO,PUNO,8
503,2023,ENERO,MATRIMONIO,FEMENINO,PUNO,SAN ROMAN,4
504,2023,ENERO,MATRIMONIO,FEMENINO,REINO UNIDO DE GRAN BRETAŃA E,INGLATERRA,1
505,2023,ENERO,MATRIMONIO,FEMENINO,SAN MARTIN,LAMAS,1
506,2023,ENERO,MATRIMONIO,FEMENINO,SAN MARTIN,MOYOBAMBA,3
507,2023,ENERO,MATRIMONIO,FEMENINO,SAN MARTIN,RIOJA,2
508,2023,ENERO,MATRIMONIO,FEMENINO,SAN MARTIN,SAN MARTIN,15
509,2023,ENERO,MATRIMONIO,FEMENINO,SAN MARTIN,TOCACHE,1
510,2023,ENERO,MATRIMONIO,FEMENINO,TACNA,TACNA,14
511,2023,ENERO,MATRIMONIO,FEMENINO,TACNA,TARATA,1
512,2023,ENERO,MATRIMONIO,FEMENINO,TUMBES,CONTRALMIRANTE VILLAR,1
513,2023,ENERO,MATRIMONIO,FEMENINO,TUMBES,TUMBES,29
514,2023,ENERO,MATRIMONIO,FEMENINO,TUMBES,ZARUMILLA,4
515,2023,ENERO,MATRIMONIO,FEMENINO,UCAYALI,CORONEL PORTILLO,32
516,2023,ENERO,MATRIMONIO,FEMENINO,VENEZUELA,CARACAS,1
517,2023,ENERO,MATRIMONIO,MASCULINO,ALEMANIA,BERLIN,1
518,2023,ENERO,MATRIMONIO,MASCULINO,AMAZONAS,BAGUA,3
519,2023,ENERO,MATRIMONIO,MASCULINO,AMAZONAS,CHACHAPOYAS,3
520,2023,ENERO,MATRIMONIO,MASCULINO,AMAZONAS,RODRIGUEZ DE MENDOZA,2
521,2023,ENERO,MATRIMONIO,MASCULINO,ANCASH,ASUNCION,1
522,2023,ENERO,MATRIMONIO,MASCULINO,ANCASH,BOLOGNESI,1
523,2023,ENERO,MATRIMONIO,MASCULINO,ANCASH,CARHUAZ,1
524,2023,ENERO,MATRIMONIO,MASCULINO,ANCASH,HUARAZ,4
525,2023,ENERO,MATRIMONIO,MASCULINO,ANCASH,HUARI,2
526,2023,ENERO,MATRIMONIO,MASCULINO,ANCASH,HUAYLAS,1
527,2023,ENERO,MATRIMONIO,MASCULINO,ANCASH,POMABAMBA,1
528,2023,ENERO,MATRIMONIO,MASCULINO,ANCASH,SANTA,20
529,2023,ENERO,MATRIMONIO,MASCULINO,ANCASH,YUNGAY,1
530,2023,ENERO,MATRIMONIO,MASCULINO,APURIMAC,ABANCAY,1
531,2023,ENERO,MATRIMONIO,MASCULINO,APURIMAC,ANDAHUAYLAS,2
532,2023,ENERO,MATRIMONIO,MASCULINO,APURIMAC,AYMARAES,3
533,2023,ENERO,MATRIMONIO,MASCULINO,APURIMAC,COTABAMBAS,1
534,2023,ENERO,MATRIMONIO,MASCULINO,AREQUIPA,AREQUIPA,89
535,2023,ENERO,MATRIMONIO,MASCULINO,AREQUIPA,CARAVELI,2
536,2023,ENERO,MATRIMONIO,MASCULINO,AREQUIPA,CASTILLA,1
537,2023,ENERO,MATRIMONIO,MASCULINO,AREQUIPA,CAYLLOMA,3
538,2023,ENERO,MATRIMONIO,MASCULINO,AREQUIPA,ISLAY,5
539,2023,ENERO,MATRIMONIO,MASCULINO,ARGENTINA,BUENOS AIRES,2
540,2023,ENERO,MATRIMONIO,MASCULINO,ARGENTINA,CORDOBA,1
541,2023,ENERO,MATRIMONIO,MASCULINO,ARGENTINA,LA PLATA,1
542,2023,ENERO,MATRIMONIO,MASCULINO,ARGENTINA,SALTA,1
543,2023,ENERO,MATRIMONIO,MASCULINO,AYACUCHO,CANGALLO,25
544,2023,ENERO,MATRIMONIO,MASCULINO,AYACUCHO,HUAMANGA,7
545,2023,ENERO,MATRIMONIO,MASCULINO,AYACUCHO,LA MAR,2
546,2023,ENERO,MATRIMONIO,MASCULINO,AYACUCHO,LUCANAS,1
547,2023,ENERO,MATRIMONIO,MASCULINO,AYACUCHO,VILCAS HUAMAN,1
548,2023,ENERO,MATRIMONIO,MASCULINO,BRASIL,SAO PAULO,2
549,2023,ENERO,MATRIMONIO,MASCULINO,CAJAMARCA,CAJAMARCA,49
550,2023,ENERO,MATRIMONIO,MASCULINO,CAJAMARCA,CELENDIN,3
551,2023,ENERO,MATRIMONIO,MASCULINO,CAJAMARCA,CHOTA,1
552,2023,ENERO,MATRIMONIO,MASCULINO,CAJAMARCA,HUALGAYOC,1
553,2023,ENERO,MATRIMONIO,MASCULINO,CAJAMARCA,JAEN,3
554,2023,ENERO,MATRIMONIO,MASCULINO,CAJAMARCA,SAN IGNACIO,1
555,2023,ENERO,MATRIMONIO,MASCULINO,CAJAMARCA,SAN MARCOS,1
556,2023,ENERO,MATRIMONIO,MASCULINO,CALLAO,CALLAO,363
557,2023,ENERO,MATRIMONIO,MASCULINO,CANADA,MONTREAL,3
558,2023,ENERO,MATRIMONIO,MASCULINO,CHILE,IQUIQUE,1
559,2023,ENERO,MATRIMONIO,MASCULINO,CHILE,SANTIAGO,2
560,2023,ENERO,MATRIMONIO,MASCULINO,CUSCO,ACOMAYO,1
561,2023,ENERO,MATRIMONIO,MASCULINO,CUSCO,ANTA,1
562,2023,ENERO,MATRIMONIO,MASCULINO,CUSCO,CALCA,1
563,2023,ENERO,MATRIMONIO,MASCULINO,CUSCO,CUSCO,54
564,2023,ENERO,MATRIMONIO,MASCULINO,CUSCO,LA CONVENCION,4
565,2023,ENERO,MATRIMONIO,MASCULINO,CUSCO,PARURO,1
566,2023,ENERO,MATRIMONIO,MASCULINO,CUSCO,QUISPICANCHI,1
567,2023,ENERO,MATRIMONIO,MASCULINO,CUSCO,URUBAMBA,2
568,2023,ENERO,MATRIMONIO,MASCULINO,ECUADOR,QUITO,1
569,2023,ENERO,MATRIMONIO,MASCULINO,ESPAŃA,ALMERIA,2
570,2023,ENERO,MATRIMONIO,MASCULINO,ESPAŃA,BARCELONA,4
571,2023,ENERO,MATRIMONIO,MASCULINO,ESPAŃA,GERONA,1
572,2023,ENERO,MATRIMONIO,MASCULINO,ESPAŃA,GUIPUZCOA,2
573,2023,ENERO,MATRIMONIO,MASCULINO,ESPAŃA,MADRID,7
574,2023,ENERO,MATRIMONIO,MASCULINO,ESPAŃA,NAVARRA,1
575,2023,ENERO,MATRIMONIO,MASCULINO,ESTADOS UNIDOS DE AMERICA,CAROLINA DEL NORTE,1
576,2023,ENERO,MATRIMONIO,MASCULINO,ESTADOS UNIDOS DE AMERICA,CONNECTICUT,1
577,2023,ENERO,MATRIMONIO,MASCULINO,ESTADOS UNIDOS DE AMERICA,DALLAS,5
578,2023,ENERO,MATRIMONIO,MASCULINO,ESTADOS UNIDOS DE AMERICA,FLORIDA,6
579,2023,ENERO,MATRIMONIO,MASCULINO,ESTADOS UNIDOS DE AMERICA,FORT LAUDERDALE,1
580,2023,ENERO,MATRIMONIO,MASCULINO,ESTADOS UNIDOS DE AMERICA,INDIANA,1
581,2023,ENERO,MATRIMONIO,MASCULINO,ESTADOS UNIDOS DE AMERICA,KENTUCKY,1
582,2023,ENERO,MATRIMONIO,MASCULINO,ESTADOS UNIDOS DE AMERICA,MARYLAND,3
583,2023,ENERO,MATRIMONIO,MASCULINO,ESTADOS UNIDOS DE AMERICA,MIAMI,4
584,2023,ENERO,MATRIMONIO,MASCULINO,ESTADOS UNIDOS DE AMERICA,NUEVA JERSEY,1
585,2023,ENERO,MATRIMONIO,MASCULINO,ESTADOS UNIDOS DE AMERICA,NUEVA YORK,4
586,2023,ENERO,MATRIMONIO,MASCULINO,ESTADOS UNIDOS DE AMERICA,OHIO,1
587,2023,ENERO,MATRIMONIO,MASCULINO,ESTADOS UNIDOS DE AMERICA,ORLANDO,1
588,2023,ENERO,MATRIMONIO,MASCULINO,ESTADOS UNIDOS DE AMERICA,PATERSON,3
589,2023,ENERO,MATRIMONIO,MASCULINO,ESTADOS UNIDOS DE AMERICA,SAN FRANCISCO,3
590,2023,ENERO,MATRIMONIO,MASCULINO,ESTADOS UNIDOS DE AMERICA,TAMPA,1
591,2023,ENERO,MATRIMONIO,MASCULINO,ESTADOS UNIDOS DE AMERICA,UTAH,1
592,2023,ENERO,MATRIMONIO,MASCULINO,ESTADOS UNIDOS DE AMERICA,VIRGINIA,5
593,2023,ENERO,MATRIMONIO,MASCULINO,FRANCIA,PARIS,1
594,2023,ENERO,MATRIMONIO,MASCULINO,FRANCIA,PROVENZA-COSTA AZUL,1
595,2023,ENERO,MATRIMONIO,MASCULINO,GRAN BRETAŃA,LONDRES,2
596,2023,ENERO,MATRIMONIO,MASCULINO,HUANCAVELICA,ACOBAMBA,3
597,2023,ENERO,MATRIMONIO,MASCULINO,HUANCAVELICA,ANGARAES,4
598,2023,ENERO,MATRIMONIO,MASCULINO,HUANCAVELICA,HUANCAVELICA,4
599,2023,ENERO,MATRIMONIO,MASCULINO,HUANCAVELICA,TAYACAJA,1
600,2023,ENERO,MATRIMONIO,MASCULINO,HUANUCO,AMBO,1
601,2023,ENERO,MATRIMONIO,MASCULINO,HUANUCO,DOS DE MAYO,1
602,2023,ENERO,MATRIMONIO,MASCULINO,HUANUCO,HUAMALIES,1
603,2023,ENERO,MATRIMONIO,MASCULINO,HUANUCO,HUANUCO,5
604,2023,ENERO,MATRIMONIO,MASCULINO,HUANUCO,LAURICOCHA,1
605,2023,ENERO,MATRIMONIO,MASCULINO,HUANUCO,LEONCIO PRADO,10
606,2023,ENERO,MATRIMONIO,MASCULINO,ICA,CHINCHA,8
607,2023,ENERO,MATRIMONIO,MASCULINO,ICA,ICA,37
608,2023,ENERO,MATRIMONIO,MASCULINO,ICA,NASCA,8
609,2023,ENERO,MATRIMONIO,MASCULINO,ICA,PALPA,3
610,2023,ENERO,MATRIMONIO,MASCULINO,ICA,PISCO,9
611,2023,ENERO,MATRIMONIO,MASCULINO,ITALIA,GENOVA,1
612,2023,ENERO,MATRIMONIO,MASCULINO,ITALIA,LIVORNO,1
613,2023,ENERO,MATRIMONIO,MASCULINO,ITALIA,LOMBARDIA,2
614,2023,ENERO,MATRIMONIO,MASCULINO,ITALIA,MILAN,3
615,2023,ENERO,MATRIMONIO,MASCULINO,ITALIA,NOVARA,1
616,2023,ENERO,MATRIMONIO,MASCULINO,ITALIA,PERUGIA,1
617,2023,ENERO,MATRIMONIO,MASCULINO,ITALIA,ROMA,2
618,2023,ENERO,MATRIMONIO,MASCULINO,JAPON,GIFU,1
619,2023,ENERO,MATRIMONIO,MASCULINO,JAPON,GUNMA,1
620,2023,ENERO,MATRIMONIO,MASCULINO,JAPON,KANAGAWA,2
621,2023,ENERO,MATRIMONIO,MASCULINO,JAPON,NAGANO,1
622,2023,ENERO,MATRIMONIO,MASCULINO,JAPON,SHIGA,1
623,2023,ENERO,MATRIMONIO,MASCULINO,JUNIN,CHANCHAMAYO,3
624,2023,ENERO,MATRIMONIO,MASCULINO,JUNIN,CHUPACA,2
625,2023,ENERO,MATRIMONIO,MASCULINO,JUNIN,CONCEPCION,3
626,2023,ENERO,MATRIMONIO,MASCULINO,JUNIN,HUANCAYO,65
627,2023,ENERO,MATRIMONIO,MASCULINO,JUNIN,JAUJA,2
628,2023,ENERO,MATRIMONIO,MASCULINO,JUNIN,SATIPO,3
629,2023,ENERO,MATRIMONIO,MASCULINO,JUNIN,TARMA,3
630,2023,ENERO,MATRIMONIO,MASCULINO,JUNIN,YAULI,1
631,2023,ENERO,MATRIMONIO,MASCULINO,LA LIBERTAD,ASCOPE,8
632,2023,ENERO,MATRIMONIO,MASCULINO,LA LIBERTAD,CHEPEN,3
633,2023,ENERO,MATRIMONIO,MASCULINO,LA LIBERTAD,JULCAN,1
634,2023,ENERO,MATRIMONIO,MASCULINO,LA LIBERTAD,PACASMAYO,3
635,2023,ENERO,MATRIMONIO,MASCULINO,LA LIBERTAD,SANCHEZ CARRION,2
636,2023,ENERO,MATRIMONIO,MASCULINO,LA LIBERTAD,TRUJILLO,194
637,2023,ENERO,MATRIMONIO,MASCULINO,LA LIBERTAD,VIRU,2
638,2023,ENERO,MATRIMONIO,MASCULINO,LAMBAYEQUE,CHICLAYO,106
639,2023,ENERO,MATRIMONIO,MASCULINO,LAMBAYEQUE,FERREŃAFE,1
640,2023,ENERO,MATRIMONIO,MASCULINO,LAMBAYEQUE,LAMBAYEQUE,10
641,2023,ENERO,MATRIMONIO,MASCULINO,LIMA,BARRANCA,10
642,2023,ENERO,MATRIMONIO,MASCULINO,LIMA,CANTA,3
643,2023,ENERO,MATRIMONIO,MASCULINO,LIMA,CAŃETE,14
644,2023,ENERO,MATRIMONIO,MASCULINO,LIMA,HUARAL,16
645,2023,ENERO,MATRIMONIO,MASCULINO,LIMA,HUAROCHIRI,21
646,2023,ENERO,MATRIMONIO,MASCULINO,LIMA,HUAURA,18
647,2023,ENERO,MATRIMONIO,MASCULINO,LIMA,LIMA,4559
648,2023,ENERO,MATRIMONIO,MASCULINO,LIMA,OYON,2
649,2023,ENERO,MATRIMONIO,MASCULINO,LORETO,ALTO AMAZONAS,1
650,2023,ENERO,MATRIMONIO,MASCULINO,LORETO,LORETO,1
651,2023,ENERO,MATRIMONIO,MASCULINO,LORETO,MARISCAL RAMON CASTILLA,1
652,2023,ENERO,MATRIMONIO,MASCULINO,LORETO,MAYNAS,56
653,2023,ENERO,MATRIMONIO,MASCULINO,LORETO,PUTUMAYO,1
654,2023,ENERO,MATRIMONIO,MASCULINO,LORETO,UCAYALI,2
655,2023,ENERO,MATRIMONIO,MASCULINO,MADRE DE DIOS,TAHUAMANU,1
656,2023,ENERO,MATRIMONIO,MASCULINO,MADRE DE DIOS,TAMBOPATA,6
657,2023,ENERO,MATRIMONIO,MASCULINO,MEXICO,CIUDAD DE MEXICO,2
658,2023,ENERO,MATRIMONIO,MASCULINO,MEXICO,ESTADO DE MEXICO,2
659,2023,ENERO,MATRIMONIO,MASCULINO,MOQUEGUA,ILO,3
660,2023,ENERO,MATRIMONIO,MASCULINO,MOQUEGUA,MARISCAL NIETO,3
661,2023,ENERO,MATRIMONIO,MASCULINO,PASCO,OXAPAMPA,1
662,2023,ENERO,MATRIMONIO,MASCULINO,PASCO,PASCO,8
663,2023,ENERO,MATRIMONIO,MASCULINO,PIURA,AYABACA,2
664,2023,ENERO,MATRIMONIO,MASCULINO,PIURA,HUANCABAMBA,5
665,2023,ENERO,MATRIMONIO,MASCULINO,PIURA,MORROPON,3
666,2023,ENERO,MATRIMONIO,MASCULINO,PIURA,PAITA,2
667,2023,ENERO,MATRIMONIO,MASCULINO,PIURA,PIURA,122
668,2023,ENERO,MATRIMONIO,MASCULINO,PIURA,SECHURA,3
669,2023,ENERO,MATRIMONIO,MASCULINO,PIURA,SULLANA,21
670,2023,ENERO,MATRIMONIO,MASCULINO,PIURA,TALARA,19
671,2023,ENERO,MATRIMONIO,MASCULINO,PUNO,CARABAYA,2
672,2023,ENERO,MATRIMONIO,MASCULINO,PUNO,CHUCUITO,1
673,2023,ENERO,MATRIMONIO,MASCULINO,PUNO,HUANCANE,1
674,2023,ENERO,MATRIMONIO,MASCULINO,PUNO,LAMPA,1
675,2023,ENERO,MATRIMONIO,MASCULINO,PUNO,PUNO,7
676,2023,ENERO,MATRIMONIO,MASCULINO,PUNO,SAN ROMAN,4
677,2023,ENERO,MATRIMONIO,MASCULINO,REPUBLICA DE PANAMA,PANAMA,1
678,2023,ENERO,MATRIMONIO,MASCULINO,REPUBLICA POPULAR CHINA,SHANGHAI,1
679,2023,ENERO,MATRIMONIO,MASCULINO,SAN MARTIN,BELLAVISTA,2
680,2023,ENERO,MATRIMONIO,MASCULINO,SAN MARTIN,EL DORADO,1
681,2023,ENERO,MATRIMONIO,MASCULINO,SAN MARTIN,MOYOBAMBA,2
682,2023,ENERO,MATRIMONIO,MASCULINO,SAN MARTIN,PICOTA,1
683,2023,ENERO,MATRIMONIO,MASCULINO,SAN MARTIN,RIOJA,1
684,2023,ENERO,MATRIMONIO,MASCULINO,SAN MARTIN,SAN MARTIN,14
685,2023,ENERO,MATRIMONIO,MASCULINO,SAN MARTIN,TOCACHE,1
686,2023,ENERO,MATRIMONIO,MASCULINO,TACNA,CANDARAVE,1
687,2023,ENERO,MATRIMONIO,MASCULINO,TACNA,JORGE BASADRE,2
688,2023,ENERO,MATRIMONIO,MASCULINO,TACNA,TACNA,16
689,2023,ENERO,MATRIMONIO,MASCULINO,TUMBES,CONTRALMIRANTE VILLAR,2
690,2023,ENERO,MATRIMONIO,MASCULINO,TUMBES,TUMBES,27
691,2023,ENERO,MATRIMONIO,MASCULINO,TUMBES,ZARUMILLA,3
692,2023,ENERO,MATRIMONIO,MASCULINO,UCAYALI,CORONEL PORTILLO,36
693,2023,ENERO,MATRIMONIO,MASCULINO,UCAYALI,PADRE ABAD,2
694,2023,ENERO,MATRIMONIO,MASCULINO,VENEZUELA,CARABOBO,1
695,2023,ENERO,NACIMIENTO,FEMENINO,ALEMANIA,BADEN-WÜRTTEMBERG,2
696,2023,ENERO,NACIMIENTO,FEMENINO,ALEMANIA,BAVIERA,2
697,2023,ENERO,NACIMIENTO,FEMENINO,ALEMANIA,BERLIN,3
698,2023,ENERO,NACIMIENTO,FEMENINO,ALEMANIA,MUNICH,1
699,2023,ENERO,NACIMIENTO,FEMENINO,ALEMANIA,RENANIA DEL NORTE-WESTFA,1
700,2023,ENERO,NACIMIENTO,FEMENINO,AMAZONAS,BAGUA,12
701,2023,ENERO,NACIMIENTO,FEMENINO,AMAZONAS,BONGARA,14
702,2023,ENERO,NACIMIENTO,FEMENINO,AMAZONAS,CHACHAPOYAS,8
703,2023,ENERO,NACIMIENTO,FEMENINO,AMAZONAS,CONDORCANQUI,19
704,2023,ENERO,NACIMIENTO,FEMENINO,AMAZONAS,LUYA,4
705,2023,ENERO,NACIMIENTO,FEMENINO,AMAZONAS,RODRIGUEZ DE MENDOZA,6
706,2023,ENERO,NACIMIENTO,FEMENINO,AMAZONAS,UTCUBAMBA,38
707,2023,ENERO,NACIMIENTO,FEMENINO,ANCASH,AIJA,2
708,2023,ENERO,NACIMIENTO,FEMENINO,ANCASH,ANTONIO RAIMONDI,3
709,2023,ENERO,NACIMIENTO,FEMENINO,ANCASH,ASUNCION,9
710,2023,ENERO,NACIMIENTO,FEMENINO,ANCASH,BOLOGNESI,19
711,2023,ENERO,NACIMIENTO,FEMENINO,ANCASH,CARHUAZ,19
712,2023,ENERO,NACIMIENTO,FEMENINO,ANCASH,CARLOS FERMIN FITZCARRALD,4
713,2023,ENERO,NACIMIENTO,FEMENINO,ANCASH,CASMA,15
714,2023,ENERO,NACIMIENTO,FEMENINO,ANCASH,HUARAZ,18
715,2023,ENERO,NACIMIENTO,FEMENINO,ANCASH,HUARI,49
716,2023,ENERO,NACIMIENTO,FEMENINO,ANCASH,HUARMEY,3
717,2023,ENERO,NACIMIENTO,FEMENINO,ANCASH,HUAYLAS,102
718,2023,ENERO,NACIMIENTO,FEMENINO,ANCASH,MARISCAL LUZURIAGA,5
719,2023,ENERO,NACIMIENTO,FEMENINO,ANCASH,OCROS,5
720,2023,ENERO,NACIMIENTO,FEMENINO,ANCASH,PALLASCA,9
721,2023,ENERO,NACIMIENTO,FEMENINO,ANCASH,POMABAMBA,1
722,2023,ENERO,NACIMIENTO,FEMENINO,ANCASH,RECUAY,7
723,2023,ENERO,NACIMIENTO,FEMENINO,ANCASH,SANTA,553
724,2023,ENERO,NACIMIENTO,FEMENINO,ANCASH,SIHUAS,2
725,2023,ENERO,NACIMIENTO,FEMENINO,ANCASH,YUNGAY,19
726,2023,ENERO,NACIMIENTO,FEMENINO,APURIMAC,ABANCAY,34
727,2023,ENERO,NACIMIENTO,FEMENINO,APURIMAC,ANDAHUAYLAS,21
728,2023,ENERO,NACIMIENTO,FEMENINO,APURIMAC,ANTABAMBA,2
729,2023,ENERO,NACIMIENTO,FEMENINO,APURIMAC,AYMARAES,3
730,2023,ENERO,NACIMIENTO,FEMENINO,APURIMAC,CHINCHEROS,19
731,2023,ENERO,NACIMIENTO,FEMENINO,APURIMAC,COTABAMBAS,9
732,2023,ENERO,NACIMIENTO,FEMENINO,APURIMAC,GRAU,3
733,2023,ENERO,NACIMIENTO,FEMENINO,AREQUIPA,AREQUIPA,769
734,2023,ENERO,NACIMIENTO,FEMENINO,AREQUIPA,CAMANA,32
735,2023,ENERO,NACIMIENTO,FEMENINO,AREQUIPA,CARAVELI,22
736,2023,ENERO,NACIMIENTO,FEMENINO,AREQUIPA,CASTILLA,8
737,2023,ENERO,NACIMIENTO,FEMENINO,AREQUIPA,CAYLLOMA,38
738,2023,ENERO,NACIMIENTO,FEMENINO,AREQUIPA,CONDESUYOS,1
739,2023,ENERO,NACIMIENTO,FEMENINO,AREQUIPA,ISLAY,15
740,2023,ENERO,NACIMIENTO,FEMENINO,AREQUIPA,LA UNION,2
741,2023,ENERO,NACIMIENTO,FEMENINO,ARGENTINA,BUENOS AIRES,24
742,2023,ENERO,NACIMIENTO,FEMENINO,ARGENTINA,CORDOBA,6
743,2023,ENERO,NACIMIENTO,FEMENINO,ARGENTINA,LA PLATA,1
744,2023,ENERO,NACIMIENTO,FEMENINO,ARGENTINA,NEUQUEN,2
745,2023,ENERO,NACIMIENTO,FEMENINO,AUSTRALIA,NUEVA GALES DEL SUR,1
746,2023,ENERO,NACIMIENTO,FEMENINO,AUSTRALIA,SIDNEY,1
747,2023,ENERO,NACIMIENTO,FEMENINO,AYACUCHO,CANGALLO,9
748,2023,ENERO,NACIMIENTO,FEMENINO,AYACUCHO,HUAMANGA,66
749,2023,ENERO,NACIMIENTO,FEMENINO,AYACUCHO,HUANCA SANCOS,4
750,2023,ENERO,NACIMIENTO,FEMENINO,AYACUCHO,HUANTA,20
751,2023,ENERO,NACIMIENTO,FEMENINO,AYACUCHO,LA MAR,10
752,2023,ENERO,NACIMIENTO,FEMENINO,AYACUCHO,LUCANAS,13
753,2023,ENERO,NACIMIENTO,FEMENINO,AYACUCHO,PARINACOCHAS,8
754,2023,ENERO,NACIMIENTO,FEMENINO,AYACUCHO,PAUCAR DEL SARA SARA,4
755,2023,ENERO,NACIMIENTO,FEMENINO,AYACUCHO,SUCRE,4
756,2023,ENERO,NACIMIENTO,FEMENINO,AYACUCHO,VICTOR FAJARDO,15
757,2023,ENERO,NACIMIENTO,FEMENINO,AYACUCHO,VILCAS HUAMAN,6
758,2023,ENERO,NACIMIENTO,FEMENINO,BAHAMAS,NASSAU,1
759,2023,ENERO,NACIMIENTO,FEMENINO,BRASIL,RIO DE JANEIRO,1
760,2023,ENERO,NACIMIENTO,FEMENINO,BRASIL,SAO PAULO,4
761,2023,ENERO,NACIMIENTO,FEMENINO,CAJAMARCA,CAJABAMBA,47
762,2023,ENERO,NACIMIENTO,FEMENINO,CAJAMARCA,CAJAMARCA,826
763,2023,ENERO,NACIMIENTO,FEMENINO,CAJAMARCA,CELENDIN,34
764,2023,ENERO,NACIMIENTO,FEMENINO,CAJAMARCA,CHOTA,31
765,2023,ENERO,NACIMIENTO,FEMENINO,CAJAMARCA,CONTUMAZA,6
766,2023,ENERO,NACIMIENTO,FEMENINO,CAJAMARCA,CUTERVO,21
767,2023,ENERO,NACIMIENTO,FEMENINO,CAJAMARCA,HUALGAYOC,29
768,2023,ENERO,NACIMIENTO,FEMENINO,CAJAMARCA,JAEN,46
769,2023,ENERO,NACIMIENTO,FEMENINO,CAJAMARCA,SAN IGNACIO,28
770,2023,ENERO,NACIMIENTO,FEMENINO,CAJAMARCA,SAN MARCOS,16
771,2023,ENERO,NACIMIENTO,FEMENINO,CAJAMARCA,SAN MIGUEL,15
772,2023,ENERO,NACIMIENTO,FEMENINO,CAJAMARCA,SAN PABLO,13
773,2023,ENERO,NACIMIENTO,FEMENINO,CAJAMARCA,SANTA CRUZ,13
774,2023,ENERO,NACIMIENTO,FEMENINO,CALLAO,CALLAO,1829
775,2023,ENERO,NACIMIENTO,FEMENINO,CANADA,MANITOBA,2
776,2023,ENERO,NACIMIENTO,FEMENINO,CANADA,MONTREAL,4
777,2023,ENERO,NACIMIENTO,FEMENINO,CANADA,ONTARIO,8
778,2023,ENERO,NACIMIENTO,FEMENINO,CANADA,QUEBEC,1
779,2023,ENERO,NACIMIENTO,FEMENINO,CANADA,TORONTO,1
780,2023,ENERO,NACIMIENTO,FEMENINO,CANADA,VANCOUVER,1
781,2023,ENERO,NACIMIENTO,FEMENINO,CHILE,ANTOFAGASTA,1
782,2023,ENERO,NACIMIENTO,FEMENINO,CHILE,CALAMA,1
783,2023,ENERO,NACIMIENTO,FEMENINO,CHILE,IQUIQUE,3
784,2023,ENERO,NACIMIENTO,FEMENINO,CHILE,MAULE,2
785,2023,ENERO,NACIMIENTO,FEMENINO,CHILE,O'HIGGINS,1
786,2023,ENERO,NACIMIENTO,FEMENINO,CHILE,SANTIAGO,50
787,2023,ENERO,NACIMIENTO,FEMENINO,CHILE,VALPARAISO,1
788,2023,ENERO,NACIMIENTO,FEMENINO,COLOMBIA,BARRANQUILLA,3
789,2023,ENERO,NACIMIENTO,FEMENINO,COLOMBIA,BOGOTA,2
790,2023,ENERO,NACIMIENTO,FEMENINO,COLOMBIA,BOLIVAR,1
791,2023,ENERO,NACIMIENTO,FEMENINO,COSTA RICA,CARTAGO,1
792,2023,ENERO,NACIMIENTO,FEMENINO,CUSCO,ACOMAYO,3
793,2023,ENERO,NACIMIENTO,FEMENINO,CUSCO,ANTA,25
794,2023,ENERO,NACIMIENTO,FEMENINO,CUSCO,CALCA,9
795,2023,ENERO,NACIMIENTO,FEMENINO,CUSCO,CANAS,4
796,2023,ENERO,NACIMIENTO,FEMENINO,CUSCO,CANCHIS,31
797,2023,ENERO,NACIMIENTO,FEMENINO,CUSCO,CHUMBIVILCAS,15
798,2023,ENERO,NACIMIENTO,FEMENINO,CUSCO,CUSCO,545
799,2023,ENERO,NACIMIENTO,FEMENINO,CUSCO,ESPINAR,10
800,2023,ENERO,NACIMIENTO,FEMENINO,CUSCO,LA CONVENCION,65
801,2023,ENERO,NACIMIENTO,FEMENINO,CUSCO,PARURO,16
802,2023,ENERO,NACIMIENTO,FEMENINO,CUSCO,PAUCARTAMBO,6
803,2023,ENERO,NACIMIENTO,FEMENINO,CUSCO,QUISPICANCHI,26
804,2023,ENERO,NACIMIENTO,FEMENINO,CUSCO,URUBAMBA,53
805,2023,ENERO,NACIMIENTO,FEMENINO,ECUADOR,QUITO,1
806,2023,ENERO,NACIMIENTO,FEMENINO,ESPAŃA,ALBACETE,1
807,2023,ENERO,NACIMIENTO,FEMENINO,ESPAŃA,ALICANTE,1
808,2023,ENERO,NACIMIENTO,FEMENINO,ESPAŃA,ALMERIA,1
809,2023,ENERO,NACIMIENTO,FEMENINO,ESPAŃA,BADAJOZ,2
810,2023,ENERO,NACIMIENTO,FEMENINO,ESPAŃA,BARCELONA,26
811,2023,ENERO,NACIMIENTO,FEMENINO,ESPAŃA,BILBAO,1
812,2023,ENERO,NACIMIENTO,FEMENINO,ESPAŃA,BURGOS,2
813,2023,ENERO,NACIMIENTO,FEMENINO,ESPAŃA,CANTABRIA,2
814,2023,ENERO,NACIMIENTO,FEMENINO,ESPAŃA,CASTELLON,1
815,2023,ENERO,NACIMIENTO,FEMENINO,ESPAŃA,GALICIA,1
816,2023,ENERO,NACIMIENTO,FEMENINO,ESPAŃA,GUADALAJARA,2
817,2023,ENERO,NACIMIENTO,FEMENINO,ESPAŃA,GUIPUZCOA,1
818,2023,ENERO,NACIMIENTO,FEMENINO,ESPAŃA,MADRID,60
819,2023,ENERO,NACIMIENTO,FEMENINO,ESPAŃA,MALLORCA,1
820,2023,ENERO,NACIMIENTO,FEMENINO,ESPAŃA,NAVARRA,2
821,2023,ENERO,NACIMIENTO,FEMENINO,ESPAŃA,SALAMANCA,2
822,2023,ENERO,NACIMIENTO,FEMENINO,ESPAŃA,SORIA,2
823,2023,ENERO,NACIMIENTO,FEMENINO,ESPAŃA,TARRAGONA,1
824,2023,ENERO,NACIMIENTO,FEMENINO,ESPAŃA,VIZCAYA,1
825,2023,ENERO,NACIMIENTO,FEMENINO,ESPAŃA,ZARAGOZA,1
826,2023,ENERO,NACIMIENTO,FEMENINO,ESTADOS UNIDOS DE AMERICA,ALABAMA,1
827,2023,ENERO,NACIMIENTO,FEMENINO,ESTADOS UNIDOS DE AMERICA,BOSTON,4
828,2023,ENERO,NACIMIENTO,FEMENINO,ESTADOS UNIDOS DE AMERICA,CALIFORNIA,1
829,2023,ENERO,NACIMIENTO,FEMENINO,ESTADOS UNIDOS DE AMERICA,CAROLINA DEL NORTE,4
830,2023,ENERO,NACIMIENTO,FEMENINO,ESTADOS UNIDOS DE AMERICA,COLORADO,2
831,2023,ENERO,NACIMIENTO,FEMENINO,ESTADOS UNIDOS DE AMERICA,CONNECTICUT,6
832,2023,ENERO,NACIMIENTO,FEMENINO,ESTADOS UNIDOS DE AMERICA,DALLAS,3
833,2023,ENERO,NACIMIENTO,FEMENINO,ESTADOS UNIDOS DE AMERICA,FLORIDA,4
834,2023,ENERO,NACIMIENTO,FEMENINO,ESTADOS UNIDOS DE AMERICA,FORT LAUDERDALE,3
835,2023,ENERO,NACIMIENTO,FEMENINO,ESTADOS UNIDOS DE AMERICA,GEORGIA,4
836,2023,ENERO,NACIMIENTO,FEMENINO,ESTADOS UNIDOS DE AMERICA,HOUSTON,4
837,2023,ENERO,NACIMIENTO,FEMENINO,ESTADOS UNIDOS DE AMERICA,ILLINOIS,1
838,2023,ENERO,NACIMIENTO,FEMENINO,ESTADOS UNIDOS DE AMERICA,KANSAS,2
839,2023,ENERO,NACIMIENTO,FEMENINO,ESTADOS UNIDOS DE AMERICA,LAS VEGAS,1
840,2023,ENERO,NACIMIENTO,FEMENINO,ESTADOS UNIDOS DE AMERICA,LOS ANGELES,10
841,2023,ENERO,NACIMIENTO,FEMENINO,ESTADOS UNIDOS DE AMERICA,MARYLAND,1
842,2023,ENERO,NACIMIENTO,FEMENINO,ESTADOS UNIDOS DE AMERICA,MASSACHUSETTS,1
843,2023,ENERO,NACIMIENTO,FEMENINO,ESTADOS UNIDOS DE AMERICA,MIAMI,26
844,2023,ENERO,NACIMIENTO,FEMENINO,ESTADOS UNIDOS DE AMERICA,MINNESOTA,1
845,2023,ENERO,NACIMIENTO,FEMENINO,ESTADOS UNIDOS DE AMERICA,NUEVA JERSEY,24
846,2023,ENERO,NACIMIENTO,FEMENINO,ESTADOS UNIDOS DE AMERICA,NUEVA YORK,19
847,2023,ENERO,NACIMIENTO,FEMENINO,ESTADOS UNIDOS DE AMERICA,ORLANDO,1
848,2023,ENERO,NACIMIENTO,FEMENINO,ESTADOS UNIDOS DE AMERICA,PATERSON,1
849,2023,ENERO,NACIMIENTO,FEMENINO,ESTADOS UNIDOS DE AMERICA,SALT LAKE CITY,1
850,2023,ENERO,NACIMIENTO,FEMENINO,ESTADOS UNIDOS DE AMERICA,SAN DIEGO,1
851,2023,ENERO,NACIMIENTO,FEMENINO,ESTADOS UNIDOS DE AMERICA,SAN FRANCISCO,6
852,2023,ENERO,NACIMIENTO,FEMENINO,ESTADOS UNIDOS DE AMERICA,SEATLE,1
853,2023,ENERO,NACIMIENTO,FEMENINO,ESTADOS UNIDOS DE AMERICA,TAMPA,1
854,2023,ENERO,NACIMIENTO,FEMENINO,ESTADOS UNIDOS DE AMERICA,TENNESSEE,2
855,2023,ENERO,NACIMIENTO,FEMENINO,ESTADOS UNIDOS DE AMERICA,UTAH,2
856,2023,ENERO,NACIMIENTO,FEMENINO,ESTADOS UNIDOS DE AMERICA,VIRGINIA,10
857,2023,ENERO,NACIMIENTO,FEMENINO,ESTADOS UNIDOS DE AMERICA,WASHINGTON D. C.,1
858,2023,ENERO,NACIMIENTO,FEMENINO,ESTADOS UNIDOS DE AMERICA,WISCONSIN,1
859,2023,ENERO,NACIMIENTO,FEMENINO,FRANCIA,BRETAŃA,1
860,2023,ENERO,NACIMIENTO,FEMENINO,FRANCIA,ESTRASBURGO,1
861,2023,ENERO,NACIMIENTO,FEMENINO,FRANCIA,ILE DE FRANCE,2
862,2023,ENERO,NACIMIENTO,FEMENINO,FRANCIA,MARSELLA,1
863,2023,ENERO,NACIMIENTO,FEMENINO,FRANCIA,PAIS DEL LOIRA,1
864,2023,ENERO,NACIMIENTO,FEMENINO,FRANCIA,PARIS,4
865,2023,ENERO,NACIMIENTO,FEMENINO,GRAN BRETAŃA,LONDRES,2
866,2023,ENERO,NACIMIENTO,FEMENINO,GRAN DUCADO DE LUXEMBURGO,LUXEMBURGO,1
867,2023,ENERO,NACIMIENTO,FEMENINO,HOLANDA,HOLANDA MERIDIONAL,1
868,2023,ENERO,NACIMIENTO,FEMENINO,HUANCAVELICA,ACOBAMBA,23
869,2023,ENERO,NACIMIENTO,FEMENINO,HUANCAVELICA,ANGARAES,47
870,2023,ENERO,NACIMIENTO,FEMENINO,HUANCAVELICA,CASTROVIRREYNA,11
871,2023,ENERO,NACIMIENTO,FEMENINO,HUANCAVELICA,CHURCAMPA,30
872,2023,ENERO,NACIMIENTO,FEMENINO,HUANCAVELICA,HUANCAVELICA,86
873,2023,ENERO,NACIMIENTO,FEMENINO,HUANCAVELICA,HUAYTARA,23
874,2023,ENERO,NACIMIENTO,FEMENINO,HUANCAVELICA,TAYACAJA,71
875,2023,ENERO,NACIMIENTO,FEMENINO,HUANUCO,AMBO,39
876,2023,ENERO,NACIMIENTO,FEMENINO,HUANUCO,DOS DE MAYO,40
877,2023,ENERO,NACIMIENTO,FEMENINO,HUANUCO,HUACAYBAMBA,4
878,2023,ENERO,NACIMIENTO,FEMENINO,HUANUCO,HUAMALIES,26
879,2023,ENERO,NACIMIENTO,FEMENINO,HUANUCO,HUANUCO,208
880,2023,ENERO,NACIMIENTO,FEMENINO,HUANUCO,LAURICOCHA,18
881,2023,ENERO,NACIMIENTO,FEMENINO,HUANUCO,LEONCIO PRADO,121
882,2023,ENERO,NACIMIENTO,FEMENINO,HUANUCO,MARAŃON,4
883,2023,ENERO,NACIMIENTO,FEMENINO,HUANUCO,PACHITEA,49
884,2023,ENERO,NACIMIENTO,FEMENINO,HUANUCO,PUERTO INCA,5
885,2023,ENERO,NACIMIENTO,FEMENINO,HUANUCO,YAROWILCA,26
886,2023,ENERO,NACIMIENTO,FEMENINO,ICA,CHINCHA,327
887,2023,ENERO,NACIMIENTO,FEMENINO,ICA,ICA,735
888,2023,ENERO,NACIMIENTO,FEMENINO,ICA,NASCA,78
889,2023,ENERO,NACIMIENTO,FEMENINO,ICA,PALPA,10
890,2023,ENERO,NACIMIENTO,FEMENINO,ICA,PISCO,137
891,2023,ENERO,NACIMIENTO,FEMENINO,ITALIA,BOLONIA,1
892,2023,ENERO,NACIMIENTO,FEMENINO,ITALIA,EMILIA ROMAGNA,2
893,2023,ENERO,NACIMIENTO,FEMENINO,ITALIA,FLORENCIA,6
894,2023,ENERO,NACIMIENTO,FEMENINO,ITALIA,GENOVA,3
895,2023,ENERO,NACIMIENTO,FEMENINO,ITALIA,LACIO,1
896,2023,ENERO,NACIMIENTO,FEMENINO,ITALIA,LOMBARDIA,5
897,2023,ENERO,NACIMIENTO,FEMENINO,ITALIA,MARCAS,2
898,2023,ENERO,NACIMIENTO,FEMENINO,ITALIA,MILAN,23
899,2023,ENERO,NACIMIENTO,FEMENINO,ITALIA,NAPOLES,2
900,2023,ENERO,NACIMIENTO,FEMENINO,ITALIA,PAVIA,1
901,2023,ENERO,NACIMIENTO,FEMENINO,ITALIA,PERUGIA,2
902,2023,ENERO,NACIMIENTO,FEMENINO,ITALIA,ROMA,14
903,2023,ENERO,NACIMIENTO,FEMENINO,ITALIA,TOSCANA,3
904,2023,ENERO,NACIMIENTO,FEMENINO,ITALIA,TRIESTE,1
905,2023,ENERO,NACIMIENTO,FEMENINO,ITALIA,TURIN,3
906,2023,ENERO,NACIMIENTO,FEMENINO,ITALIA,VENETO,3
907,2023,ENERO,NACIMIENTO,FEMENINO,JAPON,AICHI,1
908,2023,ENERO,NACIMIENTO,FEMENINO,JAPON,CHIBA,1
909,2023,ENERO,NACIMIENTO,FEMENINO,JAPON,GUNMA,2
910,2023,ENERO,NACIMIENTO,FEMENINO,JAPON,IBARAKI,1
911,2023,ENERO,NACIMIENTO,FEMENINO,JAPON,KANAGAWA,1
912,2023,ENERO,NACIMIENTO,FEMENINO,JAPON,OKINAWA,1
913,2023,ENERO,NACIMIENTO,FEMENINO,JAPON,SAITAMA,2
914,2023,ENERO,NACIMIENTO,FEMENINO,JAPON,SHIGA,1
915,2023,ENERO,NACIMIENTO,FEMENINO,JUNIN,CHANCHAMAYO,53
916,2023,ENERO,NACIMIENTO,FEMENINO,JUNIN,CHUPACA,86
917,2023,ENERO,NACIMIENTO,FEMENINO,JUNIN,CONCEPCION,49
918,2023,ENERO,NACIMIENTO,FEMENINO,JUNIN,HUANCAYO,812
919,2023,ENERO,NACIMIENTO,FEMENINO,JUNIN,JAUJA,44
920,2023,ENERO,NACIMIENTO,FEMENINO,JUNIN,JUNIN,4
921,2023,ENERO,NACIMIENTO,FEMENINO,JUNIN,SATIPO,41
922,2023,ENERO,NACIMIENTO,FEMENINO,JUNIN,TARMA,28
923,2023,ENERO,NACIMIENTO,FEMENINO,JUNIN,YAULI,7
924,2023,ENERO,NACIMIENTO,FEMENINO,LA LIBERTAD,ASCOPE,85
925,2023,ENERO,NACIMIENTO,FEMENINO,LA LIBERTAD,BOLIVAR,4
926,2023,ENERO,NACIMIENTO,FEMENINO,LA LIBERTAD,CHEPEN,66
927,2023,ENERO,NACIMIENTO,FEMENINO,LA LIBERTAD,GRAN CHIMU,8
928,2023,ENERO,NACIMIENTO,FEMENINO,LA LIBERTAD,JULCAN,8
929,2023,ENERO,NACIMIENTO,FEMENINO,LA LIBERTAD,OTUZCO,26
930,2023,ENERO,NACIMIENTO,FEMENINO,LA LIBERTAD,PACASMAYO,34
931,2023,ENERO,NACIMIENTO,FEMENINO,LA LIBERTAD,PATAZ,19
932,2023,ENERO,NACIMIENTO,FEMENINO,LA LIBERTAD,SANCHEZ CARRION,31
933,2023,ENERO,NACIMIENTO,FEMENINO,LA LIBERTAD,SANTIAGO DE CHUCO,17
934,2023,ENERO,NACIMIENTO,FEMENINO,LA LIBERTAD,TRUJILLO,1674
935,2023,ENERO,NACIMIENTO,FEMENINO,LA LIBERTAD,VIRU,114
936,2023,ENERO,NACIMIENTO,FEMENINO,LAMBAYEQUE,CHICLAYO,1052
937,2023,ENERO,NACIMIENTO,FEMENINO,LAMBAYEQUE,FERREŃAFE,45
938,2023,ENERO,NACIMIENTO,FEMENINO,LAMBAYEQUE,LAMBAYEQUE,156
939,2023,ENERO,NACIMIENTO,FEMENINO,LIMA,BARRANCA,94
940,2023,ENERO,NACIMIENTO,FEMENINO,LIMA,CAJATAMBO,1
941,2023,ENERO,NACIMIENTO,FEMENINO,LIMA,CANTA,19
942,2023,ENERO,NACIMIENTO,FEMENINO,LIMA,CAŃETE,186
943,2023,ENERO,NACIMIENTO,FEMENINO,LIMA,HUARAL,157
944,2023,ENERO,NACIMIENTO,FEMENINO,LIMA,HUAROCHIRI,164
945,2023,ENERO,NACIMIENTO,FEMENINO,LIMA,HUAURA,171
946,2023,ENERO,NACIMIENTO,FEMENINO,LIMA,LIMA,21855
947,2023,ENERO,NACIMIENTO,FEMENINO,LIMA,OYON,3
948,2023,ENERO,NACIMIENTO,FEMENINO,LIMA,YAUYOS,19
949,2023,ENERO,NACIMIENTO,FEMENINO,LORETO,ALTO AMAZONAS,57
950,2023,ENERO,NACIMIENTO,FEMENINO,LORETO,DATEM DEL MARAŃON,1
951,2023,ENERO,NACIMIENTO,FEMENINO,LORETO,LORETO,18
952,2023,ENERO,NACIMIENTO,FEMENINO,LORETO,MARISCAL RAMON CASTILLA,8
953,2023,ENERO,NACIMIENTO,FEMENINO,LORETO,MAYNAS,708
954,2023,ENERO,NACIMIENTO,FEMENINO,LORETO,PUTUMAYO,3
955,2023,ENERO,NACIMIENTO,FEMENINO,LORETO,REQUENA,16
956,2023,ENERO,NACIMIENTO,FEMENINO,LORETO,UCAYALI,12
957,2023,ENERO,NACIMIENTO,FEMENINO,MADRE DE DIOS,MANU,9
958,2023,ENERO,NACIMIENTO,FEMENINO,MADRE DE DIOS,TAHUAMANU,4
959,2023,ENERO,NACIMIENTO,FEMENINO,MADRE DE DIOS,TAMBOPATA,146
960,2023,ENERO,NACIMIENTO,FEMENINO,MEXICO,GUADALAJARA,1
961,2023,ENERO,NACIMIENTO,FEMENINO,MEXICO,JALISCO,1
962,2023,ENERO,NACIMIENTO,FEMENINO,MEXICO,QUERETARO,1
963,2023,ENERO,NACIMIENTO,FEMENINO,MOQUEGUA,GENERAL SANCHEZ CERRO,11
964,2023,ENERO,NACIMIENTO,FEMENINO,MOQUEGUA,ILO,15
965,2023,ENERO,NACIMIENTO,FEMENINO,MOQUEGUA,MARISCAL NIETO,33
966,2023,ENERO,NACIMIENTO,FEMENINO,NUEVA ZELANDA,AUCKLAND,3
967,2023,ENERO,NACIMIENTO,FEMENINO,PASCO,DANIEL ALCIDES CARRION,2
968,2023,ENERO,NACIMIENTO,FEMENINO,PASCO,OXAPAMPA,29
969,2023,ENERO,NACIMIENTO,FEMENINO,PASCO,PASCO,32
970,2023,ENERO,NACIMIENTO,FEMENINO,PIURA,AYABACA,50
971,2023,ENERO,NACIMIENTO,FEMENINO,PIURA,HUANCABAMBA,31
972,2023,ENERO,NACIMIENTO,FEMENINO,PIURA,MORROPON,122
973,2023,ENERO,NACIMIENTO,FEMENINO,PIURA,PAITA,192
974,2023,ENERO,NACIMIENTO,FEMENINO,PIURA,PIURA,657
975,2023,ENERO,NACIMIENTO,FEMENINO,PIURA,SECHURA,26
976,2023,ENERO,NACIMIENTO,FEMENINO,PIURA,SULLANA,419
977,2023,ENERO,NACIMIENTO,FEMENINO,PIURA,TALARA,49
978,2023,ENERO,NACIMIENTO,FEMENINO,PUNO,AZANGARO,12
979,2023,ENERO,NACIMIENTO,FEMENINO,PUNO,CHUCUITO,8
980,2023,ENERO,NACIMIENTO,FEMENINO,PUNO,EL COLLAO,15
981,2023,ENERO,NACIMIENTO,FEMENINO,PUNO,HUANCANE,8
982,2023,ENERO,NACIMIENTO,FEMENINO,PUNO,LAMPA,6
983,2023,ENERO,NACIMIENTO,FEMENINO,PUNO,MELGAR,8
984,2023,ENERO,NACIMIENTO,FEMENINO,PUNO,MOHO,2
985,2023,ENERO,NACIMIENTO,FEMENINO,PUNO,PUNO,62
986,2023,ENERO,NACIMIENTO,FEMENINO,PUNO,SAN ANTONIO DE PUTINA,1
987,2023,ENERO,NACIMIENTO,FEMENINO,PUNO,SAN ROMAN,121
988,2023,ENERO,NACIMIENTO,FEMENINO,PUNO,SANDIA,6
989,2023,ENERO,NACIMIENTO,FEMENINO,PUNO,YUNGUYO,1
990,2023,ENERO,NACIMIENTO,FEMENINO,REPUBLICA DE PANAMA,PANAMA,2
991,2023,ENERO,NACIMIENTO,FEMENINO,REPUBLICA POPULAR CHINA,REGION ADMINISTRATIVA ESPECIAL HONG KONG,1
992,2023,ENERO,NACIMIENTO,FEMENINO,SAN MARTIN,BELLAVISTA,13
993,2023,ENERO,NACIMIENTO,FEMENINO,SAN MARTIN,EL DORADO,7
994,2023,ENERO,NACIMIENTO,FEMENINO,SAN MARTIN,HUALLAGA,5
995,2023,ENERO,NACIMIENTO,FEMENINO,SAN MARTIN,LAMAS,19
996,2023,ENERO,NACIMIENTO,FEMENINO,SAN MARTIN,MARISCAL CACERES,24
997,2023,ENERO,NACIMIENTO,FEMENINO,SAN MARTIN,MOYOBAMBA,50
998,2023,ENERO,NACIMIENTO,FEMENINO,SAN MARTIN,PICOTA,22
999,2023,ENERO,NACIMIENTO,FEMENINO,SAN MARTIN,RIOJA,127
1000,2023,ENERO,NACIMIENTO,FEMENINO,SAN MARTIN,SAN MARTIN,105
1001,2023,ENERO,NACIMIENTO,FEMENINO,SAN MARTIN,TOCACHE,18
1002,2023,ENERO,NACIMIENTO,FEMENINO,SUECIA,ESTOCOLMO,1
1003,2023,ENERO,NACIMIENTO,FEMENINO,SUIZA,GINEBRA,2
1004,2023,ENERO,NACIMIENTO,FEMENINO,SUIZA,LAUSSANE,1
1005,2023,ENERO,NACIMIENTO,FEMENINO,SUIZA,OBWALDEN,1
1006,2023,ENERO,NACIMIENTO,FEMENINO,TACNA,CANDARAVE,1
1007,2023,ENERO,NACIMIENTO,FEMENINO,TACNA,JORGE BASADRE,4
1008,2023,ENERO,NACIMIENTO,FEMENINO,TACNA,TACNA,306
1009,2023,ENERO,NACIMIENTO,FEMENINO,TACNA,TARATA,10
1010,2023,ENERO,NACIMIENTO,FEMENINO,TUMBES,CONTRALMIRANTE VILLAR,12
1011,2023,ENERO,NACIMIENTO,FEMENINO,TUMBES,TUMBES,260
1012,2023,ENERO,NACIMIENTO,FEMENINO,TUMBES,ZARUMILLA,27
1013,2023,ENERO,NACIMIENTO,FEMENINO,UCAYALI,ATALAYA,21
1014,2023,ENERO,NACIMIENTO,FEMENINO,UCAYALI,CORONEL PORTILLO,455
1015,2023,ENERO,NACIMIENTO,FEMENINO,UCAYALI,PADRE ABAD,21
1016,2023,ENERO,NACIMIENTO,FEMENINO,VENEZUELA,CARACAS,1
1017,2023,ENERO,NACIMIENTO,FEMENINO,VENEZUELA,MIRANDA,1
1018,2023,ENERO,NACIMIENTO,MASCULINO,ALEMANIA,BAVIERA,2
1019,2023,ENERO,NACIMIENTO,MASCULINO,ALEMANIA,ESSEN,3
1020,2023,ENERO,NACIMIENTO,MASCULINO,ALEMANIA,HESSEN,1
1021,2023,ENERO,NACIMIENTO,MASCULINO,ALEMANIA,MUNICH,1
1022,2023,ENERO,NACIMIENTO,MASCULINO,ALEMANIA,RENANIA-PALATINADO,1
1023,2023,ENERO,NACIMIENTO,MASCULINO,AMAZONAS,BAGUA,4
1024,2023,ENERO,NACIMIENTO,MASCULINO,AMAZONAS,BONGARA,5
1025,2023,ENERO,NACIMIENTO,MASCULINO,AMAZONAS,CHACHAPOYAS,13
1026,2023,ENERO,NACIMIENTO,MASCULINO,AMAZONAS,CONDORCANQUI,5
1027,2023,ENERO,NACIMIENTO,MASCULINO,AMAZONAS,LUYA,1
1028,2023,ENERO,NACIMIENTO,MASCULINO,AMAZONAS,RODRIGUEZ DE MENDOZA,9
1029,2023,ENERO,NACIMIENTO,MASCULINO,AMAZONAS,UTCUBAMBA,25
1030,2023,ENERO,NACIMIENTO,MASCULINO,ANCASH,AIJA,2
1031,2023,ENERO,NACIMIENTO,MASCULINO,ANCASH,ANTONIO RAIMONDI,4
1032,2023,ENERO,NACIMIENTO,MASCULINO,ANCASH,BOLOGNESI,6
1033,2023,ENERO,NACIMIENTO,MASCULINO,ANCASH,CARHUAZ,6
1034,2023,ENERO,NACIMIENTO,MASCULINO,ANCASH,CARLOS FERMIN FITZCARRALD,2
1035,2023,ENERO,NACIMIENTO,MASCULINO,ANCASH,CASMA,8
1036,2023,ENERO,NACIMIENTO,MASCULINO,ANCASH,CORONGO,3
1037,2023,ENERO,NACIMIENTO,MASCULINO,ANCASH,HUARAZ,21
1038,2023,ENERO,NACIMIENTO,MASCULINO,ANCASH,HUARI,23
1039,2023,ENERO,NACIMIENTO,MASCULINO,ANCASH,HUARMEY,5
1040,2023,ENERO,NACIMIENTO,MASCULINO,ANCASH,HUAYLAS,33
1041,2023,ENERO,NACIMIENTO,MASCULINO,ANCASH,MARISCAL LUZURIAGA,1
1042,2023,ENERO,NACIMIENTO,MASCULINO,ANCASH,OCROS,5
1043,2023,ENERO,NACIMIENTO,MASCULINO,ANCASH,PALLASCA,4
1044,2023,ENERO,NACIMIENTO,MASCULINO,ANCASH,POMABAMBA,4
1045,2023,ENERO,NACIMIENTO,MASCULINO,ANCASH,RECUAY,6
1046,2023,ENERO,NACIMIENTO,MASCULINO,ANCASH,SANTA,261
1047,2023,ENERO,NACIMIENTO,MASCULINO,ANCASH,SIHUAS,3
1048,2023,ENERO,NACIMIENTO,MASCULINO,ANCASH,YUNGAY,6
1049,2023,ENERO,NACIMIENTO,MASCULINO,APURIMAC,ABANCAY,22
1050,2023,ENERO,NACIMIENTO,MASCULINO,APURIMAC,ANDAHUAYLAS,14
1051,2023,ENERO,NACIMIENTO,MASCULINO,APURIMAC,ANTABAMBA,3
1052,2023,ENERO,NACIMIENTO,MASCULINO,APURIMAC,AYMARAES,5
1053,2023,ENERO,NACIMIENTO,MASCULINO,APURIMAC,CHINCHEROS,2
1054,2023,ENERO,NACIMIENTO,MASCULINO,APURIMAC,COTABAMBAS,4
1055,2023,ENERO,NACIMIENTO,MASCULINO,APURIMAC,GRAU,2
1056,2023,ENERO,NACIMIENTO,MASCULINO,ARABIA SAUDITA,RIAD,1
1057,2023,ENERO,NACIMIENTO,MASCULINO,AREQUIPA,AREQUIPA,393
1058,2023,ENERO,NACIMIENTO,MASCULINO,AREQUIPA,CAMANA,14
1059,2023,ENERO,NACIMIENTO,MASCULINO,AREQUIPA,CARAVELI,11
1060,2023,ENERO,NACIMIENTO,MASCULINO,AREQUIPA,CASTILLA,3
1061,2023,ENERO,NACIMIENTO,MASCULINO,AREQUIPA,CAYLLOMA,22
1062,2023,ENERO,NACIMIENTO,MASCULINO,AREQUIPA,CONDESUYOS,1
1063,2023,ENERO,NACIMIENTO,MASCULINO,AREQUIPA,ISLAY,10
1064,2023,ENERO,NACIMIENTO,MASCULINO,AREQUIPA,LA UNION,2
1065,2023,ENERO,NACIMIENTO,MASCULINO,ARGENTINA,BUENOS AIRES,20
1066,2023,ENERO,NACIMIENTO,MASCULINO,ARGENTINA,CORDOBA,3
1067,2023,ENERO,NACIMIENTO,MASCULINO,ARGENTINA,LA PLATA,2
1068,2023,ENERO,NACIMIENTO,MASCULINO,ARGENTINA,ROSARIO DE SANTA FE,1
1069,2023,ENERO,NACIMIENTO,MASCULINO,ARGENTINA,TUCUMAN,1
1070,2023,ENERO,NACIMIENTO,MASCULINO,AUSTRALIA,QUEENSLAND,2
1071,2023,ENERO,NACIMIENTO,MASCULINO,AUSTRALIA,SIDNEY,2
1072,2023,ENERO,NACIMIENTO,MASCULINO,AUSTRALIA,VICTORIA,1
1073,2023,ENERO,NACIMIENTO,MASCULINO,AYACUCHO,CANGALLO,58
1074,2023,ENERO,NACIMIENTO,MASCULINO,AYACUCHO,HUAMANGA,38
1075,2023,ENERO,NACIMIENTO,MASCULINO,AYACUCHO,HUANCA SANCOS,1
1076,2023,ENERO,NACIMIENTO,MASCULINO,AYACUCHO,HUANTA,5
1077,2023,ENERO,NACIMIENTO,MASCULINO,AYACUCHO,LA MAR,7
1078,2023,ENERO,NACIMIENTO,MASCULINO,AYACUCHO,LUCANAS,6
1079,2023,ENERO,NACIMIENTO,MASCULINO,AYACUCHO,PARINACOCHAS,11
1080,2023,ENERO,NACIMIENTO,MASCULINO,AYACUCHO,PAUCAR DEL SARA SARA,8
1081,2023,ENERO,NACIMIENTO,MASCULINO,AYACUCHO,SUCRE,1
1082,2023,ENERO,NACIMIENTO,MASCULINO,AYACUCHO,VICTOR FAJARDO,2
1083,2023,ENERO,NACIMIENTO,MASCULINO,AYACUCHO,VILCAS HUAMAN,4
1084,2023,ENERO,NACIMIENTO,MASCULINO,BOLIVIA,LA PAZ,1
1085,2023,ENERO,NACIMIENTO,MASCULINO,BRASIL,BRASILIA,1
1086,2023,ENERO,NACIMIENTO,MASCULINO,BRASIL,RIO DE JANEIRO,2
1087,2023,ENERO,NACIMIENTO,MASCULINO,BRASIL,SAO PAULO,2
1088,2023,ENERO,NACIMIENTO,MASCULINO,BRASIL,SERGIPE,1
1089,2023,ENERO,NACIMIENTO,MASCULINO,CAJAMARCA,CAJABAMBA,12
1090,2023,ENERO,NACIMIENTO,MASCULINO,CAJAMARCA,CAJAMARCA,414
1091,2023,ENERO,NACIMIENTO,MASCULINO,CAJAMARCA,CELENDIN,18
1092,2023,ENERO,NACIMIENTO,MASCULINO,CAJAMARCA,CHOTA,12
1093,2023,ENERO,NACIMIENTO,MASCULINO,CAJAMARCA,CONTUMAZA,9
1094,2023,ENERO,NACIMIENTO,MASCULINO,CAJAMARCA,CUTERVO,8
1095,2023,ENERO,NACIMIENTO,MASCULINO,CAJAMARCA,HUALGAYOC,11
1096,2023,ENERO,NACIMIENTO,MASCULINO,CAJAMARCA,JAEN,23
1097,2023,ENERO,NACIMIENTO,MASCULINO,CAJAMARCA,SAN IGNACIO,4
1098,2023,ENERO,NACIMIENTO,MASCULINO,CAJAMARCA,SAN MARCOS,7
1099,2023,ENERO,NACIMIENTO,MASCULINO,CAJAMARCA,SAN MIGUEL,5
1100,2023,ENERO,NACIMIENTO,MASCULINO,CAJAMARCA,SAN PABLO,10
1101,2023,ENERO,NACIMIENTO,MASCULINO,CAJAMARCA,SANTA CRUZ,5
1102,2023,ENERO,NACIMIENTO,MASCULINO,CALLAO,CALLAO,1155
1103,2023,ENERO,NACIMIENTO,MASCULINO,CANADA,COLUMBIA BRITANICA,1
1104,2023,ENERO,NACIMIENTO,MASCULINO,CANADA,MANITOBA,1
1105,2023,ENERO,NACIMIENTO,MASCULINO,CANADA,MONTREAL,2
1106,2023,ENERO,NACIMIENTO,MASCULINO,CANADA,QUEBEC,2
1107,2023,ENERO,NACIMIENTO,MASCULINO,CANADA,VANCOUVER,1
1108,2023,ENERO,NACIMIENTO,MASCULINO,CHILE,ARICA,1
1109,2023,ENERO,NACIMIENTO,MASCULINO,CHILE,IQUIQUE,2
1110,2023,ENERO,NACIMIENTO,MASCULINO,CHILE,SANTIAGO,33
1111,2023,ENERO,NACIMIENTO,MASCULINO,COLOMBIA,BOGOTA,2
1112,2023,ENERO,NACIMIENTO,MASCULINO,COLOMBIA,CASANARE,1
1113,2023,ENERO,NACIMIENTO,MASCULINO,COSTA RICA,CARTAGO,1
1114,2023,ENERO,NACIMIENTO,MASCULINO,COSTA RICA,SAN JOSE,1
1115,2023,ENERO,NACIMIENTO,MASCULINO,CUSCO,ACOMAYO,3
1116,2023,ENERO,NACIMIENTO,MASCULINO,CUSCO,ANTA,16
1117,2023,ENERO,NACIMIENTO,MASCULINO,CUSCO,CALCA,7
1118,2023,ENERO,NACIMIENTO,MASCULINO,CUSCO,CANAS,3
1119,2023,ENERO,NACIMIENTO,MASCULINO,CUSCO,CANCHIS,9
1120,2023,ENERO,NACIMIENTO,MASCULINO,CUSCO,CHUMBIVILCAS,4
1121,2023,ENERO,NACIMIENTO,MASCULINO,CUSCO,CUSCO,275
1122,2023,ENERO,NACIMIENTO,MASCULINO,CUSCO,ESPINAR,6
1123,2023,ENERO,NACIMIENTO,MASCULINO,CUSCO,LA CONVENCION,10
1124,2023,ENERO,NACIMIENTO,MASCULINO,CUSCO,PARURO,11
1125,2023,ENERO,NACIMIENTO,MASCULINO,CUSCO,PAUCARTAMBO,2
1126,2023,ENERO,NACIMIENTO,MASCULINO,CUSCO,QUISPICANCHI,14
1127,2023,ENERO,NACIMIENTO,MASCULINO,CUSCO,URUBAMBA,24
1128,2023,ENERO,NACIMIENTO,MASCULINO,ESPAŃA,ALMERIA,3
1129,2023,ENERO,NACIMIENTO,MASCULINO,ESPAŃA,BALEARES,1
1130,2023,ENERO,NACIMIENTO,MASCULINO,ESPAŃA,BARCELONA,14
1131,2023,ENERO,NACIMIENTO,MASCULINO,ESPAŃA,BILBAO,1
1132,2023,ENERO,NACIMIENTO,MASCULINO,ESPAŃA,CANTABRIA,8
1133,2023,ENERO,NACIMIENTO,MASCULINO,ESPAŃA,CASTELLON,2
1134,2023,ENERO,NACIMIENTO,MASCULINO,ESPAŃA,GALICIA,1
1135,2023,ENERO,NACIMIENTO,MASCULINO,ESPAŃA,GERONA,1
1136,2023,ENERO,NACIMIENTO,MASCULINO,ESPAŃA,LA CORUŃA,1
1137,2023,ENERO,NACIMIENTO,MASCULINO,ESPAŃA,MADRID,33
1138,2023,ENERO,NACIMIENTO,MASCULINO,ESPAŃA,MALLORCA,2
1139,2023,ENERO,NACIMIENTO,MASCULINO,ESPAŃA,NAVARRA,3
1140,2023,ENERO,NACIMIENTO,MASCULINO,ESPAŃA,PONTEVEDRA,1
1141,2023,ENERO,NACIMIENTO,MASCULINO,ESPAŃA,SEVILLA,2
1142,2023,ENERO,NACIMIENTO,MASCULINO,ESPAŃA,TARRAGONA,1
1143,2023,ENERO,NACIMIENTO,MASCULINO,ESPAŃA,TOLEDO,1
1144,2023,ENERO,NACIMIENTO,MASCULINO,ESPAŃA,VALENCIA,1
1145,2023,ENERO,NACIMIENTO,MASCULINO,ESPAŃA,VIZCAYA,1
1146,2023,ENERO,NACIMIENTO,MASCULINO,ESTADOS UNIDOS DE AMERICA,ALABAMA,1
1147,2023,ENERO,NACIMIENTO,MASCULINO,ESTADOS UNIDOS DE AMERICA,BOSTON,3
1148,2023,ENERO,NACIMIENTO,MASCULINO,ESTADOS UNIDOS DE AMERICA,CAROLINA DEL NORTE,4
1149,2023,ENERO,NACIMIENTO,MASCULINO,ESTADOS UNIDOS DE AMERICA,CAROLINA DEL SUR,1
1150,2023,ENERO,NACIMIENTO,MASCULINO,ESTADOS UNIDOS DE AMERICA,CHICAGO,1
1151,2023,ENERO,NACIMIENTO,MASCULINO,ESTADOS UNIDOS DE AMERICA,COLORADO,1
1152,2023,ENERO,NACIMIENTO,MASCULINO,ESTADOS UNIDOS DE AMERICA,CONNECTICUT,5
1153,2023,ENERO,NACIMIENTO,MASCULINO,ESTADOS UNIDOS DE AMERICA,DALLAS,5
1154,2023,ENERO,NACIMIENTO,MASCULINO,ESTADOS UNIDOS DE AMERICA,FLORIDA,5
1155,2023,ENERO,NACIMIENTO,MASCULINO,ESTADOS UNIDOS DE AMERICA,FORT LAUDERDALE,2
1156,2023,ENERO,NACIMIENTO,MASCULINO,ESTADOS UNIDOS DE AMERICA,GEORGIA,2
1157,2023,ENERO,NACIMIENTO,MASCULINO,ESTADOS UNIDOS DE AMERICA,HOUSTON,1
1158,2023,ENERO,NACIMIENTO,MASCULINO,ESTADOS UNIDOS DE AMERICA,KANSAS,2
1159,2023,ENERO,NACIMIENTO,MASCULINO,ESTADOS UNIDOS DE AMERICA,LAS VEGAS,1
1160,2023,ENERO,NACIMIENTO,MASCULINO,ESTADOS UNIDOS DE AMERICA,LOS ANGELES,6
1161,2023,ENERO,NACIMIENTO,MASCULINO,ESTADOS UNIDOS DE AMERICA,MARYLAND,6
1162,2023,ENERO,NACIMIENTO,MASCULINO,ESTADOS UNIDOS DE AMERICA,MIAMI,14
1163,2023,ENERO,NACIMIENTO,MASCULINO,ESTADOS UNIDOS DE AMERICA,MICHIGAN,1
1164,2023,ENERO,NACIMIENTO,MASCULINO,ESTADOS UNIDOS DE AMERICA,NUEVA JERSEY,32
1165,2023,ENERO,NACIMIENTO,MASCULINO,ESTADOS UNIDOS DE AMERICA,NUEVA YORK,20
1166,2023,ENERO,NACIMIENTO,MASCULINO,ESTADOS UNIDOS DE AMERICA,ORLANDO,2
1167,2023,ENERO,NACIMIENTO,MASCULINO,ESTADOS UNIDOS DE AMERICA,PATERSON,4
1168,2023,ENERO,NACIMIENTO,MASCULINO,ESTADOS UNIDOS DE AMERICA,PENNSYLVANIA,1
1169,2023,ENERO,NACIMIENTO,MASCULINO,ESTADOS UNIDOS DE AMERICA,SAN DIEGO,1
1170,2023,ENERO,NACIMIENTO,MASCULINO,ESTADOS UNIDOS DE AMERICA,SAN FRANCISCO,13
1171,2023,ENERO,NACIMIENTO,MASCULINO,ESTADOS UNIDOS DE AMERICA,TAMPA,2
1172,2023,ENERO,NACIMIENTO,MASCULINO,ESTADOS UNIDOS DE AMERICA,TEXAS,1
1173,2023,ENERO,NACIMIENTO,MASCULINO,ESTADOS UNIDOS DE AMERICA,UTAH,1
1174,2023,ENERO,NACIMIENTO,MASCULINO,ESTADOS UNIDOS DE AMERICA,VIRGINIA,7
1175,2023,ENERO,NACIMIENTO,MASCULINO,ESTADOS UNIDOS DE AMERICA,WISCONSIN,1
1176,2023,ENERO,NACIMIENTO,MASCULINO,FRANCIA,ILE DE FRANCE,2
1177,2023,ENERO,NACIMIENTO,MASCULINO,FRANCIA,LYON,1
1178,2023,ENERO,NACIMIENTO,MASCULINO,GRAN BRETAŃA,LONDRES,1
1179,2023,ENERO,NACIMIENTO,MASCULINO,HOLANDA,GELDRE,1
1180,2023,ENERO,NACIMIENTO,MASCULINO,HUANCAVELICA,ACOBAMBA,15
1181,2023,ENERO,NACIMIENTO,MASCULINO,HUANCAVELICA,ANGARAES,34
1182,2023,ENERO,NACIMIENTO,MASCULINO,HUANCAVELICA,CASTROVIRREYNA,4
1183,2023,ENERO,NACIMIENTO,MASCULINO,HUANCAVELICA,CHURCAMPA,11
1184,2023,ENERO,NACIMIENTO,MASCULINO,HUANCAVELICA,HUANCAVELICA,53
1185,2023,ENERO,NACIMIENTO,MASCULINO,HUANCAVELICA,HUAYTARA,4
1186,2023,ENERO,NACIMIENTO,MASCULINO,HUANCAVELICA,TAYACAJA,32
1187,2023,ENERO,NACIMIENTO,MASCULINO,HUANUCO,AMBO,18
1188,2023,ENERO,NACIMIENTO,MASCULINO,HUANUCO,DOS DE MAYO,12
1189,2023,ENERO,NACIMIENTO,MASCULINO,HUANUCO,HUACAYBAMBA,1
1190,2023,ENERO,NACIMIENTO,MASCULINO,HUANUCO,HUAMALIES,7
1191,2023,ENERO,NACIMIENTO,MASCULINO,HUANUCO,HUANUCO,107
1192,2023,ENERO,NACIMIENTO,MASCULINO,HUANUCO,LAURICOCHA,8
1193,2023,ENERO,NACIMIENTO,MASCULINO,HUANUCO,LEONCIO PRADO,53
1194,2023,ENERO,NACIMIENTO,MASCULINO,HUANUCO,MARAŃON,3
1195,2023,ENERO,NACIMIENTO,MASCULINO,HUANUCO,PACHITEA,17
1196,2023,ENERO,NACIMIENTO,MASCULINO,HUANUCO,PUERTO INCA,6
1197,2023,ENERO,NACIMIENTO,MASCULINO,HUANUCO,YAROWILCA,8
1198,2023,ENERO,NACIMIENTO,MASCULINO,ICA,CHINCHA,111
1199,2023,ENERO,NACIMIENTO,MASCULINO,ICA,ICA,324
1200,2023,ENERO,NACIMIENTO,MASCULINO,ICA,NASCA,32
1201,2023,ENERO,NACIMIENTO,MASCULINO,ICA,PALPA,3
1202,2023,ENERO,NACIMIENTO,MASCULINO,ICA,PISCO,49
1203,2023,ENERO,NACIMIENTO,MASCULINO,ITALIA,BOLONIA,1
1204,2023,ENERO,NACIMIENTO,MASCULINO,ITALIA,CUNEO,1
1205,2023,ENERO,NACIMIENTO,MASCULINO,ITALIA,FLORENCIA,3
1206,2023,ENERO,NACIMIENTO,MASCULINO,ITALIA,GENOVA,6
1207,2023,ENERO,NACIMIENTO,MASCULINO,ITALIA,LOMBARDIA,2
1208,2023,ENERO,NACIMIENTO,MASCULINO,ITALIA,MARCAS,1
1209,2023,ENERO,NACIMIENTO,MASCULINO,ITALIA,MILAN,10
1210,2023,ENERO,NACIMIENTO,MASCULINO,ITALIA,NAPOLES,1
1211,2023,ENERO,NACIMIENTO,MASCULINO,ITALIA,NOVARA,1
1212,2023,ENERO,NACIMIENTO,MASCULINO,ITALIA,TRIESTE,2
1213,2023,ENERO,NACIMIENTO,MASCULINO,ITALIA,TURIN,2
1214,2023,ENERO,NACIMIENTO,MASCULINO,ITALIA,UMBRIA,2
1215,2023,ENERO,NACIMIENTO,MASCULINO,JAPON,AICHI,2
1216,2023,ENERO,NACIMIENTO,MASCULINO,JAPON,KANAGAWA,1
1217,2023,ENERO,NACIMIENTO,MASCULINO,JAPON,NAGANO,2
1218,2023,ENERO,NACIMIENTO,MASCULINO,JAPON,OKINAWA,1
1219,2023,ENERO,NACIMIENTO,MASCULINO,JAPON,YAMANASHI,1
1220,2023,ENERO,NACIMIENTO,MASCULINO,JUNIN,CHANCHAMAYO,20
1221,2023,ENERO,NACIMIENTO,MASCULINO,JUNIN,CHUPACA,37
1222,2023,ENERO,NACIMIENTO,MASCULINO,JUNIN,CONCEPCION,18
1223,2023,ENERO,NACIMIENTO,MASCULINO,JUNIN,HUANCAYO,386
1224,2023,ENERO,NACIMIENTO,MASCULINO,JUNIN,JAUJA,7
1225,2023,ENERO,NACIMIENTO,MASCULINO,JUNIN,JUNIN,2
1226,2023,ENERO,NACIMIENTO,MASCULINO,JUNIN,SATIPO,15
1227,2023,ENERO,NACIMIENTO,MASCULINO,JUNIN,TARMA,9
1228,2023,ENERO,NACIMIENTO,MASCULINO,JUNIN,YAULI,7
1229,2023,ENERO,NACIMIENTO,MASCULINO,LA LIBERTAD,ASCOPE,25
1230,2023,ENERO,NACIMIENTO,MASCULINO,LA LIBERTAD,CHEPEN,25
1231,2023,ENERO,NACIMIENTO,MASCULINO,LA LIBERTAD,GRAN CHIMU,6
1232,2023,ENERO,NACIMIENTO,MASCULINO,LA LIBERTAD,JULCAN,8
1233,2023,ENERO,NACIMIENTO,MASCULINO,LA LIBERTAD,OTUZCO,16
1234,2023,ENERO,NACIMIENTO,MASCULINO,LA LIBERTAD,PACASMAYO,29
1235,2023,ENERO,NACIMIENTO,MASCULINO,LA LIBERTAD,PATAZ,10
1236,2023,ENERO,NACIMIENTO,MASCULINO,LA LIBERTAD,SANCHEZ CARRION,12
1237,2023,ENERO,NACIMIENTO,MASCULINO,LA LIBERTAD,SANTIAGO DE CHUCO,9
1238,2023,ENERO,NACIMIENTO,MASCULINO,LA LIBERTAD,TRUJILLO,955
1239,2023,ENERO,NACIMIENTO,MASCULINO,LA LIBERTAD,VIRU,51
1240,2023,ENERO,NACIMIENTO,MASCULINO,LAMBAYEQUE,CHICLAYO,532
1241,2023,ENERO,NACIMIENTO,MASCULINO,LAMBAYEQUE,FERREŃAFE,32
1242,2023,ENERO,NACIMIENTO,MASCULINO,LAMBAYEQUE,LAMBAYEQUE,71
1243,2023,ENERO,NACIMIENTO,MASCULINO,LIMA,BARRANCA,48
1244,2023,ENERO,NACIMIENTO,MASCULINO,LIMA,CAJATAMBO,6
1245,2023,ENERO,NACIMIENTO,MASCULINO,LIMA,CANTA,10
1246,2023,ENERO,NACIMIENTO,MASCULINO,LIMA,CAŃETE,121
1247,2023,ENERO,NACIMIENTO,MASCULINO,LIMA,HUARAL,67
1248,2023,ENERO,NACIMIENTO,MASCULINO,LIMA,HUAROCHIRI,64
1249,2023,ENERO,NACIMIENTO,MASCULINO,LIMA,HUAURA,101
1250,2023,ENERO,NACIMIENTO,MASCULINO,LIMA,LIMA,14700
1251,2023,ENERO,NACIMIENTO,MASCULINO,LIMA,OYON,6
1252,2023,ENERO,NACIMIENTO,MASCULINO,LIMA,YAUYOS,5
1253,2023,ENERO,NACIMIENTO,MASCULINO,LORETO,ALTO AMAZONAS,29
1254,2023,ENERO,NACIMIENTO,MASCULINO,LORETO,DATEM DEL MARAŃON,3
1255,2023,ENERO,NACIMIENTO,MASCULINO,LORETO,LORETO,10
1256,2023,ENERO,NACIMIENTO,MASCULINO,LORETO,MARISCAL RAMON CASTILLA,6
1257,2023,ENERO,NACIMIENTO,MASCULINO,LORETO,MAYNAS,280
1258,2023,ENERO,NACIMIENTO,MASCULINO,LORETO,PUTUMAYO,3
1259,2023,ENERO,NACIMIENTO,MASCULINO,LORETO,REQUENA,3
1260,2023,ENERO,NACIMIENTO,MASCULINO,LORETO,UCAYALI,3
1261,2023,ENERO,NACIMIENTO,MASCULINO,MADRE DE DIOS,MANU,2
1262,2023,ENERO,NACIMIENTO,MASCULINO,MADRE DE DIOS,TAHUAMANU,5
1263,2023,ENERO,NACIMIENTO,MASCULINO,MADRE DE DIOS,TAMBOPATA,35
1264,2023,ENERO,NACIMIENTO,MASCULINO,MEXICO,CIUDAD DE MEXICO,4
1265,2023,ENERO,NACIMIENTO,MASCULINO,MEXICO,ESTADO DE MEXICO,1
1266,2023,ENERO,NACIMIENTO,MASCULINO,MEXICO,GUADALAJARA,1
1267,2023,ENERO,NACIMIENTO,MASCULINO,MEXICO,JALISCO,1
1268,2023,ENERO,NACIMIENTO,MASCULINO,MEXICO,PUEBLA,1
1269,2023,ENERO,NACIMIENTO,MASCULINO,MOQUEGUA,GENERAL SANCHEZ CERRO,2
1270,2023,ENERO,NACIMIENTO,MASCULINO,MOQUEGUA,ILO,11
1271,2023,ENERO,NACIMIENTO,MASCULINO,MOQUEGUA,MARISCAL NIETO,22
1272,2023,ENERO,NACIMIENTO,MASCULINO,NUEVA ZELANDA,OTAGO,1
1273,2023,ENERO,NACIMIENTO,MASCULINO,PARAGUAY,CENTRAL,1
1274,2023,ENERO,NACIMIENTO,MASCULINO,PASCO,DANIEL ALCIDES CARRION,3
1275,2023,ENERO,NACIMIENTO,MASCULINO,PASCO,OXAPAMPA,13
1276,2023,ENERO,NACIMIENTO,MASCULINO,PASCO,PASCO,39
1277,2023,ENERO,NACIMIENTO,MASCULINO,PIURA,AYABACA,26
1278,2023,ENERO,NACIMIENTO,MASCULINO,PIURA,HUANCABAMBA,9
1279,2023,ENERO,NACIMIENTO,MASCULINO,PIURA,MORROPON,37
1280,2023,ENERO,NACIMIENTO,MASCULINO,PIURA,PAITA,41
1281,2023,ENERO,NACIMIENTO,MASCULINO,PIURA,PIURA,362
1282,2023,ENERO,NACIMIENTO,MASCULINO,PIURA,SECHURA,18
1283,2023,ENERO,NACIMIENTO,MASCULINO,PIURA,SULLANA,121
1284,2023,ENERO,NACIMIENTO,MASCULINO,PIURA,TALARA,39
1285,2023,ENERO,NACIMIENTO,MASCULINO,PORTUGAL,PORTO,1
1286,2023,ENERO,NACIMIENTO,MASCULINO,PUNO,AZANGARO,5
1287,2023,ENERO,NACIMIENTO,MASCULINO,PUNO,CARABAYA,4
1288,2023,ENERO,NACIMIENTO,MASCULINO,PUNO,CHUCUITO,8
1289,2023,ENERO,NACIMIENTO,MASCULINO,PUNO,EL COLLAO,4
1290,2023,ENERO,NACIMIENTO,MASCULINO,PUNO,HUANCANE,2
1291,2023,ENERO,NACIMIENTO,MASCULINO,PUNO,LAMPA,1
1292,2023,ENERO,NACIMIENTO,MASCULINO,PUNO,MELGAR,4
1293,2023,ENERO,NACIMIENTO,MASCULINO,PUNO,MOHO,2
1294,2023,ENERO,NACIMIENTO,MASCULINO,PUNO,PUNO,32
1295,2023,ENERO,NACIMIENTO,MASCULINO,PUNO,SAN ANTONIO DE PUTINA,1
1296,2023,ENERO,NACIMIENTO,MASCULINO,PUNO,SAN ROMAN,54
1297,2023,ENERO,NACIMIENTO,MASCULINO,PUNO,SANDIA,3
1298,2023,ENERO,NACIMIENTO,MASCULINO,PUNO,YUNGUYO,4
1299,2023,ENERO,NACIMIENTO,MASCULINO,REPUBLICA DE COREA,SEUL,1
1300,2023,ENERO,NACIMIENTO,MASCULINO,REPUBLICA DOMINICANA,LA VEGA,1
1301,2023,ENERO,NACIMIENTO,MASCULINO,REPUBLICA DOMINICANA,SANTO DOMINGO,1
1302,2023,ENERO,NACIMIENTO,MASCULINO,RUSIA,MOSCU,1
1303,2023,ENERO,NACIMIENTO,MASCULINO,SAN MARTIN,BELLAVISTA,3
1304,2023,ENERO,NACIMIENTO,MASCULINO,SAN MARTIN,EL DORADO,5
1305,2023,ENERO,NACIMIENTO,MASCULINO,SAN MARTIN,HUALLAGA,5
1306,2023,ENERO,NACIMIENTO,MASCULINO,SAN MARTIN,LAMAS,8
1307,2023,ENERO,NACIMIENTO,MASCULINO,SAN MARTIN,MARISCAL CACERES,15
1308,2023,ENERO,NACIMIENTO,MASCULINO,SAN MARTIN,MOYOBAMBA,21
1309,2023,ENERO,NACIMIENTO,MASCULINO,SAN MARTIN,PICOTA,10
1310,2023,ENERO,NACIMIENTO,MASCULINO,SAN MARTIN,RIOJA,47
1311,2023,ENERO,NACIMIENTO,MASCULINO,SAN MARTIN,SAN MARTIN,57
1312,2023,ENERO,NACIMIENTO,MASCULINO,SAN MARTIN,TOCACHE,17
1313,2023,ENERO,NACIMIENTO,MASCULINO,SUDAFRICA,EL CABO ORIENTAL,1
1314,2023,ENERO,NACIMIENTO,MASCULINO,SUECIA,ESTOCOLMO,1
1315,2023,ENERO,NACIMIENTO,MASCULINO,SUIZA,GINEBRA,1
1316,2023,ENERO,NACIMIENTO,MASCULINO,SUIZA,ZURICH,1
1317,2023,ENERO,NACIMIENTO,MASCULINO,TACNA,CANDARAVE,2
1318,2023,ENERO,NACIMIENTO,MASCULINO,TACNA,JORGE BASADRE,9
1319,2023,ENERO,NACIMIENTO,MASCULINO,TACNA,TACNA,108
1320,2023,ENERO,NACIMIENTO,MASCULINO,TACNA,TARATA,6
1321,2023,ENERO,NACIMIENTO,MASCULINO,TUMBES,CONTRALMIRANTE VILLAR,8
1322,2023,ENERO,NACIMIENTO,MASCULINO,TUMBES,TUMBES,139
1323,2023,ENERO,NACIMIENTO,MASCULINO,TUMBES,ZARUMILLA,19
1324,2023,ENERO,NACIMIENTO,MASCULINO,UCAYALI,ATALAYA,2
1325,2023,ENERO,NACIMIENTO,MASCULINO,UCAYALI,CORONEL PORTILLO,193
1326,2023,ENERO,NACIMIENTO,MASCULINO,UCAYALI,PADRE ABAD,10
1327,2023,ENERO,NACIMIENTO,MASCULINO,URUGUAY,MONTEVIDEO,1
1328,2023,ENERO,NACIMIENTO,MASCULINO,VENEZUELA,CARACAS,2
1329,2023,ENERO,NACIMIENTO,MASCULINO,VENEZUELA,YARACUY,1
